epoch,train_loss,val_loss,lr,train_mean_return,train_cvar,train_turnover,train_volatility,train_vol_excess,train_weight_path,train_diversify,val_mean_return,val_cvar,val_turnover,val_volatility,val_vol_excess,val_weight_path,val_diversify
1,0.017232600759598427,-0.0033177633304148912,0.0003,0.0012571276020025834,0.0013597243232652545,0.01912875659763813,0.00027088770002592355,0.019034087657928467,0.0005933499778620899,0.0,0.0022242513950914145,0.0023110993206501007,0.0,0.00012407527538016438,0.0,0.0,0.0
2,0.011478367989184335,-0.003305360907688737,2.9999999999999997e-05,0.0014340779016492888,0.0015310817689169198,0.01696452498435974,0.0002625969718792476,0.013546638190746307,0.0004978334764018655,0.0,0.002215799642726779,0.002302576322108507,0.0,0.0001234537921845913,0.0,0.0,0.0
3,0.015541634864348453,-0.003295274218544364,2.9999999999999997e-05,0.0008854566622176208,0.0009938336734194309,0.01717299595475197,0.0002539268425607588,0.01679699867963791,0.00047597443335689604,0.0,0.002208926249295473,0.0022956463508307934,0.0,0.00012295048509258777,0.0,0.0,0.0
4,0.012037401742418297,-0.0032845386303961277,2.9999999999999997e-05,0.0016868124657776207,0.0017943679777090438,0.016737280413508415,0.00023601656357641332,0.014503344893455505,0.00045333597518038005,0.0,0.0022016121074557304,0.002288270276039839,0.0,0.00012241731747053564,0.0,0.0,0.0
5,0.011999197842669673,-0.0032722167670726776,2.9999999999999997e-05,0.00183711716090329,0.0019291671342216432,0.016928373835980892,0.0002693985552468803,0.014666147530078888,0.0005215119454078376,0.0,0.002193218097090721,0.0022798068821430206,0.0,0.00012180965131847188,0.0,0.0,0.0
6,0.008820051793009043,-0.003259285120293498,2.9999999999999997e-05,0.0005669491292792372,0.000653503040666692,0.016836139373481274,0.0002562456065788865,0.009585581719875336,0.0004778452275786549,0.0,0.0021844101138412952,0.002270926022902131,0.0,0.00012117598089389503,0.0,0.0,0.0
7,0.05140483579816646,-0.003247717162594199,2.9999999999999997e-05,0.0014245385973481461,0.0015225062816170976,0.01696014031767845,0.0003776701014430728,0.05340174585580826,0.0004702534934040159,0.0,0.0021765315905213356,0.0022629830054938793,0.0,0.00012061199959134683,0.0,0.0,0.0
8,0.07215124604408629,-0.0032355603761970997,2.9999999999999997e-05,0.0019359264188096859,0.0020326102676335722,0.016306346282362938,0.0004540638838079758,0.07487639784812927,0.0004527989658527076,0.0,0.0021682530641555786,0.0022546364925801754,0.0,0.00012002193398075178,0.0,0.0,0.0
9,0.01021635893266648,-0.0032216047402471304,2.9999999999999997e-05,0.00030466244788840413,0.0004016531311208382,0.017226943746209145,0.00023400139980367385,0.010604798793792725,0.0004818380402866751,0.0,0.002158751478418708,0.0022450576070696115,0.0,0.00011935135262319818,0.0,0.0,0.0
10,0.005351981002604589,-0.0032087371218949556,2.9999999999999997e-05,0.0014883416588418186,0.0015854761586524546,0.01741782668977976,0.00024184542417060584,0.007512085139751434,0.0005245207576081157,0.0,0.002149991923943162,0.0022362289018929005,0.0,0.00011873849871335551,0.0,0.0,0.0
11,0.004250869737006724,-0.003197513520717621,2.9999999999999997e-05,0.00151709423516877,0.0016048392280936241,0.017034473828971386,0.0002249964418297168,0.00645783543586731,0.0004980382800567895,0.0,0.0021423520520329475,0.0022285303566604853,0.0,0.00011820695362985134,0.0,0.0,0.0
12,0.011412945852498524,-0.0031875092536211014,2.9999999999999997e-05,0.0005882848054170609,0.00067126213980373,0.01771499589085579,0.0002529244084144011,0.012210346758365631,0.0005272078851703554,0.0,0.0021355419885367155,0.0022216690704226494,0.0,0.00011773452570196241,0.0,0.0,0.0
13,0.005346609174011974,-0.00317568052560091,2.9999999999999997e-05,0.0017251474491786212,0.0018140385654987767,0.01745923049747944,0.00024612761990283616,0.00785566121339798,0.0005112912331242114,0.0,0.002127490472048521,0.0022135567851364613,0.0,0.00011717677989508957,0.0,0.0,0.0
14,0.01760853483574465,-0.0031642375979572535,2.9999999999999997e-05,0.0012419868216966279,0.0013278899605211336,0.018145415000617504,0.000276651575404685,0.019376084208488464,0.0005642387259285897,0.0,0.0021197020541876554,0.002205709693953395,0.0,0.00011663846089504659,0.0,0.0,0.0
15,0.009030961511598434,-0.0031518549658358097,2.9999999999999997e-05,0.0009555019641993567,0.0010589926969259977,0.017925438471138477,0.00022709212498739362,0.010402359068393707,0.0005454463534988463,0.0,0.0021112754475325346,0.002197220688685775,0.0,0.00011606138286879286,0.0,0.0,0.0
16,0.008618525942438282,-0.0031395116820931435,2.9999999999999997e-05,0.0007872067217249423,0.0008887161529855803,0.01951376162469387,0.0002387818749411963,0.009730637073516846,0.0006316856306511909,0.0,0.0021028760820627213,0.0021887640468776226,0.0,0.00011549264308996499,0.0,0.0,0.0
17,0.008770954849751433,-0.003127594944089651,2.9999999999999997e-05,0.001277739938814193,0.0013810392119921744,0.018495636992156506,0.0002547826079535298,0.010611765086650848,0.0005839889345224947,0.0,0.002094769151881337,0.0021806019358336926,0.0,0.0001149503659689799,0.0,0.0,0.0
18,0.04831732668390032,-0.0031148018315434456,2.9999999999999997e-05,0.0020227002241881564,0.002123383921571076,0.01893018279224634,0.0003612430446082726,0.05122103542089462,0.0006116391159594059,0.0,0.0020860680378973484,0.0021718377247452736,0.0,0.00011436999920988455,0.0,0.0,0.0
19,0.005441549583338201,-0.0030994731932878494,2.9999999999999997e-05,0.0013731253566220403,0.001457398961065337,0.018147599883377552,0.000234297269344097,0.007426172494888306,0.0005336006579454988,0.0,0.0020756449084728956,0.0021613328717648983,0.0,0.00011367635306669399,0.0,0.0,0.0
20,0.0017426515114493668,-0.0030841382686048746,2.9999999999999997e-05,0.0010552765015745535,0.0011475322826299816,0.020110435783863068,0.00021484456374309957,0.003264203667640686,0.0006830839265603572,0.0,0.0020652669481933117,0.0021507306955754757,0.0,0.00011298783647362143,0.0,0.0,0.0
21,0.0038231700673350133,-0.0030714136082679033,2.9999999999999997e-05,0.0009925598715199158,0.0010939521307591349,0.018544231541454792,0.00023991203124751337,0.005242690443992615,0.0005966072785668075,0.0,0.00205675489269197,0.0021417438983917236,0.0,0.00011242641630815342,0.0,0.0,0.0
22,0.0029734311101492494,-0.0030604132916778326,2.9999999999999997e-05,0.000800088222604245,0.0008965576853370294,0.01942217256873846,0.0002275214865221642,0.004107974469661713,0.0006313993653748184,0.0,0.0020493960473686457,0.002133977133780718,0.0,0.0001119428634410724,0.0,0.0,0.0
23,0.001411374716553837,-0.003050048602744937,2.9999999999999997e-05,0.0011127881880383939,0.0012007754849037156,0.021343618631362915,0.00021360464597819373,0.0030176714062690735,0.0007714013627264649,0.0,0.002042460488155484,0.002126664388924837,0.0,0.00011148798512294888,0.0,0.0,0.0
24,0.0022584918624488637,-0.0030412606429308653,2.9999999999999997e-05,0.0012934644764754921,0.0013952169101685286,0.01843960117548704,0.00021982085672789253,0.004139594733715057,0.000598573184106499,0.0,0.002036578254774213,0.0021204680670052767,0.0,0.00011110359628219157,0.0,0.0,0.0
25,0.001274112903047353,-0.00303356209769845,2.9999999999999997e-05,0.0011138012414448895,0.001209744848893024,0.019917570985853672,0.00020924075579387136,0.002888098359107971,0.0006779465184081346,0.0,0.0020314271096140146,0.002115038689225912,0.0,0.00011076861119363457,0.0,0.0,0.0
26,0.005337217065971345,-0.0030252342112362385,2.9999999999999997e-05,0.0010492106666788459,0.0011332274007145315,0.018803248181939125,0.00023685689666308463,0.006834551692008972,0.0006169280095491558,0.0,0.002025855705142021,0.002109162276610732,0.0,0.00011040551180485636,0.0,0.0,0.0
27,0.048193287548201624,-0.003016088157892227,2.9999999999999997e-05,0.0015372148882306647,0.00162074166291859,0.019403578713536263,0.00035156022931914777,0.05036503076553345,0.0006115910364314914,0.0,0.002019737381488085,0.0021027098409831524,0.0,0.00011000807717209682,0.0,0.0,0.0
28,0.006017103209160268,-0.003004655474796891,2.9999999999999997e-05,0.001197694247821346,0.0012847350008087233,0.020251790061593056,0.00021627944806823507,0.007748953998088837,0.0007098521164152771,0.0,0.0020120900589972734,0.0020946466829627752,0.0,0.00010951566218864173,0.0,0.0,0.0
29,0.0008831181185087189,-0.0029960155952721834,2.9999999999999997e-05,0.0005083399591967463,0.0005999285858706571,0.019597253762185574,0.00021095920965308324,0.0015858784317970276,0.0006430731737054884,0.0,0.002006311435252428,0.00208855327218771,0.0,0.00010914488666458055,0.0,0.0,0.0
30,0.006278296641539782,-0.0029877598863095045,2.9999999999999997e-05,0.00069045351119712,0.0007901164644863456,0.019100003875792027,0.000226342017413117,0.007250577211380005,0.0006021432345733047,0.0,0.0020007898565381765,0.0020827315747737885,0.0,0.00010879159526666626,0.0,0.0,0.0
31,0.0037457804719451815,-0.0029777942690998316,2.9999999999999997e-05,0.0010962059313897043,0.0011822216038126498,0.018311494030058384,0.00021572855621343479,0.0053251758217811584,0.0005711539415642619,0.0,0.0019941257778555155,0.00207570381462574,0.0,0.00010836695582838729,0.0,0.0,0.0
32,0.007550954473117599,-0.0029696431010961533,2.9999999999999997e-05,0.0008978538971859962,0.0009902565943775699,0.020148745737969875,0.0002146978076780215,0.008836522698402405,0.0006558708555530757,0.0,0.0019886756781488657,0.0020699563901871443,0.0,0.00010802128235809505,0.0,0.0,0.0
33,0.002357852054046816,-0.002960890531539917,2.9999999999999997e-05,0.0011772504876716994,0.0012735345444525592,0.020812470465898514,0.00021285686671035364,0.004065372049808502,0.00069228041684255,0.0,0.001982823247089982,0.002063786145299673,0.0,0.00010765151819214225,0.0,0.0,0.0
34,0.003554612776497379,-0.0029524504207074642,2.9999999999999997e-05,0.0009086114732781425,0.0009931561289704405,0.01917024701833725,0.00021693210146622732,0.0048512741923332214,0.0006177410832606256,0.0,0.001977180363610387,0.002057836391031742,0.0,0.00010729608038673177,0.0,0.0,0.0
35,0.00260517091373913,-0.0029447649139910936,2.9999999999999997e-05,0.0004893606528639793,0.0005863198894076049,0.021396473050117493,0.00020812172442674637,0.003283552825450897,0.0007794093689881265,0.0,0.0019720420241355896,0.0020524184219539165,0.0,0.00010697266407078132,0.0,0.0,0.0
36,0.007931699543405557,-0.0029364798683673143,2.9999999999999997e-05,0.0009867836997727863,0.0010653765421011485,0.021396106109023094,0.0002317172875336837,0.009335234761238098,0.000776011700509116,0.0,0.0019664918072521687,0.0020466006826609373,0.0,0.00010662485874490812,0.0,0.0,0.0
37,0.004596786558977328,-0.0029269002843648195,2.9999999999999997e-05,0.0008079528452071827,0.000894221433554776,0.02052465733140707,0.00021736209600931033,0.005743101239204407,0.0006761988042853773,0.0,0.0019599716179072857,0.0020400744397193193,0.0,0.0001062168666976504,0.0,0.0,0.0
38,0.002345061337109655,-0.002917624544352293,2.9999999999999997e-05,0.0007601697143400088,0.0008478044182993472,0.017864413559436798,0.00020756362937390804,0.003425300121307373,0.0005118398985359818,0.0,0.0019536588806658983,0.002033754950389266,0.0,0.0001058236084645614,0.0,0.0,0.0
39,0.002497240639058873,-0.002907975111156702,2.9999999999999997e-05,0.0009311842732131481,0.0010169008892262354,0.02176268119364977,0.00022223104679142125,0.0038256794214248657,0.0008033870253711939,0.0,0.0019470923580229282,0.0020271821413189173,0.0,0.00010541637311689556,0.0,0.0,0.0
40,0.003130805620457977,-0.002899937564507127,2.9999999999999997e-05,0.0006211331492522731,0.0007059305789880455,0.021358315832912922,0.00020406953990459442,0.004002794623374939,0.000748406833736226,0.0,0.0019416228169575334,0.002021708060055971,0.0,0.00010507868137210608,0.0,0.0,0.0
41,0.0041650184721220285,-0.002891674404963851,2.9999999999999997e-05,9.517031139694154e-05,0.00018573530542198569,0.021253792569041252,0.00019257894018664956,0.004256688058376312,0.0007880596676841378,0.0,0.0019360006554052234,0.0020160803105682135,0.0,0.00010473303700564429,0.0,0.0,0.0
42,-5.447499279398471e-05,-0.002883221721276641,2.9999999999999997e-05,0.0008960492050391622,0.0009825336455833167,0.02159940544515848,0.00021443776495289057,0.0012255460023880005,0.0007619847019668669,0.0,0.0019302499713376164,0.0020103242713958025,0.0,0.00010438081517349929,0.0,0.0,0.0
43,0.04353603300114628,-0.002876299899071455,2.9999999999999997e-05,0.0014380204665940255,0.0015239164495142177,0.020671947859227657,0.0003273535330663435,0.04557226598262787,0.000706665130564943,0.0,0.001925540855154395,0.0020056115463376045,0.0,0.00010409342212369666,0.0,0.0,0.0
44,0.011001509832567535,-0.0028674157802015543,2.9999999999999997e-05,0.0012545615754788741,0.0013409185339696705,0.020930547267198563,0.00023975499789230525,0.01280657947063446,0.0007370904495473951,0.0,0.0019194972701370716,0.0019995630718767643,0.0,0.00010372596443630755,0.0,0.0,0.0
45,0.006922935150214471,-0.0028567728586494923,2.9999999999999997e-05,0.0007326814302359708,0.0008156946423696354,0.02088006492704153,0.00021488456332008354,0.007955946028232574,0.0007565328851342201,0.0,0.0019122580997645855,0.0019923169165849686,0.0,0.00010328762436984107,0.0,0.0,0.0
46,-0.0013912637950852513,-0.0028491527773439884,2.9999999999999997e-05,0.0009633594017941505,0.00105074884777423,0.02081327699124813,0.00019479950788081624,0.0,0.0007030097476672381,0.0,0.0019070754060521722,0.001987128984183073,0.0,0.00010297443077433854,0.0,0.0,0.0
47,0.003168548661051318,-0.002842219779267907,2.9999999999999997e-05,0.000585610483540222,0.0006671833689324558,0.021663809195160866,0.00022079345944803208,0.003977276384830475,0.0007755303231533617,0.0,0.0019023602362722158,0.001982409507036209,0.0,0.00010269061021972448,0.0,0.0,0.0
48,0.013873894466087222,-0.0028361515142023563,2.9999999999999997e-05,0.0016406052163802087,0.0017287076043430716,0.021613914519548416,0.00024533448231522925,0.01625610888004303,0.0007749227806925774,0.0,0.0018982330802828074,0.0019782795570790768,0.0,0.00010244280565530062,0.0,0.0,0.0
49,-0.002478305745171383,-0.002829663222655654,2.9999999999999997e-05,0.0016910822014324367,0.0017736560548655689,0.022333885543048382,0.00019904209329979494,0.0,0.0008340015483554453,0.0,0.001893821288831532,0.001973862526938319,0.0,0.0001021785064949654,0.0,0.0,0.0
50,-0.0016211946622206597,-0.0028254049830138683,2.9999999999999997e-05,0.0011223115070606582,0.0012026765070913825,0.021596049889922142,0.00020475015116971917,0.0,0.0007996416534297168,0.0,0.0018909255741164088,0.001970964251086116,0.0,0.00010200549149885774,0.0,0.0,0.0
51,-0.002008344599744305,-0.0028226005379110575,2.9999999999999997e-05,0.0013746275471930858,0.0014591984727303497,0.02336114551872015,0.0001915852990350686,0.0,0.0008959511760622263,0.0,0.0018890189239755273,0.0019690552726387978,0.0,0.00010189172462560236,0.0,0.0,0.0
52,0.0005723121284972876,-0.0028191900346428156,2.9999999999999997e-05,0.0019982534286100417,0.0020757310994667932,0.02163205947726965,0.00018030246428679675,0.0035182014107704163,0.0007862558704800904,0.0,0.001886699814349413,0.0019667339511215687,0.0,0.00010175362695008516,0.0,0.0,0.0
53,-0.0024150700701284222,-0.0028157131746411324,2.9999999999999997e-05,0.0016433244236395694,0.0017323377833236009,0.020644521340727806,0.0001887075304694008,0.0,0.0006946732755750418,0.0,0.0018843358848243952,0.0019643676932901144,0.0,0.00010161309910472482,0.0,0.0,0.0
54,0.023867763215093873,-0.0028119331691414118,2.9999999999999997e-05,0.001656134489167016,0.0017469091981183738,0.022736551240086555,0.0002649324233061634,0.026264801621437073,0.000852341006975621,0.0,0.001881765783764422,0.00196179561316967,0.0,0.00010146053682547063,0.0,0.0,0.0
55,-0.0013857389858458191,-0.002805691445246339,2.9999999999999997e-05,0.0009586926316842437,0.0010485642706044018,0.0219725351780653,0.00019431110195000656,0.0,0.0008026739815250039,0.0,0.0018775217467918992,0.00195754854939878,0.0,0.00010120919614564627,0.0,0.0,0.0
56,0.00014046340947970748,-0.0028003212064504623,2.9999999999999997e-05,0.0013288922782521695,0.001421988825313747,0.02192967850714922,0.0001888648621388711,0.0020858347415924072,0.0008280347683466971,0.0,0.0018738703802227974,0.0019538949709385633,0.0,0.00010099347855430096,0.0,0.0,0.0
57,0.002105452469550073,-0.002794204978272319,2.9999999999999997e-05,0.0002756451503955759,0.00036952168738935143,0.02453010343015194,0.00020645778204197995,0.002462528645992279,0.0010121179511770606,0.0,0.001869712257757783,0.001949734054505825,0.0,0.00010074850433738902,0.0,0.0,0.0
58,0.01870918189524673,-0.0027858649846166372,2.9999999999999997e-05,0.0011878358091053087,0.0012610127159859985,0.02326915506273508,0.00025364362954860553,0.02040061354637146,0.0008824044489301741,0.0,0.001864042948000133,0.0019440598553046584,0.0,0.00010041550558526069,0.0,0.0,0.0
59,-0.002270950601086952,-0.0027746143750846386,2.9999999999999997e-05,0.0020198756246827543,0.002105291423504241,0.022990603931248188,0.00021103534527355805,0.0006959661841392517,0.000870746880536899,0.0,0.0018563957419246435,0.0019364060135558248,0.0,9.996855078497902e-05,0.0,0.0,0.0
60,0.0016063283110270277,-0.0027659388724714518,2.9999999999999997e-05,0.0008029358959902311,0.0008890931494534016,0.022830190137028694,0.0002114713061018847,0.0027479901909828186,0.0008480978722218424,0.0,0.0018504997715353966,0.0019305037567391992,0.0,9.962559124687687e-05,0.0,0.0,0.0
61,-0.000981557914201403,-0.0027592391707003117,2.9999999999999997e-05,0.0006873769525554962,0.0007770593583700247,0.02285526879131794,0.00018851947243092582,0.0,0.0008893452759366482,0.0,0.001845945487730205,0.0019259481923654675,0.0,9.936099377227947e-05,0.0,0.0,0.0
62,0.03013826628011884,-0.0027532875537872314,2.9999999999999997e-05,0.0017522738999105059,0.0018387178279226646,0.022444821894168854,0.0002764496784948278,0.03267159312963486,0.0008142559963744134,0.0,0.0018419006373733282,0.0019219005480408669,0.0,9.912674431689084e-05,0.0,0.0,0.0
63,0.001826547842938453,-0.0027427030727267265,2.9999999999999997e-05,0.00038715625123586506,0.00045379535004030913,0.024004009552299976,0.0002020566098508425,0.002339482307434082,0.0009104895871132612,0.0,0.001834707334637642,0.0019147032871842384,0.0,9.871173824649304e-05,0.0,0.0,0.0
64,-0.0006698801880702376,-0.002735662506893277,2.9999999999999997e-05,0.00048044406867120415,0.0005661255127051845,0.02338546607643366,0.00018706530681811273,0.0,0.000940182595513761,0.0,0.0018299227813258767,0.0019099174533039331,0.0,9.84378857538104e-05,0.0,0.0,0.0
65,-0.00025281218040618114,-0.0027309684082865715,2.9999999999999997e-05,0.00020261903409846127,0.00028621316960197873,0.023667232133448124,0.00018564422862255014,0.0,0.0009130518592428416,0.0,0.001826733467169106,0.0019067269749939442,0.0,9.825733286561444e-05,0.0,0.0,0.0
66,-0.0019569650321500376,-0.002727911341935396,2.9999999999999997e-05,0.001338137109996751,0.0014182283775880933,0.022782055661082268,0.00018039986389339902,0.0,0.0008636901038698852,0.0,0.0018246568506583571,0.001904649194329977,0.0,9.814012446440756e-05,0.0,0.0,0.0
67,-0.0017060448772099335,-0.0027259604539722204,2.9999999999999997e-05,0.0011748320830520242,0.0012629191114683636,0.024884658865630627,0.00020029086954309605,0.0,0.0010127369896508753,0.0,0.0018233314622193575,0.001903323456645012,0.0,9.806544403545558e-05,0.0,0.0,0.0
68,0.001003427772957366,-0.0027230330742895603,2.9999999999999997e-05,0.0012383958674035966,0.0013219217653386295,0.02242620848119259,0.00017613166528462898,0.0028146281838417053,0.0009056203416548669,0.0,0.0018213428556919098,0.0019013341516256332,0.0,9.795364894671366e-05,0.0,0.0,0.0
69,0.001989093503652839,-0.0027192707639187574,2.9999999999999997e-05,0.0008056905971898232,0.000886253961652983,0.023707401007413864,0.0002107376858475618,0.003132447600364685,0.0009464561589993536,0.0,0.0018187876557931304,0.00189877743832767,0.0,9.781122935237363e-05,0.0,0.0,0.0
70,-0.001824897452024743,-0.0027156169526278973,2.9999999999999997e-05,0.0012595951411640272,0.0013308209599927068,0.023584737442433834,0.00020001950906589627,0.0,0.000983600679319352,0.0,0.0018163068452849984,0.0018962942995131016,0.0,9.76740921032615e-05,0.0,0.0,0.0
71,0.0009339108364656568,-0.0027117424178868532,2.9999999999999997e-05,0.00017194412066601217,0.0002457411465002224,0.022936980240046978,0.00020031549865962006,0.0011284798383712769,0.0008796587062533945,0.0,0.0018136762082576752,0.001893659820780158,0.0,9.752775804372504e-05,0.0,0.0,0.0
72,-0.0007394910790026188,-0.0027079624123871326,2.9999999999999997e-05,0.0005254519637674093,0.0006139538309071213,0.02460636291652918,0.0001856574381235987,0.0,0.0010906645911745727,0.0,0.0018111076205968857,0.0018910907674580812,0.0,9.738101653056219e-05,0.0,0.0,0.0
73,-0.001312416308792308,-0.0027055174577981234,2.9999999999999997e-05,0.0009073362598428503,0.0009950865933205932,0.025105779990553856,0.0001847163548518438,0.0,0.0010508227278478444,0.0,0.0018094463739544153,0.001889428123831749,0.0,9.728607255965471e-05,0.0,0.0,0.0
74,0.019709890693775378,-0.002702183322981,2.9999999999999997e-05,0.0016896010565687902,0.0017735000656102784,0.026220680214464664,0.0002458059025229886,0.022163227200508118,0.001114353712182492,0.0,0.0018071808153763413,0.0018871615175157785,0.0,9.715672058518976e-05,0.0,0.0,0.0
75,-0.0018690620781853795,-0.0026956854853779078,2.9999999999999997e-05,0.001282116849324666,0.0013658388197654858,0.022923764772713184,0.00019177097419742495,0.0,0.0008873257029335946,0.0,0.0018027666956186295,0.0018827460007742047,0.0,9.690818842500448e-05,0.0,0.0,0.0
76,-0.0016839175295899622,-0.002691421424970031,2.9999999999999997e-05,0.0011577487603062764,0.001242480291693937,0.023271231912076473,0.00018995603386429138,0.0,0.0009343153797090054,0.0,0.0017998701659962535,0.0018798485398292542,0.0,9.67460437095724e-05,0.0,0.0,0.0
77,-0.0008834991604089737,-0.0026886195410043,2.9999999999999997e-05,0.0006169060652609915,0.000706789520336315,0.024557828903198242,0.00017340532940579578,0.0,0.000989105086773634,0.0,0.0017979672411456704,0.0018779449164867401,0.0,9.663990931585431e-05,0.0,0.0,0.0
78,8.267839439213276e-05,-0.0026867887936532497,2.9999999999999997e-05,-2.5207220460288227e-05,5.793891614302993e-05,0.02277821023017168,0.00017270708667638246,0.0,0.0008720218611415476,0.0,0.0017967235762625933,0.0018767009023576975,0.0,9.65705476119183e-05,0.0,0.0,0.0
79,0.0002107808250002563,-0.002682819264009595,2.9999999999999997e-05,0.0009130960388574749,0.000997602372081019,0.024153076112270355,0.0001725823003653204,0.0015362948179244995,0.0009208986593876034,0.0,0.0017940278630703688,0.0018740033265203238,0.0,9.642037184676155e-05,0.0,0.0,0.0
80,-0.0016756603145040572,-0.002679504919797182,2.9999999999999997e-05,0.0011501270782900974,0.0012298090005060658,0.022843734361231327,0.00017856112390290946,0.0,0.0009066220954991877,0.0,0.0017917767399922013,0.0018717511557042599,0.0,9.629516716813669e-05,0.0,0.0,0.0
81,-0.00011659090523608029,-0.002677388722077012,2.9999999999999997e-05,0.00011012787581421435,0.0001818419259507209,0.02474730648100376,0.0001687109179329127,0.0,0.0010246174060739577,0.0,0.0017903397092595696,0.0018703131936490536,0.0,9.621537901693955e-05,0.0,0.0,0.0
82,-0.0011876675034727668,-0.0026760445907711983,2.9999999999999997e-05,0.0008265800424851477,0.000907206631381996,0.02511385641992092,0.00018482483210391365,0.0,0.0010341299348510802,0.0,0.0017894268967211246,0.001869400148279965,0.0,9.616452734917402e-05,0.0,0.0,0.0
83,-0.0005234122218098491,-0.002675205236300826,2.9999999999999997e-05,0.0003894436522386968,0.00046877042041160166,0.024478234350681305,0.00020063527699676342,0.0,0.000989998719887808,0.0,0.0017888566944748163,0.0018688295967876911,0.0,9.613262227503583e-05,0.0,0.0,0.0
84,-0.0007994222542038187,-0.0026746720541268587,2.9999999999999997e-05,0.0005741305212723091,0.0006477816787082702,0.024236933328211308,0.0001970157027244568,0.0,0.0009123901836574078,0.0,0.0017884946428239346,0.0018684673123061657,0.0,9.611246059648693e-05,0.0,0.0,0.0
85,-0.0009419655689271167,-0.0026743600610643625,2.9999999999999997e-05,0.0006587746684090234,0.0007461260247509927,0.0239639300853014,0.00017954266149899922,0.0,0.0010072756558656693,0.0,0.0017882828833535314,0.0018682550871744752,0.0,9.610068809706718e-05,0.0,0.0,0.0
86,-0.0011896732758032158,-0.0026742033660411835,2.9999999999999997e-05,0.000822694790258538,0.0009125783253693953,0.023455808870494366,0.00017844154353952035,0.0,0.0008985320164356381,0.0,0.0017881763633340597,0.0018681485671550035,0.0,9.609477274352685e-05,0.0,0.0,0.0
87,-0.0015486276242882013,-0.002674165880307555,2.9999999999999997e-05,0.0010656763770384714,0.001148914234363474,0.023605844005942345,0.00018282105520484038,0.0,0.0009534251876175404,0.0,0.0017881508683785796,0.0018681231886148453,0.0,9.609336848370731e-05,0.0,0.0,0.0
88,-0.0017245364797418006,-0.0026742133777588606,2.9999999999999997e-05,0.0011764866503654048,0.0012644019443541765,0.023050597868859768,0.00016811377099656966,0.0,0.0009428787743672729,0.0,0.0017881833482533693,0.0018681554356589913,0.0,9.609519474906847e-05,0.0,0.0,0.0
89,-0.00123881457693642,-0.00267429300583899,2.9999999999999997e-05,0.0008607977415522328,0.0009445063296880107,0.024712692946195602,0.00018827042367774993,0.0,0.0010113212920259684,0.0,0.0017882372485473752,0.0018682093359529972,0.0,9.609819244360551e-05,0.0,0.0,0.0
90,-0.0021977286396577256,-0.0026744126807898283,2.9999999999999997e-05,0.0014990696399763692,0.0015759910420456436,0.0258915638551116,0.00017844994727056473,0.0,0.001114581449655816,0.0,0.0017883186228573322,0.0018682907102629542,0.0,9.610273991711438e-05,0.0,0.0,0.0
91,-0.0006462642268161289,-0.0026745537761598825,2.9999999999999997e-05,0.0004637746460502967,0.000547397714399267,0.025992752984166145,0.00018220171477878466,0.0,0.0010840867180377245,0.0,0.0017884145490825176,0.0018683869857341051,0.0,9.610808047000319e-05,0.0,0.0,0.0
92,0.00010497238690732047,-0.002674687886610627,2.9999999999999997e-05,-3.3459691621828824e-05,4.184491990599781e-05,0.023872805759310722,0.00018468369671609253,0.0,0.0009325805003754795,0.0,0.0017885055858641863,0.0018684775568544865,0.0,9.611315181246027e-05,0.0,0.0,0.0
93,-0.001436510036000982,-0.002674818504601717,2.9999999999999997e-05,0.0009955084533430636,0.0010800810414366424,0.023156531155109406,0.0001978982509172056,0.0,0.0008987268956843764,0.0,0.0017885942943394184,0.0018685664981603622,0.0,9.611811401555315e-05,0.0,0.0,0.0
94,-0.0021572406840277836,-0.002675008960068226,2.9999999999999997e-05,0.0014780191704630852,0.0015592734780511819,0.022632022388279438,0.0002006533759413287,0.0,0.0008847292920108885,0.0,0.0017887238645926118,0.0018686959519982338,0.0,9.61253244895488e-05,0.0,0.0,0.0
95,-0.001245957872015424,-0.0026752380654215813,2.9999999999999997e-05,0.0008610138756921515,0.0009477441926719621,0.022532138973474503,0.0001776917815732304,0.0,0.0008218934526666999,0.0,0.0017888793954625726,0.0018688513664528728,0.0,9.613399743102491e-05,0.0,0.0,0.0
96,-0.0010763636528281495,-0.0026754343416541815,2.9999999999999997e-05,0.0007499581388401566,0.000836991923279129,0.024127998389303684,0.00018398990141577087,0.0,0.0009550870454404503,0.0,0.0017890126910060644,0.0018689845455810428,0.0,9.614146983949468e-05,0.0,0.0,0.0
97,0.0006431410583900288,-0.0026726226788014174,2.9999999999999997e-05,0.0006546914228238165,0.0007299948701984249,0.023942478001117706,0.00017633399147598539,0.0015745684504508972,0.0009445925825275481,0.0,0.0017871033633127809,0.0018670744029805064,0.0,9.603557555237785e-05,0.0,0.0,0.0
98,-0.001941113907378167,-0.002670794492587447,2.9999999999999997e-05,0.0013273512740852311,0.0014078836393309757,0.024382390081882477,0.00018016017565969378,0.0,0.000990197528153658,0.0,0.001785861561074853,0.0018658324843272567,0.0,9.596683230483904e-05,0.0,0.0,0.0
99,-0.0013335839612409472,-0.0026696755085140467,2.9999999999999997e-05,0.0009233207238139585,0.0010033886064775288,0.023235819302499294,0.00018267401901539415,0.0,0.000940675032325089,0.0,0.0017851018346846104,0.0018650719430297613,0.0,9.592480637365952e-05,0.0,0.0,0.0
100,-0.0007881788769736886,-0.0026690002996474504,2.9999999999999997e-05,0.0005564724706346169,0.0006452958623412997,0.025476199574768543,0.00018167522648582235,0.0,0.0010389855015091598,0.0,0.001784643391147256,0.0018646132666617632,0.0,9.5899507869035e-05,0.0,0.0,0.0
101,-0.0006385164160747081,-0.002664590487256646,2.9999999999999997e-05,0.0009961636096704751,0.0010844948992598802,0.022718893364071846,0.00017020435006998014,0.0008147060871124268,0.0008634190890006721,0.0,0.0017816490726545453,0.0018616165034472942,0.0,9.573395800543949e-05,0.0,0.0,0.0
102,0.001949050696566701,-0.0026584507431834936,2.9999999999999997e-05,0.000929042071220465,0.0010110258299391717,0.024248255416750908,0.00019039805556531064,0.0032883062958717346,0.0010041648638434708,0.0,0.0017774804728105664,0.001857444760389626,0.0,9.550421236781403e-05,0.0,0.0,0.0
103,-7.687890320084989e-05,-0.0026545836590230465,2.9999999999999997e-05,8.555463864468038e-05,0.0001628594473004341,0.02459544036537409,0.00018001749413087964,0.0,0.0009678596106823534,0.0,0.0017748541431501508,0.0018548181978985667,0.0,9.535908611724153e-05,0.0,0.0,0.0
104,-0.0014538996474584565,-0.002649520756676793,2.9999999999999997e-05,0.0011421123635955155,0.0012221855868119746,0.024818573147058487,0.000195182794413995,0.0002016127109527588,0.0010143294930458069,0.0,0.0017714165151119232,0.0018513784743845463,0.0,9.517020225757733e-05,0.0,0.0,0.0
105,-0.0013037683675065637,-0.0026455605402588844,2.9999999999999997e-05,0.0009014818169816863,0.0009895060720737092,0.023410191759467125,0.0001847562707553152,0.0,0.0008832341118250042,0.0,0.0017687277868390083,0.0018486883491277695,0.0,9.502287139184773e-05,0.0,0.0,0.0
106,-0.00094187995455286,-0.0026430159341543913,2.9999999999999997e-05,0.0006578469910891727,0.0007387826117337681,0.02345696184784174,0.00017052865405275952,0.0,0.0009402900177519768,0.0,0.0017670001834630966,0.001846959930844605,0.0,9.492835670243949e-05,0.0,0.0,0.0
107,-0.0007802257023286074,-0.0026413912419229746,2.9999999999999997e-05,0.0005515343073057011,0.0006438936979975551,0.022777832113206387,0.00018633194122230634,0.0,0.0008947553287725896,0.0,0.0017658972647041082,0.0018458563135936856,0.0,9.486807539360598e-05,0.0,0.0,0.0
108,7.340399497479666e-05,-0.0026374913286417723,2.9999999999999997e-05,0.0011884490450029261,0.0012724758926196955,0.02402646467089653,0.00020553894864860922,0.0017952248454093933,0.0009667472913861275,0.0,0.0017632496310397983,0.001843207166530192,0.0,9.472366218687966e-05,0.0,0.0,0.0
109,-0.0007855735893826932,-0.002630223287269473,2.9999999999999997e-05,0.0013022364146308973,0.0013768420758424327,0.025845720432698727,0.00020037285139551386,0.001104786992073059,0.0011040600948035717,0.0,0.0017583159497007728,0.0018382696434855461,0.0,9.445536852581427e-05,0.0,0.0,0.0
110,-0.001189930389955407,-0.002622029045596719,2.9999999999999997e-05,0.0008239929520641454,0.0009118085145018995,0.022098948247730732,0.00017976284289034083,0.0,0.0008541680581402034,0.0,0.0017527543241158128,0.0018327035941183567,0.0,9.415433305548504e-05,0.0,0.0,0.0
111,-0.0006842218426754698,-0.0026166506577283144,2.9999999999999997e-05,0.0004929626302327961,0.0005756183454650454,0.02295524813234806,0.00019292133947601542,0.0,0.0008932077034842223,0.0,0.001749104238115251,0.0018290502484887838,0.0,9.395744564244524e-05,0.0,0.0,0.0
112,-0.001822765902034007,-0.002613162389025092,2.9999999999999997e-05,0.001243058966792887,0.001333376123511698,0.023639424704015255,0.00017377331641910132,0.0,0.0009448279161006212,0.0,0.0017467370489612222,0.001826680963858962,0.0,9.383007272845134e-05,0.0,0.0,0.0
113,-0.0010025326628237963,-0.002610988449305296,2.9999999999999997e-05,0.0007042140350677073,0.0007731840669293888,0.023252343758940697,0.00017636922711972147,0.0,0.0008879067900124937,0.0,0.0017452618340030313,0.0018252041190862656,0.0,9.375080844620243e-05,0.0,0.0,0.0
114,-0.0003757085360120982,-0.002609600778669119,2.9999999999999997e-05,0.00027698151825461537,0.00036147123319096863,0.02519559394568205,0.0001638118646951625,0.0,0.0010267774341627955,0.0,0.0017443201504647732,0.0018242616206407547,0.0,9.370028419652954e-05,0.0,0.0,0.0
115,-0.0018379692919552326,-0.002608729526400566,2.9999999999999997e-05,0.0012623455695575103,0.0013387982762651518,0.023661616258323193,0.00018736340280156583,0.0,0.0009375830122735351,0.0,0.0017437288770452142,0.0018236702308058739,0.0,9.366858284920454e-05,0.0,0.0,0.0
116,-0.0008639236475573853,-0.00260822381824255,2.9999999999999997e-05,0.0006110875256126747,0.000683478792780079,0.024508029222488403,0.0001776065691956319,0.0,0.0009999728063121438,0.0,0.0017433858010917902,0.001823326339945197,0.0,9.36501965043135e-05,0.0,0.0,0.0
117,-0.001318683527642861,-0.0026079292874783278,2.9999999999999997e-05,0.000904663775145309,0.0009895695984596387,0.02723809890449047,0.00016128549214045051,0.0,0.0012229594867676497,0.0,0.0017431859159842134,0.0018231262220069766,0.0,9.363948629470542e-05,0.0,0.0,0.0
118,-0.0012272330350242555,-0.002607807982712984,2.9999999999999997e-05,0.0008550396305508912,0.0009263233951060101,0.02387300133705139,0.0001817346528696362,0.0,0.001009523868560791,0.0,0.0017431037267670035,0.0018230436835438013,0.0,9.363508434034884e-05,0.0,0.0,0.0
119,-0.0016168674046639353,-0.0026077846996486187,2.9999999999999997e-05,0.0011037421427317895,0.001191275761811994,0.023943312466144562,0.0001648299858061364,0.0,0.0009761209657881409,0.0,0.001743087894283235,0.001823027734644711,0.0,9.363424760522321e-05,0.0,0.0,0.0
120,-0.00050656936946325,-0.0026078233495354652,2.9999999999999997e-05,0.0003756055375561118,0.0004510428989306092,0.024299997836351395,0.000188917743798811,0.0,0.0009873711096588522,0.0,0.0017431140877306461,0.001823054044507444,0.0,9.363568824483082e-05,0.0,0.0,0.0
121,0.016416670889157103,-0.0026063951663672924,2.9999999999999997e-05,0.0006983332968957257,0.0007732663507340476,0.02431049942970276,0.000232189595408272,0.017385445535182953,0.0009761264082044363,0.0,0.0017421452794224024,0.00182208395563066,0.0,9.35838179429993e-05,0.0,0.0,0.0
122,-0.0005632881511701271,-0.002598406048491597,2.9999999999999997e-05,0.0010648471943568438,0.0011385196121409535,0.024480008520185947,0.00018065259064314887,0.0009803920984268188,0.0010053618461824954,0.0,0.0017367242835462093,0.0018166577210649848,0.0,9.32941838982515e-05,0.0,0.0,0.0
123,-0.0024537806311855093,-0.0025932106655091047,2.9999999999999997e-05,0.001661600690567866,0.0017480762035120279,0.02479352243244648,0.00016351680824300274,0.0,0.0009975621942430735,0.0,0.001733199111185968,0.0018131296383216977,0.0,9.310644236393273e-05,0.0,0.0,0.0
124,-0.002179934315790888,-0.0025899061001837254,2.9999999999999997e-05,0.0014916665968485177,0.0015691084336140193,0.025030081160366535,0.00019237741435063072,0.0,0.0009773300553206354,0.0,0.0017309568356722593,0.0018108852673321962,0.0,9.29871603148058e-05,0.0,0.0,0.0
125,-0.002371598078752868,-0.0025878737214952707,2.9999999999999997e-05,0.001610381223144941,0.001687731230049394,0.024808408692479134,0.00016508675435034093,0.0,0.001053954241797328,0.0,0.0017295782454311848,0.001809505047276616,0.0,9.291393507737666e-05,0.0,0.0,0.0
126,-0.0016735389581299387,-0.002586637157946825,2.9999999999999997e-05,0.0011448470359027851,0.0012255227920832112,0.024412925355136395,0.00016793975009932183,0.0,0.0009958002483472228,0.0,0.0017287393566220999,0.0018086654599756002,0.0,9.286946442443877e-05,0.0,0.0,0.0
127,-0.0015884907479630783,-0.002585954498499632,2.9999999999999997e-05,0.0010893764629145153,0.0011684999990393408,0.025029887445271015,0.00017006406051223166,0.0,0.0010366610949859023,0.0,0.0017282761400565505,0.00180820154491812,0.0,9.284492261940613e-05,0.0,0.0,0.0
128,-0.0008491395565215498,-0.0025855987332761288,2.9999999999999997e-05,0.0005967830002191477,0.000680290708260145,0.025364563800394535,0.0001753611068124883,0.0,0.001082539965864271,0.0,0.001728035043925047,0.001807959983125329,0.0,9.283219696953893e-05,0.0,0.0,0.0
129,0.0018953238177346066,-0.002583454828709364,2.9999999999999997e-05,0.0010499918716959655,0.0011252096883254126,0.025415146723389626,0.00018094142797053792,0.0034173354506492615,0.0011444570263847709,0.0,0.0017265802016481757,0.0018065042095258832,0.0,9.275523916585371e-05,0.0,0.0,0.0
130,-0.0014534966030623764,-0.00258050998672843,2.9999999999999997e-05,0.0010084131645271555,0.001080228241335135,0.025635733269155025,0.00018983749760081992,0.0,0.0011188670177944005,0.0,0.00172458216547966,0.0018045050092041492,0.0,9.264957770938054e-05,0.0,0.0,0.0
131,0.004694346818723716,-0.0025781397707760334,2.9999999999999997e-05,0.0006911280906933825,0.0007641596021130681,0.025837012566626072,0.00020718822634080425,0.005663849413394928,0.001110219454858452,0.0,0.0017229742370545864,0.0018028956837952137,0.0,9.25646090763621e-05,0.0,0.0,0.0
132,-0.0005233658157521859,-0.0025754806119948626,2.9999999999999997e-05,0.00038400155608542264,0.00046307159936986864,0.024682071059942245,0.0001841380180849228,0.0,0.0010248971229884773,0.0,0.0017211702652275562,0.001801090082153678,0.0,9.246942499885336e-05,0.0,0.0,0.0
133,-0.0008701981932972558,-0.002573755569756031,2.9999999999999997e-05,0.0006111238326411694,0.0006955987773835659,0.024417505599558353,0.00017726183432387188,0.0,0.0009414067608304322,0.0,0.0017200000584125519,0.0017999187111854553,0.0,9.240777580998838e-05,0.0,0.0,0.0
134,-0.0016355449188267812,-0.002572711557149887,2.9999999999999997e-05,0.0011195295955985785,0.0012069094518665224,0.023584057576954365,0.00017469493104727007,0.0,0.0009197040053550154,0.0,0.0017192917875945568,0.0017992097418755293,0.0,9.237037011189386e-05,0.0,0.0,0.0
135,9.134795254794881e-05,-0.0025721080601215363,2.9999999999999997e-05,-2.5092536816373467e-05,5.0025410018861294e-05,0.02488808613270521,0.0001823269994929433,0.0,0.0010468424297869205,0.0,0.0017188824713230133,0.0017988001927733421,0.0,9.234878234565258e-05,0.0,0.0,0.0
136,2.9737682780250907e-05,-0.00257169920951128,2.9999999999999997e-05,1.4885692507959902e-05,9.063593461178243e-05,0.02428230457007885,0.00017968624888453633,0.0,0.0009816940291784704,0.0,0.0017186050536110997,0.0017985221929848194,0.0,9.233415767084807e-05,0.0,0.0,0.0
137,-0.0004867086827289313,-0.0025715127121657133,2.9999999999999997e-05,0.0003635097818914801,0.00043116771848872304,0.026566077023744583,0.00018454134260537103,0.0,0.0011430582380853593,0.0,0.0017184787429869175,0.0017983954166993499,0.0,9.232750744558871e-05,0.0,0.0,0.0
138,-0.0012549956736620516,-0.0025708305183798075,2.9999999999999997e-05,0.0011530307965585962,0.0012280119190108962,0.02441670186817646,0.00019456481459201314,0.00041466206312179565,0.000965609127888456,0.0,0.0017180159920826554,0.0017979323165491223,0.0,9.230316936736926e-05,0.0,0.0,0.0
139,-0.0007818374433554709,-0.002568858675658703,2.9999999999999997e-05,0.0005502072890521958,0.0006355148070724681,0.025346471928060055,0.00017203494644491002,0.0,0.0010971927549690008,0.0,0.001716678380034864,0.0017965934239327908,0.0,9.223283268511295e-05,0.0,0.0,0.0
140,-0.0008325430535478517,-0.0025676421355456114,2.9999999999999997e-05,0.0005847235297551379,0.0006619070336455479,0.02452550921589136,0.0001660606012592325,0.0,0.0010369161027483642,0.0,0.0017158528789877892,0.0017957675736397505,0.0,9.21894607017748e-05,0.0,0.0,0.0
141,0.006800423070671968,-0.0025652090553194284,2.9999999999999997e-05,0.0009806573289097287,0.001056880908436142,0.023371652700006962,0.00021912950978730805,0.008199863135814667,0.0009279856167268008,0.0,0.0017142025753855705,0.0017941154073923826,0.0,9.210280404658988e-05,0.0,0.0,0.0
142,-0.0018526640851632692,-0.002559501910582185,2.9999999999999997e-05,0.0012679755964200012,0.0013411900799837895,0.023665597662329674,0.0001716338774713222,0.0,0.0008961645653471351,0.0,0.0017103315331041813,0.001790241221897304,0.0,9.190039418172091e-05,0.0,0.0,0.0
143,-0.0014930428878869861,-0.0025557938497513533,2.9999999999999997e-05,0.0010270726634189487,0.0011015213385690004,0.023291985504329205,0.00016939466149779037,0.0,0.0009304690174758434,0.0,0.0017078164964914322,0.0017877239733934402,0.0,9.17692668735981e-05,0.0,0.0,0.0
144,-0.0019486251585476566,-0.002553739817813039,2.9999999999999997e-05,0.0013325022446224466,0.0014130591589491814,0.02586924284696579,0.00018058809655485675,0.0,0.0011271183611825109,0.0,0.00170642149168998,0.0017863281536847353,0.0,9.16913922992535e-05,0.0,0.0,0.0
145,-0.0010632920784701128,-0.0025531048886477947,2.9999999999999997e-05,0.0007421470836561639,0.0008149040659191087,0.025094020180404186,0.00017240698434761725,0.0,0.0010352114331908524,0.0,0.0017059985548257828,0.0017858787905424833,0.0,9.166650124825537e-05,0.0,0.0,0.0
146,-0.0009645572790759616,-0.0025535484310239553,2.9999999999999997e-05,0.0006787227248423733,0.0007500324863940477,0.02689410001039505,0.00017812657097238116,0.0,0.0011839743237942457,0.0,0.0017063067061826587,0.0017861812375485897,0.0,9.16977078304626e-05,0.0,0.0,0.0
147,-0.002815447716784547,-0.0025546536780893803,2.9999999999999997e-05,0.0019040676124859601,0.0019857032893924043,0.02637859247624874,0.0001627240071684355,0.0,0.0010956142796203494,0.0,0.0017070583999156952,0.0017869370058178902,0.0,9.174638398690149e-05,0.0,0.0,0.0
148,0.00020893116015940905,-0.0025554117746651173,2.9999999999999997e-05,-0.00010314543033018708,-2.222266630269587e-05,0.025870761834084988,0.00018912431187345646,0.0,0.0011219896841794252,0.0,0.0017075727228075266,0.0017874514451250434,0.0,9.177349420497194e-05,0.0,0.0,0.0
149,-0.00017659795412328094,-0.0025547656696289778,2.9999999999999997e-05,0.00014879347872920334,0.00023850536672398448,0.025156292133033276,0.0001826849766075611,0.0,0.0010572347091510892,0.0,0.00170713453553617,0.0017870127921923995,0.0,9.175067680189386e-05,0.0,0.0,0.0
150,-0.0017940607358468696,-0.0025540117640048265,2.9999999999999997e-05,0.0012291275561437942,0.0013159110385458916,0.025847421027719975,0.00018581171025289223,0.0,0.0011642748140729964,0.0,0.001706623355858028,0.0017865006811916828,0.0,9.172361751552671e-05,0.0,0.0,0.0
151,-0.0016245546721620485,-0.002553621307015419,2.9999999999999997e-05,0.0011166889380547218,0.0011970315827056766,0.028036292642354965,0.0001810435023799073,0.0,0.0012832172797061503,0.0,0.0017063581617549062,0.0017862333916127682,0.0,9.170737757813185e-05,0.0,0.0,0.0
152,-0.00024566304637119174,-0.0025539081543684006,2.9999999999999997e-05,0.0001971911042346619,0.00027048059564549476,0.02448449097573757,0.00017333578580291942,0.0,0.0010047084069810808,0.0,0.0017065530410036445,0.0017864287365227938,0.0,9.17184297577478e-05,0.0,0.0,0.0
153,-0.0010785366121126572,-0.0025543945375829935,2.9999999999999997e-05,0.0007462252651748713,0.0008320017950609326,0.02382571343332529,0.00016718367623980157,0.0,0.00097709585679695,0.0,0.0017068830784410238,0.0017867607530206442,0.0,9.173758007818833e-05,0.0,0.0,0.0
154,-0.0009797893035283778,-0.002555121900513768,2.9999999999999997e-05,0.0006809203659940977,0.000763349627959542,0.027900835499167442,0.0001653545259614475,0.0,0.0012859557755291462,0.0,0.0017073765629902482,0.0017872541211545467,0.0,9.176359162665904e-05,0.0,0.0,0.0
155,-0.0019419402942730812,-0.002556245308369398,2.9999999999999997e-05,0.0013274584780447185,0.0014009452715981752,0.02476370893418789,0.00017176272012875415,0.0,0.0010941321379505098,0.0,0.0017081387341022491,0.0017880162922665477,0.0,9.18033329071477e-05,0.0,0.0,0.0
156,-0.0011238646875426639,-0.0025573878083378077,2.9999999999999997e-05,0.0007787220383761451,0.000859703948663082,0.025462168268859386,0.00016919659537961707,0.0,0.0011100948322564363,0.0,0.0017089135944843292,0.0017887918511405587,0.0,9.184314694721252e-05,0.0,0.0,0.0
157,-0.0013175399471947458,-0.0025585386902093887,2.9999999999999997e-05,0.0009090111998375505,0.000989531894447282,0.025215699337422848,0.0001722664492262993,0.0,0.0010397213627584279,0.0,0.001709694042801857,0.001789572648704052,0.0,9.188316471409053e-05,0.0,0.0,0.0
158,-0.0023135083974921145,-0.0025597724597901106,2.9999999999999997e-05,0.0015691053558839485,0.0016466344313812442,0.02537026535719633,0.00015760998394398484,0.0,0.0010927870171144605,0.0,0.0017105304868891835,0.001790409442037344,0.0,9.19258818612434e-05,0.0,0.0,0.0
159,-0.00037084917130414397,-0.0025605817791074514,2.9999999999999997e-05,0.0002816018823068589,0.00036210879625286907,0.025994358584284782,0.00018338998779654503,0.0,0.0011212415411137044,0.0,0.0017110793851315975,0.0017909589223563671,0.0,9.195419261232018e-05,0.0,0.0,0.0
160,2.3086118744686246e-05,-0.0025616588536649942,2.9999999999999997e-05,1.0386371286585927e-05,9.443180169910192e-05,0.024922389537096024,0.00016117235463752877,0.0,0.0010213388013653457,0.0,0.0017118097748607397,0.0017916900105774403,0.0,9.199207124765962e-05,0.0,0.0,0.0
161,-0.0017548035975778475,-0.002562055829912424,2.9999999999999997e-05,0.0012052715319441631,0.0012913188547827303,0.026299488730728626,0.0001920274480653461,0.0,0.0011366112739779055,0.0,0.0017120793927460909,0.001791959279216826,0.0,9.200620115734637e-05,0.0,0.0,0.0
162,-0.0019066264358116314,-0.0025630230084061623,2.9999999999999997e-05,0.0013036395612289198,0.001386334202834405,0.025767842307686806,0.00018013188309851103,0.0,0.001142492110375315,0.0,0.0017127355094999075,0.0017926159780472517,0.0,9.204051457345486e-05,0.0,0.0,0.0
163,-0.000644217652734369,-0.00256462418474257,2.9999999999999997e-05,0.0004597949591698125,0.0005408708893810399,0.026221204549074173,0.00017178544658236206,0.0,0.0012002494768239558,0.0,0.0017138214316219091,0.001793702831491828,0.0,9.209715790348127e-05,0.0,0.0,0.0
164,-0.0013304108724696562,-0.0025661932304501534,2.9999999999999997e-05,0.000917157009098446,0.0010059927190013696,0.02492734231054783,0.00017927078806678765,0.0,0.0010713793453760445,0.0,0.0017148858169093728,0.0017947677988559008,0.0,9.215278987539932e-05,0.0,0.0,0.0
165,-0.0010112774798471946,-0.00256810593418777,2.9999999999999997e-05,0.0007031005425233161,0.0007828042434994131,0.02447013556957245,0.00016624110139673576,0.0,0.0010461481870152056,0.0,0.0017161831492558122,0.0017960661789402366,0.0,9.222066000802442e-05,0.0,0.0,0.0
166,-0.0024281528021674603,-0.0025701916310936213,2.9999999999999997e-05,0.0016552329761907458,0.001729888936097268,0.024753359146416187,0.00018383536371402442,0.0,0.001069756515789777,0.0,0.001717597944661975,0.001797481905668974,0.0,9.229475836036727e-05,0.0,0.0,0.0
167,-0.0010655190781108104,-0.0025723970029503107,2.9999999999999997e-05,0.0007370400035142666,0.0008186508785001934,0.025430471636354923,0.0001614934535609791,0.0,0.000997199269477278,0.0,0.0017190939979627728,0.001798979239538312,0.0,9.237320045940578e-05,0.0,0.0,0.0
168,-0.0016858912131283432,-0.002574007026851177,2.9999999999999997e-05,0.0011572094808798283,0.0012328665179666132,0.02588285133242607,0.00017528605167171918,0.0,0.0010854900465346873,0.0,0.0017201862065121531,0.0018000721465796232,0.0,9.243057866115123e-05,0.0,0.0,0.0
169,-0.0009298244258388877,-0.002575859660282731,2.9999999999999997e-05,0.00065464417275507,0.0007340032752836123,0.026097454130649567,0.000183426083822269,0.0,0.0010834188433364034,0.0,0.0017214430263265967,0.0018013300141319633,0.0,9.249669528799132e-05,0.0,0.0,0.0
170,-0.00030291634175227955,-0.0025777590926736593,2.9999999999999997e-05,0.00023156061070039868,0.00031042148475535214,0.026532744988799095,0.00016748305279179476,0.0,0.0011346001992933452,0.0,0.001722731743939221,0.0018026193138211966,0.0,9.256456542061642e-05,0.0,0.0,0.0
171,0.0006568850949406624,-0.0025790364015847445,2.9999999999999997e-05,-0.0004004990478279069,-0.00032959999225568026,0.025573099963366985,0.0001829582870414015,0.0,0.0010691334027796984,0.0,0.0017235983395949006,0.0018034864915534854,0.0,9.261032391805202e-05,0.0,0.0,0.0
172,-0.00197052706789691,-0.0025799672584980726,2.9999999999999997e-05,0.0013428823585854843,0.0014301685732789338,0.026488005183637142,0.00017465835480834357,0.0,0.0011043637059628963,0.0,0.0017242300091311336,0.001804118393920362,0.0,9.264370601158589e-05,0.0,0.0,0.0
173,-0.0011269416281720623,-0.002581552602350712,2.9999999999999997e-05,0.000784192936407635,0.0008689382812008262,0.025334173813462257,0.00018321946481592022,0.0,0.001107655290979892,0.0,0.0017253055702894926,0.0018051947699859738,0.0,9.270052396459505e-05,0.0,0.0,0.0
174,-0.002350812195800245,-0.0025829526130110025,2.9999999999999997e-05,0.0015933816393953748,0.0016757793491706252,0.024935648776590824,0.0001607052399776876,0.0,0.0010649918112903833,0.0,0.0017262555193156004,0.0018061453010886908,0.0,9.275073534809053e-05,0.0,0.0,0.0
175,-0.0017706354992697015,-0.0025848192162811756,2.9999999999999997e-05,0.001217834225826664,0.0012945171329192817,0.025259493850171566,0.0001887016769615002,0.0,0.0010641402332112193,0.0,0.001727521768771112,0.0018074129475280643,0.0,9.28177178138867e-05,0.0,0.0,0.0
176,-0.0011565057593543315,-0.0025864446070045233,2.9999999999999997e-05,0.0008023473928915337,0.0008765811362536624,0.02527581248432398,0.00016805112318252213,0.0,0.0010663987486623228,0.0,0.0017286245711147785,0.0018085162155330181,0.0,9.287610009778291e-05,0.0,0.0,0.0
177,-0.0005557179902098142,-0.0025876853615045547,2.9999999999999997e-05,0.0004063586166012101,0.00048604203038848937,0.026161854155361652,0.00018709481446421705,0.0,0.0011419704533182085,0.0,0.001729466486722231,0.0018093588296324015,0.0,9.292074537370354e-05,0.0,0.0,0.0
178,-0.00180609172093682,-0.0025890462566167116,2.9999999999999997e-05,0.0012358999665593728,0.0013250820193206891,0.026230416260659695,0.00018447088223183528,0.0,0.0011380669893696904,0.0,0.0017303898930549622,0.0018102824687957764,0.0,9.29695597733371e-05,0.0,0.0,0.0
179,-0.002060012106085196,-0.002590800402686,2.9999999999999997e-05,0.001409282471286133,0.0014884225383866578,0.025538453832268715,0.00018674321836442687,0.0,0.0011007582070305943,0.0,0.001731579890474677,0.0018114736303687096,0.0,9.303259867010638e-05,0.0,0.0,0.0
180,-0.001034835928294342,-0.0025929328985512257,2.9999999999999997e-05,0.0007256801764015108,0.0008047314622672275,0.024730677716434002,0.00018622235802467912,0.0,0.0009884312457870692,0.0,0.001733026816509664,0.001812921604141593,0.0,9.310934547102079e-05,0.0,0.0,0.0
181,-0.0012073501202394255,-0.002594846999272704,2.9999999999999997e-05,0.0008416239870712161,0.0009218380073434673,0.024574097245931625,0.00019018321472685784,0.0,0.0010126889683306217,0.0,0.0017343255458399653,0.0018142210319638252,0.0,9.317831427324563e-05,0.0,0.0,0.0
182,-0.0014848470746073872,-0.0025963943917304277,2.9999999999999997e-05,0.0010216099763056263,0.0011057313822675496,0.027819182723760605,0.00017899543308885768,0.0,0.00130889390129596,0.0,0.0017353754956275225,0.0018152717966586351,0.0,9.323414997197688e-05,0.0,0.0,0.0
183,-0.0022460041673184605,-0.002598155988380313,2.9999999999999997e-05,0.0015258664352586493,0.0016111965887830593,0.027016442269086838,0.00017067292719730176,0.0,0.0012404527515172958,0.0,0.0017365706153213978,0.0018164680805057287,0.0,9.329764725407586e-05,0.0,0.0,0.0
184,-0.0002944915249827318,-0.002599894069135189,2.9999999999999997e-05,0.00022567737687495537,0.00030473304650513455,0.026596643961966038,0.0001668664608587278,0.0,0.001190493698231876,0.0,0.0017377500189468265,0.0018176482990384102,0.0,9.336034418083727e-05,0.0,0.0,0.0
185,-0.0012242465818417259,-0.0026012274902313948,2.9999999999999997e-05,0.0008482662415190134,0.0009307977161370218,0.024699806235730648,0.00017862786262412556,0.0,0.0010460920166224241,0.0,0.0017386546824127436,0.00181855377741158,0.0,9.340848919237033e-05,0.0,0.0,0.0
186,-0.001048188001732342,-0.002602820750325918,2.9999999999999997e-05,0.000729613642761251,0.0008122742656269111,0.026046213693916798,0.000174893928488018,0.0,0.0011583633022382855,0.0,0.0017397359479218721,0.0018196357414126396,0.0,9.346614388050511e-05,0.0,0.0,0.0
187,-0.0018490800939616747,-0.0026041152887046337,2.9999999999999997e-05,0.0012634169543161988,0.0013557705970015377,0.02734953910112381,0.00018419754269416444,0.0,0.0012337245279923081,0.0,0.0017406145343557,0.0018205149099230766,0.0,9.351305925520137e-05,0.0,0.0,0.0
188,-0.0011306303131277673,-0.0026053881738334894,2.9999999999999997e-05,0.000784883321102825,0.0008750110428081825,0.02486378327012062,0.00018331515457248315,0.0,0.0010091871954500675,0.0,0.0017414781032130122,0.0018213791772723198,0.0,9.35591961024329e-05,0.0,0.0,0.0
189,-0.0017767686367733404,-0.0026070664171129465,2.9999999999999997e-05,0.0012089454248780385,0.0012977723527001217,0.02705417200922966,0.0001618790083739441,0.0,0.0012352319317869842,0.0,0.0017426169943064451,0.0018225189996883273,0.0,9.362012497149408e-05,0.0,0.0,0.0
190,-0.0009231209551217034,-0.002604506444185972,2.9999999999999997e-05,0.0009632092551328242,0.0010342203750042245,0.02523062936961651,0.00017917682453116868,0.00046750903129577637,0.0010098834754899144,0.0,0.0017408797284588218,0.0018207806861028075,0.0,9.352731285616755e-05,0.0,0.0,0.0
191,-0.0005443862355605233,-0.002599598839879036,2.9999999999999997e-05,0.00039722275687381625,0.00047571456525474787,0.02619224041700363,0.000181161034561228,0.0,0.0011334868613630533,0.0,0.0017375495517626405,0.0018174484139308333,0.0,9.334948845207691e-05,0.0,0.0,0.0
192,-0.00145570531856265,-0.002596538281068206,2.9999999999999997e-05,0.0010095309116877615,0.0010831819381564856,0.02709117066115141,0.00019058914404013194,0.0,0.0012197266914881766,0.0,0.0017354725860059261,0.0018153702840209007,0.0,9.323869016952813e-05,0.0,0.0,0.0
193,-0.0006608241819776595,-0.0025945580564439297,2.9999999999999997e-05,0.0004677691758843139,0.0005519337573787197,0.026933875866234303,0.00016559307732677553,0.0,0.0011533506913110614,0.0,0.0017341284547001123,0.0018140256870537996,0.0,9.316694922745228e-05,0.0,0.0,0.0
194,-0.0015020219452708261,-0.0025933028664439917,2.9999999999999997e-05,0.0010284542295266874,0.0011163150484208018,0.0260327011346817,0.00016895456246857066,0.0,0.0011256273137405515,0.0,0.0017332769930362701,0.0018131735268980265,0.0,9.3121561803855e-05,0.0,0.0,0.0
195,-0.0004920086066704243,-0.0025925750378519297,2.9999999999999997e-05,0.0003636509645730257,0.00043387862388044596,0.025296988897025585,0.00017696032227831893,0.0,0.0010151287424378097,0.0,0.0017327830428257585,0.0018126792274415493,0.0,9.309528104495257e-05,0.0,0.0,0.0
196,-0.0012078535510227084,-0.0025922581553459167,2.9999999999999997e-05,0.0008384867833228782,0.0009181397035717964,0.02461075782775879,0.00017920524260262027,0.0,0.0010042307549156249,0.0,0.001732568140141666,0.0018124640919268131,0.0,9.308387234341353e-05,0.0,0.0,0.0
197,-0.0009812666939978953,-0.0025921936612576246,2.9999999999999997e-05,0.0006800937917432748,0.0007676627428736538,0.027381662279367447,0.00016506764768564608,0.0,0.0012467821943573654,0.0,0.001732524367980659,0.0018124200869351625,0.0,9.308156586484984e-05,0.0,0.0,0.0
198,-0.0013080896169412881,-0.00259225582703948,2.9999999999999997e-05,0.0008982107974588871,0.0009773957717698067,0.02454926259815693,0.00015743592120998073,0.0,0.0010112462914548814,0.0,0.0017325665103271604,0.001812462229281664,0.0,9.30838577914983e-05,0.0,0.0,0.0
199,-0.0011558205587789416,-0.0025924304500222206,2.9999999999999997e-05,0.0007992490718606859,0.0008929895120672882,0.025914651341736317,0.00017962807396543212,0.0,0.0010924997623078525,0.0,0.001732685137540102,0.0018125810893252492,0.0,9.30902169784531e-05,0.0,0.0,0.0
200,0.007761304725136142,-0.0025906735099852085,2.9999999999999997e-05,0.0012112648764741607,0.0012869530473835766,0.02659422904253006,0.00021398169701569714,0.00950893759727478,0.0011783692170865834,0.0,0.0017314930446445942,0.0018113877158612013,0.0,9.302697435487062e-05,0.0,0.0,0.0
