date,weight_market,weight_bond
2022-01-19,0.61959094,0.38040903
2022-01-20,0.61959094,0.38040903
2022-01-21,0.61959076,0.38040924
2022-01-24,0.61959153,0.3804085
2022-01-25,0.61958975,0.38041025
2022-01-26,0.61959,0.38040996
2022-01-27,0.6195901,0.38040987
2022-01-28,0.61958987,0.38041013
2022-01-31,0.6195863,0.3804137
2022-02-01,0.61958486,0.38041514
2022-02-02,0.61958605,0.3804139
2022-02-03,0.61958665,0.38041344
2022-02-04,0.61958987,0.38041013
2022-02-07,0.6195891,0.38041088
2022-02-08,0.6195884,0.38041165
2022-02-09,0.61958736,0.3804127
2022-02-10,0.6195858,0.38041425
2022-02-11,0.6195886,0.38041136
2022-02-14,0.61959034,0.3804097
2022-02-15,0.61958945,0.38041058
2022-02-16,0.61958605,0.38041392
2022-02-17,0.6195862,0.38041374
2022-02-18,0.6195891,0.38041088
2022-02-22,0.61958927,0.38041073
2022-02-23,0.61958927,0.38041076
2022-02-24,0.61959,0.38041005
2022-02-25,0.6195868,0.3804132
2022-02-28,0.61958385,0.38041613
2022-03-01,0.6195856,0.38041443
2022-03-02,0.61958873,0.3804113
2022-03-03,0.6195867,0.38041326
2022-03-04,0.619587,0.38041306
2022-03-07,0.61958843,0.38041154
2022-03-08,0.6195911,0.38040894
2022-03-09,0.6195901,0.38040987
2022-03-10,0.61958486,0.38041514
2022-03-11,0.6195857,0.38041434
2022-03-14,0.6195881,0.38041192
2022-03-15,0.61958873,0.3804113
2022-03-16,0.61958516,0.38041484
2022-03-17,0.6195831,0.38041696
2022-03-18,0.61958385,0.38041618
2022-03-21,0.6195847,0.38041532
2022-03-22,0.61958665,0.3804134
2022-03-23,0.619586,0.38041404
2022-03-24,0.6195878,0.38041222
2022-03-25,0.6195865,0.38041344
2022-03-28,0.6195862,0.38041374
2022-03-29,0.61958635,0.38041365
2022-03-30,0.6195858,0.38041422
2022-03-31,0.6195876,0.3804123
2022-04-01,0.61958975,0.38041028
2022-04-04,0.6195886,0.38041133
2022-04-05,0.619587,0.38041303
2022-04-06,0.6195892,0.38041088
2022-04-07,0.6195899,0.3804101
2022-04-08,0.6195888,0.38041118
2022-04-11,0.61958873,0.3804113
2022-04-12,0.61959034,0.3804097
2022-04-13,0.6195898,0.38041016
2022-04-14,0.61958784,0.38041213
2022-04-18,0.61958957,0.38041046
2022-04-19,0.61958957,0.38041046
2022-04-20,0.61958736,0.3804126
2022-04-21,0.6195878,0.38041216
2022-04-22,0.61959034,0.38040966
2022-04-25,0.6195922,0.38040784
2022-04-26,0.61958975,0.3804103
2022-04-27,0.61959094,0.38040906
2022-04-28,0.61958945,0.3804105
2022-04-29,0.61958504,0.38041493
2022-05-02,0.6195891,0.38041088
2022-05-03,0.61958826,0.38041177
2022-05-04,0.61958635,0.3804137
2022-05-05,0.6195828,0.38041723
2022-05-06,0.6195877,0.38041225
2022-05-09,0.6195884,0.3804116
2022-05-10,0.61958957,0.38041046
2022-05-11,0.6195873,0.3804127
2022-05-12,0.61958724,0.38041276
2022-05-13,0.6195864,0.3804135
2022-05-16,0.6195831,0.380417
2022-05-17,0.61958414,0.38041586
2022-05-18,0.6195831,0.3804169
2022-05-19,0.6195877,0.3804123
2022-05-20,0.61958784,0.38041213
2022-05-23,0.6195858,0.38041425
2022-05-24,0.61958313,0.3804168
2022-05-25,0.61958444,0.38041553
2022-05-26,0.6195846,0.38041538
2022-05-27,0.6195829,0.3804172
2022-05-31,0.6195816,0.38041845
2022-06-01,0.619585,0.38041508
2022-06-02,0.6195872,0.38041288
2022-06-03,0.6195847,0.38041526
2022-06-06,0.619587,0.38041297
2022-06-07,0.6195874,0.38041255
2022-06-08,0.6195858,0.3804142
2022-06-09,0.6195879,0.3804121
2022-06-10,0.6195901,0.3804099
2022-06-13,0.61959136,0.3804086
2022-06-14,0.6195921,0.38040793
2022-06-15,0.6195888,0.38041118
2022-06-16,0.61958444,0.38041553
2022-06-17,0.61958784,0.38041213
2022-06-21,0.6195876,0.3804124
2022-06-22,0.6195835,0.38041648
2022-06-23,0.61958444,0.38041562
2022-06-24,0.619585,0.38041508
2022-06-27,0.6195821,0.38041788
2022-06-28,0.61958444,0.38041553
2022-06-29,0.61958814,0.38041186
2022-06-30,0.6195879,0.38041213
2022-07-01,0.6195877,0.38041228
2022-07-05,0.6195859,0.38041413
2022-07-06,0.619586,0.38041407
2022-07-07,0.61958635,0.38041365
2022-07-08,0.619585,0.38041508
2022-07-11,0.619586,0.38041407
2022-07-12,0.6195878,0.38041222
2022-07-13,0.6195887,0.38041133
2022-07-14,0.61958855,0.38041145
2022-07-15,0.6195888,0.38041115
2022-07-18,0.61958617,0.38041386
2022-07-19,0.6195878,0.38041216
2022-07-20,0.61958593,0.38041407
2022-07-21,0.61958635,0.3804137
2022-07-22,0.61958706,0.38041297
2022-07-25,0.6195892,0.38041085
2022-07-26,0.61958957,0.38041046
2022-07-27,0.6195908,0.3804092
2022-07-28,0.61958706,0.38041288
2022-07-29,0.61958647,0.3804135
2022-08-01,0.6195868,0.3804132
2022-08-02,0.6195887,0.38041133
2022-08-03,0.61959034,0.38040966
2022-08-04,0.6195881,0.38041195
2022-08-05,0.61958843,0.3804116
2022-08-08,0.61958945,0.38041055
2022-08-09,0.6195893,0.3804107
2022-08-10,0.61958975,0.3804102
2022-08-11,0.6195872,0.38041285
2022-08-12,0.61958796,0.38041207
2022-08-15,0.619587,0.38041303
2022-08-16,0.6195878,0.38041225
2022-08-17,0.6195888,0.38041118
2022-08-18,0.61959034,0.38040966
2022-08-19,0.61958975,0.38041025
2022-08-22,0.6195908,0.3804092
2022-08-23,0.61959195,0.38040805
2022-08-24,0.61959046,0.38040954
2022-08-25,0.61958885,0.38041115
2022-08-26,0.61958724,0.38041276
2022-08-29,0.6195908,0.38040912
2022-08-30,0.619591,0.38040897
2022-08-31,0.6195901,0.3804099
2022-09-01,0.61958975,0.38041028
2022-09-02,0.61958843,0.3804115
2022-09-06,0.619589,0.380411
2022-09-07,0.61958927,0.38041073
2022-09-08,0.6195862,0.38041377
2022-09-09,0.6195862,0.3804138
2022-09-12,0.6195858,0.38041416
2022-09-13,0.619586,0.38041404
2022-09-14,0.61959106,0.38040894
2022-09-15,0.61958945,0.38041055
2022-09-16,0.6195887,0.38041133
2022-09-19,0.6195885,0.3804115
2022-09-20,0.6195867,0.3804133
2022-09-21,0.6195877,0.38041228
2022-09-22,0.61958927,0.38041073
2022-09-23,0.6195892,0.38041088
2022-09-26,0.61958927,0.38041073
2022-09-27,0.61958927,0.38041076
2022-09-28,0.6195883,0.38041168
2022-09-29,0.619585,0.380415
2022-09-30,0.619588,0.38041195
2022-10-03,0.6195896,0.38041034
2022-10-04,0.61958486,0.38041508
2022-10-05,0.61958146,0.38041857
2022-10-06,0.61958426,0.38041577
2022-10-07,0.61958724,0.38041273
2022-10-10,0.6195898,0.38041016
2022-10-11,0.61958903,0.38041094
2022-10-12,0.6195878,0.38041225
2022-10-13,0.6195878,0.38041225
2022-10-14,0.6195842,0.38041583
2022-10-17,0.6195872,0.38041276
2022-10-18,0.6195845,0.38041544
2022-10-19,0.6195836,0.38041642
2022-10-20,0.6195861,0.3804139
2022-10-21,0.6195876,0.38041243
2022-10-24,0.61958426,0.38041583
2022-10-25,0.6195836,0.38041645
2022-10-26,0.6195835,0.38041654
2022-10-27,0.619586,0.380414
2022-10-28,0.6195874,0.38041252
2022-10-31,0.6195848,0.38041526
2022-11-01,0.6195862,0.38041377
2022-11-02,0.6195876,0.3804123
2022-11-03,0.6195901,0.3804099
2022-11-04,0.6195898,0.38041016
2022-11-07,0.61958635,0.38041362
2022-11-08,0.6195855,0.38041452
2022-11-09,0.6195859,0.38041407
2022-11-10,0.61958885,0.38041115
2022-11-11,0.61958134,0.38041863
2022-11-14,0.6195823,0.3804177
2022-11-15,0.6195864,0.38041362
2022-11-16,0.6195864,0.38041356
2022-11-17,0.6195874,0.38041255
2022-11-18,0.619588,0.38041207
2022-11-21,0.619587,0.38041303
2022-11-22,0.6195874,0.3804126
2022-11-23,0.619586,0.38041407
2022-11-25,0.6195859,0.38041413
2022-11-28,0.619587,0.38041303
2022-11-29,0.619589,0.380411
2022-11-30,0.6195888,0.38041118
2022-12-01,0.6195841,0.38041592
2022-12-02,0.6195852,0.38041478
2022-12-05,0.61958736,0.3804126
2022-12-06,0.6195896,0.38041034
2022-12-07,0.61959,0.38040996
2022-12-08,0.61958855,0.38041145
2022-12-09,0.6195869,0.38041314
2022-12-12,0.6195878,0.38041213
2022-12-13,0.6195877,0.38041225
2022-12-14,0.61958754,0.38041252
2022-12-15,0.61958945,0.38041058
2022-12-16,0.61959195,0.38040808
2022-12-19,0.61959195,0.38040814
2022-12-20,0.6195908,0.38040912
2022-12-21,0.61958927,0.38041073
2022-12-22,0.6195868,0.3804132
2022-12-23,0.6195889,0.38041115
2022-12-27,0.6195886,0.38041145
2022-12-28,0.61958873,0.3804113
2022-12-29,0.6195899,0.3804101
2022-12-30,0.61958706,0.38041288
2023-01-03,0.61958826,0.38041177
2023-01-04,0.61958927,0.38041076
2023-01-05,0.61958843,0.3804116
2023-01-06,0.6195899,0.38041005
2023-01-09,0.619587,0.38041297
2023-01-10,0.6195877,0.3804123
2023-01-11,0.6195881,0.38041186
2023-01-12,0.61958706,0.38041288
2023-01-13,0.6195878,0.38041222
2023-01-17,0.61958855,0.3804115
2023-01-18,0.6195892,0.38041088
2023-01-19,0.619591,0.38040903
2023-01-20,0.61959136,0.38040864
2023-01-23,0.6195881,0.38041192
2023-01-24,0.6195868,0.38041317
2023-01-25,0.61958826,0.3804117
2023-01-26,0.6195894,0.3804107
2023-01-27,0.6195884,0.38041162
2023-01-30,0.6195886,0.38041136
2023-01-31,0.6195905,0.3804095
2023-02-01,0.6195887,0.38041133
2023-02-02,0.6195876,0.38041243
2023-02-03,0.6195872,0.38041282
2023-02-06,0.61958957,0.38041043
2023-02-07,0.6195906,0.38040942
2023-02-08,0.61958873,0.3804113
2023-02-09,0.61958975,0.38041028
2023-02-10,0.61959076,0.3804093
2023-02-13,0.6195897,0.3804103
2023-02-14,0.6195878,0.38041225
2023-02-15,0.6195884,0.3804116
2023-02-16,0.6195886,0.38041136
2023-02-17,0.61959034,0.3804096
2023-02-21,0.61959016,0.38040987
2023-02-22,0.6195915,0.38040853
2023-02-23,0.6195903,0.3804097
2023-02-24,0.61958855,0.38041145
2023-02-27,0.6195896,0.38041034
2023-02-28,0.619589,0.380411
2023-03-01,0.6195891,0.38041088
2023-03-02,0.6195896,0.3804104
2023-03-03,0.61958855,0.38041148
2023-03-06,0.6195868,0.38041326
2023-03-07,0.6195882,0.38041186
2023-03-08,0.6195906,0.3804094
2023-03-09,0.61959004,0.38040996
2023-03-10,0.6195911,0.38040888
2023-03-13,0.61959153,0.38040847
2023-03-14,0.6195903,0.38040972
2023-03-15,0.6195875,0.38041252
2023-03-16,0.6195884,0.38041168
2023-03-17,0.6195872,0.38041288
2023-03-20,0.6195888,0.38041124
2023-03-21,0.6195884,0.38041165
2023-03-22,0.6195868,0.38041317
2023-03-23,0.6195893,0.3804107
2023-03-24,0.6195894,0.3804107
2023-03-27,0.6195881,0.38041186
2023-03-28,0.6195884,0.38041168
2023-03-29,0.61958873,0.38041124
2023-03-30,0.6195872,0.38041282
2023-03-31,0.6195871,0.38041288
2023-04-03,0.6195865,0.38041344
2023-04-04,0.6195874,0.38041258
2023-04-05,0.619589,0.38041094
2023-04-06,0.6195896,0.38041034
2023-04-10,0.619589,0.380411
2023-04-11,0.61958915,0.38041088
2023-04-12,0.6195894,0.3804106
2023-04-13,0.6195899,0.3804101
2023-04-14,0.61958855,0.3804115
2023-04-17,0.6195892,0.3804108
2023-04-18,0.61958957,0.38041046
2023-04-19,0.61958975,0.38041025
2023-04-20,0.6195901,0.3804099
2023-04-21,0.6195907,0.3804093
2023-04-24,0.61959094,0.38040906
2023-04-25,0.6195906,0.3804095
2023-04-26,0.61959183,0.3804082
2023-04-27,0.6195918,0.3804083
2023-04-28,0.61958826,0.38041177
2023-05-01,0.61958766,0.3804123
2023-05-02,0.6195894,0.38041064
2023-05-03,0.6195908,0.38040918
2023-05-04,0.61959136,0.38040867
2023-05-05,0.61959124,0.38040876
2023-05-08,0.6195882,0.38041183
2023-05-09,0.6195884,0.38041162
2023-05-10,0.61958957,0.38041043
2023-05-11,0.61958903,0.38041094
2023-05-12,0.6195894,0.3804106
2023-05-15,0.6195899,0.38041013
2023-05-16,0.6195894,0.3804107
2023-05-17,0.61959004,0.38040996
2023-05-18,0.61958855,0.3804115
2023-05-19,0.6195876,0.3804123
2023-05-22,0.61958873,0.38041133
2023-05-23,0.6195892,0.38041076
2023-05-24,0.61959034,0.3804097
2023-05-25,0.6195908,0.38040918
2023-05-26,0.619589,0.380411
2023-05-30,0.6195876,0.38041243
2023-05-31,0.61958843,0.38041154
2023-06-01,0.6195899,0.38041005
2023-06-02,0.6195891,0.38041094
2023-06-05,0.6195878,0.38041222
2023-06-06,0.6195889,0.3804111
2023-06-07,0.61958975,0.38041028
2023-06-08,0.6195904,0.38040957
2023-06-09,0.61958957,0.38041043
2023-06-12,0.6195896,0.3804104
2023-06-13,0.61958885,0.38041115
2023-06-14,0.6195888,0.38041115
2023-06-15,0.6195894,0.3804107
2023-06-16,0.61958855,0.3804115
2023-06-20,0.61958975,0.3804102
2023-06-21,0.6195907,0.3804093
2023-06-22,0.61959094,0.38040903
2023-06-23,0.6195901,0.38040987
2023-06-26,0.6195906,0.38040945
2023-06-27,0.6195909,0.38040912
2023-06-28,0.6195892,0.38041076
2023-06-29,0.6195894,0.38041064
2023-06-30,0.6195897,0.3804103
2023-07-03,0.6195886,0.38041145
2023-07-05,0.6195893,0.3804107
2023-07-06,0.61959034,0.38040957
2023-07-07,0.6195913,0.38040876
2023-07-10,0.61959094,0.38040906
2023-07-11,0.6195901,0.38040987
2023-07-12,0.6195894,0.38041064
2023-07-13,0.6195888,0.38041124
2023-07-14,0.6195888,0.38041124
2023-07-17,0.6195899,0.3804101
2023-07-18,0.6195899,0.3804101
2023-07-19,0.61958945,0.3804105
2023-07-20,0.61958975,0.38041025
2023-07-21,0.61959106,0.38040894
2023-07-24,0.6195909,0.38040912
2023-07-25,0.6195901,0.38040987
2023-07-26,0.61959,0.38040996
2023-07-27,0.61959034,0.3804097
2023-07-28,0.61959136,0.3804086
2023-07-31,0.6195898,0.38041016
2023-08-01,0.61958975,0.38041025
2023-08-02,0.61959076,0.3804092
2023-08-03,0.61959183,0.38040817
2023-08-04,0.6195914,0.38040859
2023-08-07,0.61959076,0.38040924
2023-08-08,0.61958945,0.3804105
2023-08-09,0.6195899,0.3804101
2023-08-10,0.6195908,0.38040918
2023-08-11,0.6195906,0.38040942
2023-08-14,0.6195903,0.38040975
2023-08-15,0.61958957,0.3804105
2023-08-16,0.6195908,0.3804092
2023-08-17,0.61959136,0.38040864
2023-08-18,0.61959124,0.38040876
2023-08-21,0.61959034,0.3804097
2023-08-22,0.6195892,0.3804108
2023-08-23,0.61958957,0.3804104
2023-08-24,0.61958843,0.3804116
2023-08-25,0.61959034,0.3804096
2023-08-28,0.61958957,0.38041046
2023-08-29,0.6195886,0.3804114
2023-08-30,0.61958736,0.38041267
2023-08-31,0.619588,0.38041195
2023-09-01,0.6195894,0.38041064
2023-09-05,0.6195896,0.3804103
2023-09-06,0.6195901,0.38040987
2023-09-07,0.6195906,0.3804094
2023-09-08,0.61959034,0.3804096
2023-09-11,0.6195898,0.3804102
2023-09-12,0.6195889,0.38041115
2023-09-13,0.6195897,0.3804103
2023-09-14,0.61958975,0.38041025
2023-09-15,0.6195888,0.38041115
2023-09-18,0.61959034,0.38040966
2023-09-19,0.6195903,0.38040975
2023-09-20,0.61959004,0.38040996
2023-09-21,0.61959064,0.38040933
2023-09-22,0.61959165,0.38040835
2023-09-25,0.6195906,0.38040942
2023-09-26,0.6195894,0.38041058
2023-09-27,0.61959046,0.3804095
2023-09-28,0.6195901,0.3804099
2023-09-29,0.619589,0.38041103
2023-10-02,0.6195895,0.3804105
2023-10-03,0.61958987,0.38041013
2023-10-04,0.61959106,0.38040894
2023-10-05,0.6195894,0.38041064
2023-10-06,0.6195892,0.38041085
2023-10-09,0.619588,0.38041195
2023-10-10,0.61958766,0.3804123
2023-10-11,0.6195883,0.38041168
2023-10-12,0.61958855,0.38041148
2023-10-13,0.6195899,0.3804101
2023-10-16,0.6195903,0.38040972
2023-10-17,0.6195889,0.38041115
2023-10-18,0.6195889,0.38041106
2023-10-19,0.6195905,0.3804095
2023-10-20,0.61959094,0.3804091
2023-10-23,0.6195911,0.3804089
2023-10-24,0.61959016,0.38040975
2023-10-25,0.6195886,0.38041145
2023-10-26,0.6195903,0.3804097
2023-10-27,0.61959094,0.38040906
2023-10-30,0.6195905,0.3804095
2023-10-31,0.6195882,0.38041183
2023-11-01,0.61958754,0.38041252
2023-11-02,0.6195872,0.38041285
2023-11-03,0.61958605,0.3804139
2023-11-06,0.61958665,0.38041332
2023-11-07,0.61958826,0.38041177
2023-11-08,0.6195886,0.38041136
2023-11-09,0.61958903,0.38041094
2023-11-10,0.61959016,0.38040984
2023-11-13,0.6195879,0.38041213
2023-11-14,0.61958826,0.3804117
2023-11-15,0.6195866,0.38041344
2023-11-16,0.6195876,0.3804123
2023-11-17,0.61958855,0.38041145
2023-11-20,0.6195891,0.38041094
2023-11-21,0.6195886,0.38041133
2023-11-22,0.61958927,0.3804107
2023-11-24,0.6195892,0.38041076
2023-11-27,0.6195896,0.38041034
2023-11-28,0.6195901,0.3804099
2023-11-29,0.61959016,0.38040984
2023-11-30,0.6195903,0.38040975
2023-12-01,0.61959,0.38041
2023-12-04,0.6195894,0.38041064
2023-12-05,0.61959076,0.3804092
2023-12-06,0.6195908,0.3804092
2023-12-07,0.6195911,0.38040894
2023-12-08,0.61959004,0.38040996
2023-12-11,0.61958975,0.3804103
2023-12-12,0.6195898,0.38041016
2023-12-13,0.61959,0.38040996
2023-12-14,0.6195889,0.38041115
2023-12-15,0.61959,0.38041
2023-12-18,0.6195913,0.38040873
2023-12-19,0.61959094,0.38040906
2023-12-20,0.61959034,0.38040957
2023-12-21,0.61959195,0.38040814
2023-12-22,0.61959064,0.38040936
2023-12-26,0.61959016,0.38040987
2023-12-27,0.61959,0.38041
2023-12-28,0.61959016,0.38040987
2023-12-29,0.6195906,0.3804094
2024-01-02,0.61959094,0.38040903
2024-01-03,0.61959136,0.3804086
2024-01-04,0.61959153,0.38040844
2024-01-05,0.6195913,0.38040876
2024-01-08,0.61959034,0.38040957
2024-01-09,0.61958843,0.38041154
2024-01-10,0.61958927,0.3804107
2024-01-11,0.61958945,0.38041055
2024-01-12,0.61958975,0.38041028
2024-01-16,0.6195901,0.38040996
2024-01-17,0.6195908,0.3804092
2024-01-18,0.6195911,0.38040894
2024-01-19,0.6195896,0.38041034
2024-01-22,0.6195882,0.3804118
2024-01-23,0.6195889,0.3804111
2024-01-24,0.61958975,0.3804102
2024-01-25,0.61959016,0.38040984
2024-01-26,0.61958975,0.38041025
2024-01-29,0.61959034,0.3804097
2024-01-30,0.61958957,0.3804104
2024-01-31,0.61959,0.38040996
2024-02-01,0.61959165,0.38040832
2024-02-02,0.61958957,0.38041043
2024-02-05,0.6195884,0.38041162
2024-02-06,0.6195895,0.3804105
2024-02-07,0.61958945,0.3804105
2024-02-08,0.619589,0.380411
2024-02-09,0.61958945,0.38041058
2024-02-12,0.61958927,0.38041073
2024-02-13,0.6195896,0.3804103
2024-02-14,0.61959124,0.38040876
2024-02-15,0.61958945,0.38041058
2024-02-16,0.61958843,0.3804115
2024-02-20,0.6195896,0.38041034
2024-02-21,0.61959034,0.38040957
2024-02-22,0.61959,0.38041
2024-02-23,0.6195872,0.38041288
2024-02-26,0.6195878,0.38041213
2024-02-27,0.6195894,0.38041058
2024-02-28,0.6195894,0.38041064
2024-02-29,0.6195894,0.3804106
2024-03-01,0.619589,0.38041094
2024-03-04,0.6195884,0.3804116
2024-03-05,0.6195894,0.38041064
2024-03-06,0.6195907,0.3804093
2024-03-07,0.61959,0.38041005
2024-03-08,0.61958855,0.38041148
2024-03-11,0.6195897,0.3804103
2024-03-12,0.6195901,0.38040987
2024-03-13,0.61958873,0.3804113
2024-03-14,0.6195892,0.38041088
2024-03-15,0.6195901,0.3804099
2024-03-18,0.61959064,0.3804094
2024-03-19,0.6195896,0.38041034
2024-03-20,0.6195889,0.3804111
2024-03-21,0.61958843,0.38041154
2024-03-22,0.6195889,0.3804111
2024-03-25,0.61959016,0.3804098
2024-03-26,0.6195908,0.38040918
2024-03-27,0.6195908,0.38040912
2024-03-28,0.6195896,0.38041034
2024-04-01,0.6195899,0.3804101
2024-04-02,0.6195906,0.3804095
2024-04-03,0.61959106,0.38040894
2024-04-04,0.6195906,0.38040942
2024-04-05,0.61959136,0.38040859
2024-04-08,0.6195898,0.3804102
2024-04-09,0.61958957,0.3804105
2024-04-10,0.6195898,0.38041016
2024-04-11,0.6195912,0.38040888
2024-04-12,0.6195898,0.38041016
2024-04-15,0.6195908,0.38040918
2024-04-16,0.6195918,0.38040832
2024-04-17,0.61959064,0.38040936
2024-04-18,0.6195903,0.38040975
2024-04-19,0.61959016,0.38040987
2024-04-22,0.61959064,0.38040936
2024-04-23,0.6195891,0.38041088
2024-04-24,0.6195876,0.38041237
2024-04-25,0.6195886,0.3804114
2024-04-26,0.61958975,0.38041028
2024-04-29,0.6195886,0.38041133
2024-04-30,0.61958855,0.3804115
2024-05-01,0.61959064,0.38040936
2024-05-02,0.61959046,0.38040954
2024-05-03,0.61958855,0.3804115
2024-05-06,0.61958724,0.38041276
2024-05-07,0.6195872,0.38041276
2024-05-08,0.6195883,0.38041168
2024-05-09,0.6195892,0.38041088
2024-05-10,0.6195888,0.3804112
2024-05-13,0.61958903,0.38041094
2024-05-14,0.61958957,0.3804105
2024-05-15,0.6195894,0.38041064
2024-05-16,0.6195882,0.38041177
2024-05-17,0.6195894,0.3804106
2024-05-20,0.6195899,0.3804101
2024-05-21,0.61959,0.38041005
2024-05-22,0.6195898,0.38041016
2024-05-23,0.6195904,0.38040957
2024-05-24,0.6195911,0.38040894
2024-05-28,0.61958987,0.38041013
2024-05-29,0.61958975,0.3804102
2024-05-30,0.61959064,0.3804094
2024-05-31,0.61959124,0.38040876
2024-06-03,0.61958975,0.3804102
2024-06-04,0.61958975,0.3804103
2024-06-05,0.6195903,0.38040975
2024-06-06,0.61958927,0.38041076
2024-06-07,0.6195899,0.38041013
2024-06-10,0.61959076,0.38040924
2024-06-11,0.61959034,0.38040966
2024-06-12,0.6195901,0.38040987
2024-06-13,0.61958945,0.38041055
2024-06-14,0.61958975,0.3804102
2024-06-17,0.6195905,0.3804095
2024-06-18,0.61959,0.38041005
2024-06-20,0.61959,0.38041005
2024-06-21,0.6195908,0.3804092
2024-06-24,0.619591,0.38040903
2024-06-25,0.6195911,0.3804089
2024-06-26,0.6195906,0.38040945
2024-06-27,0.61959046,0.3804095
2024-06-28,0.61959034,0.38040957
2024-07-01,0.6195911,0.38040888
2024-07-02,0.61959094,0.38040903
2024-07-03,0.6195901,0.38040996
2024-07-05,0.61959,0.38041002
2024-07-08,0.61959,0.38041002
2024-07-09,0.61959076,0.3804093
2024-07-10,0.6195911,0.38040894
2024-07-11,0.6195901,0.3804099
2024-07-12,0.6195912,0.38040888
2024-07-15,0.6195907,0.3804093
2024-07-16,0.61959046,0.38040954
2024-07-17,0.61959,0.38041
2024-07-18,0.61959153,0.38040844
2024-07-19,0.619592,0.38040793
2024-07-22,0.61959153,0.38040838
2024-07-23,0.61958945,0.38041055
2024-07-24,0.61958957,0.3804105
2024-07-25,0.61959165,0.38040835
2024-07-26,0.6195912,0.38040888
2024-07-29,0.61958843,0.3804115
2024-07-30,0.6195884,0.38041165
2024-07-31,0.6195894,0.3804106
2024-08-01,0.6195874,0.38041252
2024-08-02,0.61958927,0.38041073
2024-08-05,0.6195911,0.38040894
2024-08-06,0.61959255,0.38040748
2024-08-07,0.6195891,0.38041088
2024-08-08,0.6195882,0.38041177
2024-08-09,0.6195852,0.38041472
2024-08-12,0.61958545,0.38041458
2024-08-13,0.6195869,0.38041312
2024-08-14,0.61958563,0.38041437
2024-08-15,0.6195862,0.38041374
2024-08-16,0.6195855,0.3804145
2024-08-19,0.6195863,0.3804137
2024-08-20,0.6195864,0.3804136
2024-08-21,0.61958736,0.38041267
2024-08-22,0.61958754,0.38041246
2024-08-23,0.61958885,0.38041115
2024-08-26,0.6195874,0.38041255
2024-08-27,0.6195879,0.38041207
2024-08-28,0.6195881,0.38041186
2024-08-29,0.61958873,0.38041124
2024-08-30,0.61958873,0.38041133
2024-09-03,0.61958754,0.38041246
2024-09-04,0.6195898,0.38041016
2024-09-05,0.6195904,0.38040957
2024-09-06,0.6195898,0.3804102
2024-09-09,0.6195909,0.38040912
2024-09-10,0.61958915,0.38041088
2024-09-11,0.61958826,0.3804117
2024-09-12,0.6195878,0.38041216
2024-09-13,0.6195879,0.3804121
2024-09-16,0.6195883,0.38041168
2024-09-17,0.6195892,0.3804108
2024-09-18,0.61958975,0.38041028
2024-09-19,0.6195903,0.38040972
2024-09-20,0.6195881,0.38041186
2024-09-23,0.6195888,0.38041118
2024-09-24,0.6195894,0.3804107
2024-09-25,0.6195893,0.3804107
2024-09-26,0.61958987,0.38041013
2024-09-27,0.61958945,0.38041058
2024-09-30,0.6195896,0.3804103
2024-10-01,0.61958945,0.38041058
2024-10-02,0.61959034,0.38040966
2024-10-03,0.61959064,0.38040933
2024-10-04,0.61959046,0.3804095
2024-10-07,0.6195894,0.3804107
2024-10-08,0.6195907,0.3804093
2024-10-09,0.6195898,0.3804102
2024-10-10,0.6195892,0.3804108
2024-10-11,0.61959004,0.38040996
2024-10-14,0.6195899,0.38041013
2024-10-15,0.61958927,0.3804107
2024-10-16,0.6195906,0.38040945
2024-10-17,0.6195903,0.3804097
2024-10-18,0.6195903,0.38040975
2024-10-21,0.61959016,0.38040984
2024-10-22,0.61959064,0.38040933
2024-10-23,0.6195907,0.3804093
2024-10-24,0.6195915,0.38040853
2024-10-25,0.61959076,0.3804093
2024-10-28,0.6195904,0.38040957
2024-10-29,0.61959,0.38040996
2024-10-30,0.6195899,0.38041005
2024-10-31,0.61959064,0.38040936
2024-11-01,0.61959213,0.38040787
2024-11-04,0.61959076,0.3804093
2024-11-05,0.6195899,0.38041005
2024-11-06,0.61958855,0.38041145
2024-11-07,0.61958605,0.38041392
2024-11-08,0.61958665,0.3804134
2024-11-11,0.61958814,0.38041186
2024-11-12,0.6195891,0.3804109
2024-11-13,0.6195898,0.38041013
2024-11-14,0.6195897,0.3804103
2024-11-15,0.61959016,0.38040987
2024-11-18,0.61959094,0.38040903
2024-11-19,0.6195896,0.3804104
2024-11-20,0.6195886,0.38041136
2024-11-21,0.6195888,0.3804112
2024-11-22,0.61958855,0.38041148
2024-11-25,0.61958855,0.38041148
2024-11-26,0.61958855,0.38041145
2024-11-27,0.6195886,0.38041136
2024-11-29,0.61958927,0.38041073
2024-12-02,0.61958885,0.38041115
2024-12-03,0.6195894,0.38041064
2024-12-04,0.61958975,0.38041025
2024-12-05,0.61958927,0.38041076
2024-12-06,0.61958987,0.38041013
2024-12-09,0.6195906,0.38040942
2024-12-10,0.61959136,0.3804086
2024-12-11,0.61959153,0.3804085
2024-12-12,0.6195903,0.38040975
2024-12-13,0.6195908,0.3804092
2024-12-16,0.61959094,0.38040912
2024-12-17,0.6195902,0.38040975
2024-12-18,0.6195911,0.38040894
2024-12-19,0.6195931,0.38040695
2024-12-20,0.6195914,0.38040859
2024-12-23,0.61958826,0.3804117
2024-12-24,0.6195878,0.38041222
2024-12-26,0.6195873,0.3804127
2024-12-27,0.6195883,0.38041168
2024-12-30,0.6195901,0.3804099
