decision_idx,eval_idx,train_end_idx,decision_date,eval_date,is_update_step,update_attempted,update_applied,gate_mode,gate_passed,gate_reason,gate_val_improvement,gate_relative_improvement
252,252,251,2021-05-18,2021-05-18,1,1,1,confidence,1,bootstrap_accept,0.0003121676854789257,0.04881649446597121
253,253,252,2021-05-19,2021-05-19,0,0,0,confidence,1,not_update_step,,
254,254,253,2021-05-20,2021-05-20,0,0,0,confidence,1,not_update_step,,
255,255,254,2021-05-21,2021-05-21,0,0,0,confidence,1,not_update_step,,
256,256,255,2021-05-24,2021-05-24,1,1,1,confidence,1,confidence_accept,9.729061275720596e-06,0.042641842925286645
257,257,256,2021-05-25,2021-05-25,0,0,0,confidence,1,not_update_step,,
258,258,257,2021-05-26,2021-05-26,0,0,0,confidence,1,not_update_step,,
259,259,258,2021-05-27,2021-05-27,0,0,0,confidence,1,not_update_step,,
260,260,259,2021-05-28,2021-05-28,0,0,0,confidence,1,not_update_step,,
261,261,260,2021-06-01,2021-06-01,1,1,1,confidence,1,confidence_accept,1.0302959708496928e-05,0.05587322490883463
262,262,261,2021-06-02,2021-06-02,0,0,0,confidence,1,not_update_step,,
263,263,262,2021-06-03,2021-06-03,0,0,0,confidence,1,not_update_step,,
264,264,263,2021-06-04,2021-06-04,0,0,0,confidence,1,not_update_step,,
265,265,264,2021-06-07,2021-06-07,1,1,1,confidence,1,confidence_accept,1.07490923255682e-05,0.012788141391431708
266,266,265,2021-06-08,2021-06-08,0,0,0,confidence,1,not_update_step,,
267,267,266,2021-06-09,2021-06-09,0,0,0,confidence,1,not_update_step,,
268,268,267,2021-06-10,2021-06-10,0,0,0,confidence,1,not_update_step,,
269,269,268,2021-06-11,2021-06-11,0,0,0,confidence,1,not_update_step,,
270,270,269,2021-06-14,2021-06-14,1,1,1,confidence,1,confidence_accept,1.3490207493305206e-06,0.0006277436016582076
271,271,270,2021-06-15,2021-06-15,0,0,0,confidence,1,not_update_step,,
272,272,271,2021-06-16,2021-06-16,0,0,0,confidence,1,not_update_step,,
273,273,272,2021-06-17,2021-06-17,0,0,0,confidence,1,not_update_step,,
274,274,273,2021-06-18,2021-06-18,0,0,0,confidence,1,not_update_step,,
275,275,274,2021-06-21,2021-06-21,1,1,1,confidence,1,confidence_accept,5.156034603714943e-07,0.0004394619568951274
276,276,275,2021-06-22,2021-06-22,0,0,0,confidence,1,not_update_step,,
277,277,276,2021-06-23,2021-06-23,0,0,0,confidence,1,not_update_step,,
278,278,277,2021-06-24,2021-06-24,0,0,0,confidence,1,not_update_step,,
279,279,278,2021-06-25,2021-06-25,0,0,0,confidence,1,not_update_step,,
280,280,279,2021-06-28,2021-06-28,1,1,0,confidence,0,weak_val_improvement,-2.4084001779556274e-06,-0.001549549518862138
281,281,280,2021-06-29,2021-06-29,0,0,0,confidence,1,not_update_step,,
282,282,281,2021-06-30,2021-06-30,0,0,0,confidence,1,not_update_step,,
283,283,282,2021-07-01,2021-07-01,0,0,0,confidence,1,not_update_step,,
284,284,283,2021-07-02,2021-07-02,0,0,0,confidence,1,not_update_step,,
285,285,284,2021-07-06,2021-07-06,1,1,0,confidence,0,weak_val_improvement,-6.482470780611038e-06,-0.003224728927510648
286,286,285,2021-07-07,2021-07-07,0,0,0,confidence,1,not_update_step,,
287,287,286,2021-07-08,2021-07-08,0,0,0,confidence,1,not_update_step,,
288,288,287,2021-07-09,2021-07-09,0,0,0,confidence,1,not_update_step,,
289,289,288,2021-07-12,2021-07-12,1,1,0,confidence,0,weak_val_improvement,-8.124392479658127e-06,-0.003909186856108132
290,290,289,2021-07-13,2021-07-13,0,0,0,confidence,1,not_update_step,,
291,291,290,2021-07-14,2021-07-14,0,0,0,confidence,1,not_update_step,,
292,292,291,2021-07-15,2021-07-15,0,0,0,confidence,1,not_update_step,,
293,293,292,2021-07-16,2021-07-16,0,0,0,confidence,1,not_update_step,,
294,294,293,2021-07-19,2021-07-19,1,1,1,confidence,1,confidence_accept,3.2821553759276867e-06,0.004643236515471126
295,295,294,2021-07-20,2021-07-20,0,0,0,confidence,1,not_update_step,,
296,296,295,2021-07-21,2021-07-21,0,0,0,confidence,1,not_update_step,,
297,297,296,2021-07-22,2021-07-22,0,0,0,confidence,1,not_update_step,,
298,298,297,2021-07-23,2021-07-23,0,0,0,confidence,1,not_update_step,,
299,299,298,2021-07-26,2021-07-26,1,1,1,confidence,1,confidence_accept,1.2131640687584877e-06,0.0010770041973035937
300,300,299,2021-07-27,2021-07-27,0,0,0,confidence,1,not_update_step,,
301,301,300,2021-07-28,2021-07-28,0,0,0,confidence,1,not_update_step,,
302,302,301,2021-07-29,2021-07-29,0,0,0,confidence,1,not_update_step,,
303,303,302,2021-07-30,2021-07-30,0,0,0,confidence,1,not_update_step,,
304,304,303,2021-08-02,2021-08-02,1,1,0,confidence,0,weak_val_improvement,-4.8103975132107735e-06,-0.002900667458533706
305,305,304,2021-08-03,2021-08-03,0,0,0,confidence,1,not_update_step,,
306,306,305,2021-08-04,2021-08-04,0,0,0,confidence,1,not_update_step,,
307,307,306,2021-08-05,2021-08-05,0,0,0,confidence,1,not_update_step,,
308,308,307,2021-08-06,2021-08-06,0,0,0,confidence,1,not_update_step,,
309,309,308,2021-08-09,2021-08-09,1,1,0,confidence,0,weak_val_improvement,-2.147955819964409e-05,-0.006855447724595802
310,310,309,2021-08-10,2021-08-10,0,0,0,confidence,1,not_update_step,,
311,311,310,2021-08-11,2021-08-11,0,0,0,confidence,1,not_update_step,,
312,312,311,2021-08-12,2021-08-12,0,0,0,confidence,1,not_update_step,,
313,313,312,2021-08-13,2021-08-13,0,0,0,confidence,1,not_update_step,,
314,314,313,2021-08-16,2021-08-16,1,1,0,confidence,0,weak_val_improvement,-2.3676548153162003e-05,-0.006974150172131426
315,315,314,2021-08-17,2021-08-17,0,0,0,confidence,1,not_update_step,,
316,316,315,2021-08-18,2021-08-18,0,0,0,confidence,1,not_update_step,,
317,317,316,2021-08-19,2021-08-19,0,0,0,confidence,1,not_update_step,,
318,318,317,2021-08-20,2021-08-20,0,0,0,confidence,1,not_update_step,,
319,319,318,2021-08-23,2021-08-23,1,1,0,confidence,0,weak_val_improvement,-1.3334676623344421e-05,-0.0052943224305648075
320,320,319,2021-08-24,2021-08-24,0,0,0,confidence,1,not_update_step,,
321,321,320,2021-08-25,2021-08-25,0,0,0,confidence,1,not_update_step,,
322,322,321,2021-08-26,2021-08-26,0,0,0,confidence,1,not_update_step,,
323,323,322,2021-08-27,2021-08-27,0,0,0,confidence,1,not_update_step,,
324,324,323,2021-08-30,2021-08-30,1,1,0,confidence,0,weak_val_improvement,-2.8182286769151688e-05,-0.010331643340529908
325,325,324,2021-08-31,2021-08-31,0,0,0,confidence,1,not_update_step,,
326,326,325,2021-09-01,2021-09-01,0,0,0,confidence,1,not_update_step,,
327,327,326,2021-09-02,2021-09-02,0,0,0,confidence,1,not_update_step,,
328,328,327,2021-09-03,2021-09-03,0,0,0,confidence,1,not_update_step,,
329,329,328,2021-09-07,2021-09-07,1,1,0,confidence,0,weak_val_improvement,-4.3930718675255775e-05,-0.012789721095340708
330,330,329,2021-09-08,2021-09-08,0,0,0,confidence,1,not_update_step,,
331,331,330,2021-09-09,2021-09-09,0,0,0,confidence,1,not_update_step,,
332,332,331,2021-09-10,2021-09-10,0,0,0,confidence,1,not_update_step,,
333,333,332,2021-09-13,2021-09-13,1,1,0,confidence,0,weak_val_improvement,-3.9532314985990524e-05,-0.014676155611070241
334,334,333,2021-09-14,2021-09-14,0,0,0,confidence,1,not_update_step,,
335,335,334,2021-09-15,2021-09-15,0,0,0,confidence,1,not_update_step,,
336,336,335,2021-09-16,2021-09-16,0,0,0,confidence,1,not_update_step,,
337,337,336,2021-09-17,2021-09-17,0,0,0,confidence,1,not_update_step,,
338,338,337,2021-09-20,2021-09-20,1,1,0,confidence,0,weak_val_improvement,-3.183633089065552e-05,-0.014755146316611834
339,339,338,2021-09-21,2021-09-21,0,0,0,confidence,1,not_update_step,,
340,340,339,2021-09-22,2021-09-22,0,0,0,confidence,1,not_update_step,,
341,341,340,2021-09-23,2021-09-23,0,0,0,confidence,1,not_update_step,,
342,342,341,2021-09-24,2021-09-24,0,0,0,confidence,1,not_update_step,,
343,343,342,2021-09-27,2021-09-27,1,1,0,confidence,0,weak_val_improvement,-1.4453893527388573e-05,-0.006895513730755619
344,344,343,2021-09-28,2021-09-28,0,0,0,confidence,1,not_update_step,,
345,345,344,2021-09-29,2021-09-29,0,0,0,confidence,1,not_update_step,,
346,346,345,2021-09-30,2021-09-30,0,0,0,confidence,1,not_update_step,,
347,347,346,2021-10-01,2021-10-01,0,0,0,confidence,1,not_update_step,,
348,348,347,2021-10-04,2021-10-04,1,1,0,confidence,0,weak_val_improvement,-1.0624004062265158e-05,-0.011672770504250418
349,349,348,2021-10-05,2021-10-05,0,0,0,confidence,1,not_update_step,,
350,350,349,2021-10-06,2021-10-06,0,0,0,confidence,1,not_update_step,,
351,351,350,2021-10-07,2021-10-07,0,0,0,confidence,1,not_update_step,,
352,352,351,2021-10-08,2021-10-08,0,0,0,confidence,1,not_update_step,,
353,353,352,2021-10-11,2021-10-11,1,1,1,confidence,1,confidence_accept,9.058116120286286e-06,0.0832556958297535
354,354,353,2021-10-12,2021-10-12,0,0,0,confidence,1,not_update_step,,
355,355,354,2021-10-13,2021-10-13,0,0,0,confidence,1,not_update_step,,
356,356,355,2021-10-14,2021-10-14,0,0,0,confidence,1,not_update_step,,
357,357,356,2021-10-15,2021-10-15,0,0,0,confidence,1,not_update_step,,
358,358,357,2021-10-18,2021-10-18,1,1,0,confidence,0,weak_val_improvement,-2.841989044100046e-06,-0.004484811568834534
359,359,358,2021-10-19,2021-10-19,0,0,0,confidence,1,not_update_step,,
360,360,359,2021-10-20,2021-10-20,0,0,0,confidence,1,not_update_step,,
361,361,360,2021-10-21,2021-10-21,0,0,0,confidence,1,not_update_step,,
362,362,361,2021-10-22,2021-10-22,0,0,0,confidence,1,not_update_step,,
363,363,362,2021-10-25,2021-10-25,1,1,0,confidence,0,weak_val_improvement,-5.899230018258095e-06,-0.005895175138652582
364,364,363,2021-10-26,2021-10-26,0,0,0,confidence,1,not_update_step,,
365,365,364,2021-10-27,2021-10-27,0,0,0,confidence,1,not_update_step,,
366,366,365,2021-10-28,2021-10-28,0,0,0,confidence,1,not_update_step,,
367,367,366,2021-10-29,2021-10-29,0,0,0,confidence,1,not_update_step,,
368,368,367,2021-11-01,2021-11-01,1,1,0,confidence,0,weak_val_improvement,-1.4423858374357224e-05,-0.007009706658190923
369,369,368,2021-11-02,2021-11-02,0,0,0,confidence,1,not_update_step,,
370,370,369,2021-11-03,2021-11-03,0,0,0,confidence,1,not_update_step,,
371,371,370,2021-11-04,2021-11-04,0,0,0,confidence,1,not_update_step,,
372,372,371,2021-11-05,2021-11-05,0,0,0,confidence,1,not_update_step,,
373,373,372,2021-11-08,2021-11-08,1,1,0,confidence,0,weak_val_improvement,-1.9367667846381664e-05,-0.00998056941889671
374,374,373,2021-11-09,2021-11-09,0,0,0,confidence,1,not_update_step,,
375,375,374,2021-11-10,2021-11-10,0,0,0,confidence,1,not_update_step,,
376,376,375,2021-11-11,2021-11-11,0,0,0,confidence,1,not_update_step,,
377,377,376,2021-11-12,2021-11-12,0,0,0,confidence,1,not_update_step,,
378,378,377,2021-11-15,2021-11-15,1,1,0,confidence,0,weak_val_improvement,-2.7615344151854515e-05,-0.012894349753773678
379,379,378,2021-11-16,2021-11-16,0,0,0,confidence,1,not_update_step,,
380,380,379,2021-11-17,2021-11-17,0,0,0,confidence,1,not_update_step,,
381,381,380,2021-11-18,2021-11-18,0,0,0,confidence,1,not_update_step,,
382,382,381,2021-11-19,2021-11-19,0,0,0,confidence,1,not_update_step,,
383,383,382,2021-11-22,2021-11-22,1,1,0,confidence,0,weak_val_improvement,-1.2630131095647812e-05,-0.007450792808115451
384,384,383,2021-11-23,2021-11-23,0,0,0,confidence,1,not_update_step,,
385,385,384,2021-11-24,2021-11-24,0,0,0,confidence,1,not_update_step,,
386,386,385,2021-11-26,2021-11-26,0,0,0,confidence,1,not_update_step,,
387,387,386,2021-11-29,2021-11-29,1,1,0,confidence,0,weak_val_improvement,-6.596092134714127e-07,-0.0009706195702605729
388,388,387,2021-11-30,2021-11-30,0,0,0,confidence,1,not_update_step,,
389,389,388,2021-12-01,2021-12-01,0,0,0,confidence,1,not_update_step,,
390,390,389,2021-12-02,2021-12-02,0,0,0,confidence,1,not_update_step,,
391,391,390,2021-12-03,2021-12-03,0,0,0,confidence,1,not_update_step,,
392,392,391,2021-12-06,2021-12-06,1,1,1,confidence,1,confidence_accept,1.3477270840667188e-05,0.05236324376202294
393,393,392,2021-12-07,2021-12-07,0,0,0,confidence,1,not_update_step,,
394,394,393,2021-12-08,2021-12-08,0,0,0,confidence,1,not_update_step,,
395,395,394,2021-12-09,2021-12-09,0,0,0,confidence,1,not_update_step,,
396,396,395,2021-12-10,2021-12-10,0,0,0,confidence,1,not_update_step,,
397,397,396,2021-12-13,2021-12-13,1,1,1,confidence,1,confidence_accept,1.1454860214143991e-05,0.014545733787054132
398,398,397,2021-12-14,2021-12-14,0,0,0,confidence,1,not_update_step,,
399,399,398,2021-12-15,2021-12-15,0,0,0,confidence,1,not_update_step,,
400,400,399,2021-12-16,2021-12-16,0,0,0,confidence,1,not_update_step,,
401,401,400,2021-12-17,2021-12-17,0,0,0,confidence,1,not_update_step,,
402,402,401,2021-12-20,2021-12-20,1,1,1,confidence,1,confidence_accept,2.9873772291466594e-05,0.05822703184658149
403,403,402,2021-12-21,2021-12-21,0,0,0,confidence,1,not_update_step,,
404,404,403,2021-12-22,2021-12-22,0,0,0,confidence,1,not_update_step,,
405,405,404,2021-12-23,2021-12-23,0,0,0,confidence,1,not_update_step,,
406,406,405,2021-12-27,2021-12-27,1,1,1,confidence,1,confidence_accept,2.9580958653241396e-05,0.1716894072467238
407,407,406,2021-12-28,2021-12-28,0,0,0,confidence,1,not_update_step,,
408,408,407,2021-12-29,2021-12-29,0,0,0,confidence,1,not_update_step,,
409,409,408,2021-12-30,2021-12-30,0,0,0,confidence,1,not_update_step,,
410,410,409,2021-12-31,2021-12-31,0,0,0,confidence,1,not_update_step,,
411,411,410,2022-01-03,2022-01-03,1,1,1,confidence,1,confidence_accept,3.7815378163941205e-05,0.19228272715266148
412,412,411,2022-01-04,2022-01-04,0,0,0,confidence,1,not_update_step,,
413,413,412,2022-01-05,2022-01-05,0,0,0,confidence,1,not_update_step,,
414,414,413,2022-01-06,2022-01-06,0,0,0,confidence,1,not_update_step,,
415,415,414,2022-01-07,2022-01-07,0,0,0,confidence,1,not_update_step,,
416,416,415,2022-01-10,2022-01-10,1,1,1,confidence,1,confidence_accept,5.366664845496416e-05,0.07448277500862953
417,417,416,2022-01-11,2022-01-11,0,0,0,confidence,1,not_update_step,,
418,418,417,2022-01-12,2022-01-12,0,0,0,confidence,1,not_update_step,,
419,419,418,2022-01-13,2022-01-13,0,0,0,confidence,1,not_update_step,,
420,420,419,2022-01-14,2022-01-14,0,0,0,confidence,1,not_update_step,,
421,421,420,2022-01-18,2022-01-18,1,1,1,confidence,1,confidence_accept,4.138180520385504e-05,0.04060541145624434
422,422,421,2022-01-19,2022-01-19,0,0,0,confidence,1,not_update_step,,
423,423,422,2022-01-20,2022-01-20,0,0,0,confidence,1,not_update_step,,
424,424,423,2022-01-21,2022-01-21,0,0,0,confidence,1,not_update_step,,
425,425,424,2022-01-24,2022-01-24,1,1,1,confidence,1,confidence_accept,2.8794165700674057e-05,0.01732527191838315
426,426,425,2022-01-25,2022-01-25,0,0,0,confidence,1,not_update_step,,
427,427,426,2022-01-26,2022-01-26,0,0,0,confidence,1,not_update_step,,
428,428,427,2022-01-27,2022-01-27,0,0,0,confidence,1,not_update_step,,
429,429,428,2022-01-28,2022-01-28,0,0,0,confidence,1,not_update_step,,
430,430,429,2022-01-31,2022-01-31,1,1,1,confidence,1,confidence_accept,1.8152175471186638e-05,0.009521623972746553
431,431,430,2022-02-01,2022-02-01,0,0,0,confidence,1,not_update_step,,
432,432,431,2022-02-02,2022-02-02,0,0,0,confidence,1,not_update_step,,
433,433,432,2022-02-03,2022-02-03,0,0,0,confidence,1,not_update_step,,
434,434,433,2022-02-04,2022-02-04,0,0,0,confidence,1,not_update_step,,
435,435,434,2022-02-07,2022-02-07,1,1,1,confidence,1,confidence_accept,8.404138498008251e-06,0.008233117032642569
436,436,435,2022-02-08,2022-02-08,0,0,0,confidence,1,not_update_step,,
437,437,436,2022-02-09,2022-02-09,0,0,0,confidence,1,not_update_step,,
438,438,437,2022-02-10,2022-02-10,0,0,0,confidence,1,not_update_step,,
439,439,438,2022-02-11,2022-02-11,0,0,0,confidence,1,not_update_step,,
440,440,439,2022-02-14,2022-02-14,1,1,1,confidence,1,confidence_accept,9.073014371097088e-05,0.04900964008847842
441,441,440,2022-02-15,2022-02-15,0,0,0,confidence,1,not_update_step,,
442,442,441,2022-02-16,2022-02-16,0,0,0,confidence,1,not_update_step,,
443,443,442,2022-02-17,2022-02-17,0,0,0,confidence,1,not_update_step,,
444,444,443,2022-02-18,2022-02-18,0,0,0,confidence,1,not_update_step,,
445,445,444,2022-02-22,2022-02-22,1,1,1,confidence,1,confidence_accept,2.224370837211609e-05,0.004584474860358642
446,446,445,2022-02-23,2022-02-23,0,0,0,confidence,1,not_update_step,,
447,447,446,2022-02-24,2022-02-24,0,0,0,confidence,1,not_update_step,,
448,448,447,2022-02-25,2022-02-25,0,0,0,confidence,1,not_update_step,,
449,449,448,2022-02-28,2022-02-28,1,1,0,confidence,0,weak_val_improvement,-2.5845132768154144e-05,-0.0025424391086951194
450,450,449,2022-03-01,2022-03-01,0,0,0,confidence,1,not_update_step,,
451,451,450,2022-03-02,2022-03-02,0,0,0,confidence,1,not_update_step,,
452,452,451,2022-03-03,2022-03-03,0,0,0,confidence,1,not_update_step,,
453,453,452,2022-03-04,2022-03-04,0,0,0,confidence,1,not_update_step,,
454,454,453,2022-03-07,2022-03-07,1,1,0,confidence,0,weak_val_improvement,-2.6806257665157318e-05,-0.002196490636136864
455,455,454,2022-03-08,2022-03-08,0,0,0,confidence,1,not_update_step,,
456,456,455,2022-03-09,2022-03-09,0,0,0,confidence,1,not_update_step,,
457,457,456,2022-03-10,2022-03-10,0,0,0,confidence,1,not_update_step,,
458,458,457,2022-03-11,2022-03-11,0,0,0,confidence,1,not_update_step,,
459,459,458,2022-03-14,2022-03-14,1,1,0,confidence,0,weak_val_improvement,-2.625212073326111e-05,-0.0013707503237966384
460,460,459,2022-03-15,2022-03-15,0,0,0,confidence,1,not_update_step,,
461,461,460,2022-03-16,2022-03-16,0,0,0,confidence,1,not_update_step,,
462,462,461,2022-03-17,2022-03-17,0,0,0,confidence,1,not_update_step,,
463,463,462,2022-03-18,2022-03-18,0,0,0,confidence,1,not_update_step,,
464,464,463,2022-03-21,2022-03-21,1,1,0,confidence,0,weak_val_improvement,-3.0586495995521545e-05,-0.0012174141902665735
465,465,464,2022-03-22,2022-03-22,0,0,0,confidence,1,not_update_step,,
466,466,465,2022-03-23,2022-03-23,0,0,0,confidence,1,not_update_step,,
467,467,466,2022-03-24,2022-03-24,0,0,0,confidence,1,not_update_step,,
468,468,467,2022-03-25,2022-03-25,0,0,0,confidence,1,not_update_step,,
469,469,468,2022-03-28,2022-03-28,1,1,0,confidence,0,weak_val_improvement,-2.9956921935081482e-05,-0.001149983175293717
470,470,469,2022-03-29,2022-03-29,0,0,0,confidence,1,not_update_step,,
471,471,470,2022-03-30,2022-03-30,0,0,0,confidence,1,not_update_step,,
472,472,471,2022-03-31,2022-03-31,0,0,0,confidence,1,not_update_step,,
473,473,472,2022-04-01,2022-04-01,0,0,0,confidence,1,not_update_step,,
474,474,473,2022-04-04,2022-04-04,1,1,0,confidence,0,weak_val_improvement,-3.69437038898468e-05,-0.001328134542110782
475,475,474,2022-04-05,2022-04-05,0,0,0,confidence,1,not_update_step,,
476,476,475,2022-04-06,2022-04-06,0,0,0,confidence,1,not_update_step,,
477,477,476,2022-04-07,2022-04-07,0,0,0,confidence,1,not_update_step,,
478,478,477,2022-04-08,2022-04-08,0,0,0,confidence,1,not_update_step,,
479,479,478,2022-04-11,2022-04-11,1,1,0,confidence,0,weak_val_improvement,-2.7496367692947388e-05,-0.0009703284701537269
480,480,479,2022-04-12,2022-04-12,0,0,0,confidence,1,not_update_step,,
481,481,480,2022-04-13,2022-04-13,0,0,0,confidence,1,not_update_step,,
482,482,481,2022-04-14,2022-04-14,0,0,0,confidence,1,not_update_step,,
483,483,482,2022-04-18,2022-04-18,1,1,0,confidence,0,weak_val_improvement,-2.7319416403770447e-05,-0.0009727103901199219
484,484,483,2022-04-19,2022-04-19,0,0,0,confidence,1,not_update_step,,
485,485,484,2022-04-20,2022-04-20,0,0,0,confidence,1,not_update_step,,
486,486,485,2022-04-21,2022-04-21,0,0,0,confidence,1,not_update_step,,
487,487,486,2022-04-22,2022-04-22,0,0,0,confidence,1,not_update_step,,
488,488,487,2022-04-25,2022-04-25,1,1,0,confidence,0,weak_val_improvement,-2.4063512682914734e-05,-0.000837855204790398
489,489,488,2022-04-26,2022-04-26,0,0,0,confidence,1,not_update_step,,
490,490,489,2022-04-27,2022-04-27,0,0,0,confidence,1,not_update_step,,
491,491,490,2022-04-28,2022-04-28,0,0,0,confidence,1,not_update_step,,
492,492,491,2022-04-29,2022-04-29,0,0,0,confidence,1,not_update_step,,
493,493,492,2022-05-02,2022-05-02,1,1,0,confidence,0,weak_val_improvement,-2.3242086172103882e-05,-0.0006863144670904863
494,494,493,2022-05-03,2022-05-03,0,0,0,confidence,1,not_update_step,,
495,495,494,2022-05-04,2022-05-04,0,0,0,confidence,1,not_update_step,,
496,496,495,2022-05-05,2022-05-05,0,0,0,confidence,1,not_update_step,,
497,497,496,2022-05-06,2022-05-06,0,0,0,confidence,1,not_update_step,,
498,498,497,2022-05-09,2022-05-09,1,1,0,confidence,0,weak_val_improvement,-1.852959394454956e-05,-0.0004753662513349864
499,499,498,2022-05-10,2022-05-10,0,0,0,confidence,1,not_update_step,,
500,500,499,2022-05-11,2022-05-11,0,0,0,confidence,1,not_update_step,,
501,501,500,2022-05-12,2022-05-12,0,0,0,confidence,1,not_update_step,,
502,502,501,2022-05-13,2022-05-13,0,0,0,confidence,1,not_update_step,,
503,503,502,2022-05-16,2022-05-16,1,1,0,confidence,0,weak_val_improvement,-1.8127262592315674e-05,-0.0003913278027301712
504,504,503,2022-05-17,2022-05-17,0,0,0,confidence,1,not_update_step,,
505,505,504,2022-05-18,2022-05-18,0,0,0,confidence,1,not_update_step,,
506,506,505,2022-05-19,2022-05-19,0,0,0,confidence,1,not_update_step,,
507,507,506,2022-05-20,2022-05-20,0,0,0,confidence,1,not_update_step,,
508,508,507,2022-05-23,2022-05-23,1,1,0,confidence,0,weak_val_improvement,-1.6961246728897095e-05,-0.00034416699680450154
509,509,508,2022-05-24,2022-05-24,0,0,0,confidence,1,not_update_step,,
510,510,509,2022-05-25,2022-05-25,0,0,0,confidence,1,not_update_step,,
511,511,510,2022-05-26,2022-05-26,0,0,0,confidence,1,not_update_step,,
512,512,511,2022-05-27,2022-05-27,0,0,0,confidence,1,not_update_step,,
513,513,512,2022-05-31,2022-05-31,1,1,0,confidence,0,weak_val_improvement,-1.4632940292358398e-05,-0.0002763076852032331
514,514,513,2022-06-01,2022-06-01,0,0,0,confidence,1,not_update_step,,
515,515,514,2022-06-02,2022-06-02,0,0,0,confidence,1,not_update_step,,
516,516,515,2022-06-03,2022-06-03,0,0,0,confidence,1,not_update_step,,
517,517,516,2022-06-06,2022-06-06,1,1,0,confidence,0,weak_val_improvement,-7.819384336471558e-06,-0.00014714085136583387
518,518,517,2022-06-07,2022-06-07,0,0,0,confidence,1,not_update_step,,
519,519,518,2022-06-08,2022-06-08,0,0,0,confidence,1,not_update_step,,
520,520,519,2022-06-09,2022-06-09,0,0,0,confidence,1,not_update_step,,
521,521,520,2022-06-10,2022-06-10,0,0,0,confidence,1,not_update_step,,
522,522,521,2022-06-13,2022-06-13,1,1,1,confidence,1,confidence_accept,2.473592758178711e-06,4.544067808357787e-05
523,523,522,2022-06-14,2022-06-14,0,0,0,confidence,1,not_update_step,,
524,524,523,2022-06-15,2022-06-15,0,0,0,confidence,1,not_update_step,,
525,525,524,2022-06-16,2022-06-16,0,0,0,confidence,1,not_update_step,,
526,526,525,2022-06-17,2022-06-17,0,0,0,confidence,1,not_update_step,,
527,527,526,2022-06-21,2022-06-21,1,1,0,confidence,0,weak_val_improvement,-9.723007678985596e-07,-1.622635226724692e-05
528,528,527,2022-06-22,2022-06-22,0,0,0,confidence,1,not_update_step,,
529,529,528,2022-06-23,2022-06-23,0,0,0,confidence,1,not_update_step,,
530,530,529,2022-06-24,2022-06-24,0,0,0,confidence,1,not_update_step,,
531,531,530,2022-06-27,2022-06-27,1,1,1,confidence,1,confidence_accept,1.173466444015503e-06,1.9581190047430847e-05
532,532,531,2022-06-28,2022-06-28,0,0,0,confidence,1,not_update_step,,
533,533,532,2022-06-29,2022-06-29,0,0,0,confidence,1,not_update_step,,
534,534,533,2022-06-30,2022-06-30,0,0,0,confidence,1,not_update_step,,
535,535,534,2022-07-01,2022-07-01,0,0,0,confidence,1,not_update_step,,
536,536,535,2022-07-05,2022-07-05,1,1,0,confidence,0,weak_val_improvement,-7.711350917816162e-07,-1.293622254780637e-05
537,537,536,2022-07-06,2022-07-06,0,0,0,confidence,1,not_update_step,,
538,538,537,2022-07-07,2022-07-07,0,0,0,confidence,1,not_update_step,,
539,539,538,2022-07-08,2022-07-08,0,0,0,confidence,1,not_update_step,,
540,540,539,2022-07-11,2022-07-11,1,1,0,confidence,0,weak_val_improvement,-3.5800039768218994e-06,-6.280665627577969e-05
541,541,540,2022-07-12,2022-07-12,0,0,0,confidence,1,not_update_step,,
542,542,541,2022-07-13,2022-07-13,0,0,0,confidence,1,not_update_step,,
543,543,542,2022-07-14,2022-07-14,0,0,0,confidence,1,not_update_step,,
544,544,543,2022-07-15,2022-07-15,0,0,0,confidence,1,not_update_step,,
545,545,544,2022-07-18,2022-07-18,1,1,0,confidence,0,weak_val_improvement,-5.122274160385132e-06,-9.118389656413925e-05
546,546,545,2022-07-19,2022-07-19,0,0,0,confidence,1,not_update_step,,
547,547,546,2022-07-20,2022-07-20,0,0,0,confidence,1,not_update_step,,
548,548,547,2022-07-21,2022-07-21,0,0,0,confidence,1,not_update_step,,
549,549,548,2022-07-22,2022-07-22,0,0,0,confidence,1,not_update_step,,
550,550,549,2022-07-25,2022-07-25,1,1,0,confidence,0,weak_val_improvement,-3.7960708141326904e-06,-6.987921798785994e-05
551,551,550,2022-07-26,2022-07-26,0,0,0,confidence,1,not_update_step,,
552,552,551,2022-07-27,2022-07-27,0,0,0,confidence,1,not_update_step,,
553,553,552,2022-07-28,2022-07-28,0,0,0,confidence,1,not_update_step,,
554,554,553,2022-07-29,2022-07-29,0,0,0,confidence,1,not_update_step,,
555,555,554,2022-08-01,2022-08-01,1,1,1,confidence,1,confidence_accept,4.187226295471191e-06,7.47569766403026e-05
556,556,555,2022-08-02,2022-08-02,0,0,0,confidence,1,not_update_step,,
557,557,556,2022-08-03,2022-08-03,0,0,0,confidence,1,not_update_step,,
558,558,557,2022-08-04,2022-08-04,0,0,0,confidence,1,not_update_step,,
559,559,558,2022-08-05,2022-08-05,0,0,0,confidence,1,not_update_step,,
560,560,559,2022-08-08,2022-08-08,1,1,1,confidence,1,confidence_accept,0.0009909123182296753,0.01408810558294694
561,561,560,2022-08-09,2022-08-09,0,0,0,confidence,1,not_update_step,,
562,562,561,2022-08-10,2022-08-10,0,0,0,confidence,1,not_update_step,,
563,563,562,2022-08-11,2022-08-11,0,0,0,confidence,1,not_update_step,,
564,564,563,2022-08-12,2022-08-12,0,0,0,confidence,1,not_update_step,,
565,565,564,2022-08-15,2022-08-15,1,1,1,confidence,1,confidence_accept,0.0021947696805000305,0.03247876421945989
566,566,565,2022-08-16,2022-08-16,0,0,0,confidence,1,not_update_step,,
567,567,566,2022-08-17,2022-08-17,0,0,0,confidence,1,not_update_step,,
568,568,567,2022-08-18,2022-08-18,0,0,0,confidence,1,not_update_step,,
569,569,568,2022-08-19,2022-08-19,0,0,0,confidence,1,not_update_step,,
570,570,569,2022-08-22,2022-08-22,1,1,1,confidence,1,confidence_accept,0.0030945055186748505,0.049483396143259716
571,571,570,2022-08-23,2022-08-23,0,0,0,confidence,1,not_update_step,,
572,572,571,2022-08-24,2022-08-24,0,0,0,confidence,1,not_update_step,,
573,573,572,2022-08-25,2022-08-25,0,0,0,confidence,1,not_update_step,,
574,574,573,2022-08-26,2022-08-26,0,0,0,confidence,1,not_update_step,,
575,575,574,2022-08-29,2022-08-29,1,1,1,confidence,1,confidence_accept,0.0032324641942977905,0.055082600602596565
576,576,575,2022-08-30,2022-08-30,0,0,0,confidence,1,not_update_step,,
577,577,576,2022-08-31,2022-08-31,0,0,0,confidence,1,not_update_step,,
578,578,577,2022-09-01,2022-09-01,0,0,0,confidence,1,not_update_step,,
579,579,578,2022-09-02,2022-09-02,0,0,0,confidence,1,not_update_step,,
580,580,579,2022-09-06,2022-09-06,1,1,1,confidence,1,confidence_accept,0.0029995888471603394,0.05791012177759748
581,581,580,2022-09-07,2022-09-07,0,0,0,confidence,1,not_update_step,,
582,582,581,2022-09-08,2022-09-08,0,0,0,confidence,1,not_update_step,,
583,583,582,2022-09-09,2022-09-09,0,0,0,confidence,1,not_update_step,,
584,584,583,2022-09-12,2022-09-12,1,1,1,confidence,1,confidence_accept,0.0018997006118297577,0.041073995242893305
585,585,584,2022-09-13,2022-09-13,0,0,0,confidence,1,not_update_step,,
586,586,585,2022-09-14,2022-09-14,0,0,0,confidence,1,not_update_step,,
587,587,586,2022-09-15,2022-09-15,0,0,0,confidence,1,not_update_step,,
588,588,587,2022-09-16,2022-09-16,0,0,0,confidence,1,not_update_step,,
589,589,588,2022-09-19,2022-09-19,1,1,1,confidence,1,confidence_accept,0.0012586042284965515,0.02693034954221506
590,590,589,2022-09-20,2022-09-20,0,0,0,confidence,1,not_update_step,,
591,591,590,2022-09-21,2022-09-21,0,0,0,confidence,1,not_update_step,,
592,592,591,2022-09-22,2022-09-22,0,0,0,confidence,1,not_update_step,,
593,593,592,2022-09-23,2022-09-23,0,0,0,confidence,1,not_update_step,,
594,594,593,2022-09-26,2022-09-26,1,1,1,confidence,1,confidence_accept,0.00132070854306221,0.03298022330745214
595,595,594,2022-09-27,2022-09-27,0,0,0,confidence,1,not_update_step,,
596,596,595,2022-09-28,2022-09-28,0,0,0,confidence,1,not_update_step,,
597,597,596,2022-09-29,2022-09-29,0,0,0,confidence,1,not_update_step,,
598,598,597,2022-09-30,2022-09-30,0,0,0,confidence,1,not_update_step,,
599,599,598,2022-10-03,2022-10-03,1,1,1,confidence,1,confidence_accept,0.0012837089598178864,0.041303384373964164
600,600,599,2022-10-04,2022-10-04,0,0,0,confidence,1,not_update_step,,
601,601,600,2022-10-05,2022-10-05,0,0,0,confidence,1,not_update_step,,
602,602,601,2022-10-06,2022-10-06,0,0,0,confidence,1,not_update_step,,
603,603,602,2022-10-07,2022-10-07,0,0,0,confidence,1,not_update_step,,
604,604,603,2022-10-10,2022-10-10,1,1,1,confidence,1,confidence_accept,0.0010119732469320297,0.032021753377396975
605,605,604,2022-10-11,2022-10-11,0,0,0,confidence,1,not_update_step,,
606,606,605,2022-10-12,2022-10-12,0,0,0,confidence,1,not_update_step,,
607,607,606,2022-10-13,2022-10-13,0,0,0,confidence,1,not_update_step,,
608,608,607,2022-10-14,2022-10-14,0,0,0,confidence,1,not_update_step,,
609,609,608,2022-10-17,2022-10-17,1,1,1,confidence,1,confidence_accept,0.0008290372788906097,0.03065059958091473
610,610,609,2022-10-18,2022-10-18,0,0,0,confidence,1,not_update_step,,
611,611,610,2022-10-19,2022-10-19,0,0,0,confidence,1,not_update_step,,
612,612,611,2022-10-20,2022-10-20,0,0,0,confidence,1,not_update_step,,
613,613,612,2022-10-21,2022-10-21,0,0,0,confidence,1,not_update_step,,
614,614,613,2022-10-24,2022-10-24,1,1,1,confidence,1,confidence_accept,0.0005932170897722244,0.02274625774867237
615,615,614,2022-10-25,2022-10-25,0,0,0,confidence,1,not_update_step,,
616,616,615,2022-10-26,2022-10-26,0,0,0,confidence,1,not_update_step,,
617,617,616,2022-10-27,2022-10-27,0,0,0,confidence,1,not_update_step,,
618,618,617,2022-10-28,2022-10-28,0,0,0,confidence,1,not_update_step,,
619,619,618,2022-10-31,2022-10-31,1,1,1,confidence,1,confidence_accept,0.00040051713585853577,0.01606210007341186
620,620,619,2022-11-01,2022-11-01,0,0,0,confidence,1,not_update_step,,
621,621,620,2022-11-02,2022-11-02,0,0,0,confidence,1,not_update_step,,
622,622,621,2022-11-03,2022-11-03,0,0,0,confidence,1,not_update_step,,
623,623,622,2022-11-04,2022-11-04,0,0,0,confidence,1,not_update_step,,
624,624,623,2022-11-07,2022-11-07,1,1,1,confidence,1,confidence_accept,0.0002581104636192322,0.014664720146436282
625,625,624,2022-11-08,2022-11-08,0,0,0,confidence,1,not_update_step,,
626,626,625,2022-11-09,2022-11-09,0,0,0,confidence,1,not_update_step,,
627,627,626,2022-11-10,2022-11-10,0,0,0,confidence,1,not_update_step,,
628,628,627,2022-11-11,2022-11-11,0,0,0,confidence,1,not_update_step,,
629,629,628,2022-11-14,2022-11-14,1,1,1,confidence,1,confidence_accept,0.00012887455523014069,0.006541748569378419
630,630,629,2022-11-15,2022-11-15,0,0,0,confidence,1,not_update_step,,
631,631,630,2022-11-16,2022-11-16,0,0,0,confidence,1,not_update_step,,
632,632,631,2022-11-17,2022-11-17,0,0,0,confidence,1,not_update_step,,
633,633,632,2022-11-18,2022-11-18,0,0,0,confidence,1,not_update_step,,
634,634,633,2022-11-21,2022-11-21,1,1,1,confidence,1,confidence_accept,8.867308497428894e-05,0.005381351242659752
635,635,634,2022-11-22,2022-11-22,0,0,0,confidence,1,not_update_step,,
636,636,635,2022-11-23,2022-11-23,0,0,0,confidence,1,not_update_step,,
637,637,636,2022-11-25,2022-11-25,0,0,0,confidence,1,not_update_step,,
638,638,637,2022-11-28,2022-11-28,1,1,1,confidence,1,confidence_accept,6.0189515352249146e-05,0.0037063204954465487
639,639,638,2022-11-29,2022-11-29,0,0,0,confidence,1,not_update_step,,
640,640,639,2022-11-30,2022-11-30,0,0,0,confidence,1,not_update_step,,
641,641,640,2022-12-01,2022-12-01,0,0,0,confidence,1,not_update_step,,
642,642,641,2022-12-02,2022-12-02,0,0,0,confidence,1,not_update_step,,
643,643,642,2022-12-05,2022-12-05,1,1,1,confidence,1,confidence_accept,3.610365092754364e-05,0.002044387995045545
644,644,643,2022-12-06,2022-12-06,0,0,0,confidence,1,not_update_step,,
645,645,644,2022-12-07,2022-12-07,0,0,0,confidence,1,not_update_step,,
646,646,645,2022-12-08,2022-12-08,0,0,0,confidence,1,not_update_step,,
647,647,646,2022-12-09,2022-12-09,0,0,0,confidence,1,not_update_step,,
648,648,647,2022-12-12,2022-12-12,1,1,1,confidence,1,confidence_accept,3.38628888130188e-05,0.0019344389072656224
649,649,648,2022-12-13,2022-12-13,0,0,0,confidence,1,not_update_step,,
650,650,649,2022-12-14,2022-12-14,0,0,0,confidence,1,not_update_step,,
651,651,650,2022-12-15,2022-12-15,0,0,0,confidence,1,not_update_step,,
652,652,651,2022-12-16,2022-12-16,0,0,0,confidence,1,not_update_step,,
653,653,652,2022-12-19,2022-12-19,1,1,1,confidence,1,confidence_accept,2.306327223777771e-05,0.0012549552844215222
654,654,653,2022-12-20,2022-12-20,0,0,0,confidence,1,not_update_step,,
655,655,654,2022-12-21,2022-12-21,0,0,0,confidence,1,not_update_step,,
656,656,655,2022-12-22,2022-12-22,0,0,0,confidence,1,not_update_step,,
657,657,656,2022-12-23,2022-12-23,0,0,0,confidence,1,not_update_step,,
658,658,657,2022-12-27,2022-12-27,1,1,1,confidence,1,confidence_accept,1.83936208486557e-05,0.0009891758616917723
659,659,658,2022-12-28,2022-12-28,0,0,0,confidence,1,not_update_step,,
660,660,659,2022-12-29,2022-12-29,0,0,0,confidence,1,not_update_step,,
661,661,660,2022-12-30,2022-12-30,0,0,0,confidence,1,not_update_step,,
662,662,661,2023-01-03,2023-01-03,1,1,1,confidence,1,confidence_accept,1.2686476111412048e-05,0.0006463437686855124
663,663,662,2023-01-04,2023-01-04,0,0,0,confidence,1,not_update_step,,
664,664,663,2023-01-05,2023-01-05,0,0,0,confidence,1,not_update_step,,
665,665,664,2023-01-06,2023-01-06,0,0,0,confidence,1,not_update_step,,
666,666,665,2023-01-09,2023-01-09,1,1,1,confidence,1,confidence_accept,6.457790732383728e-06,0.0003249199648956695
667,667,666,2023-01-10,2023-01-10,0,0,0,confidence,1,not_update_step,,
668,668,667,2023-01-11,2023-01-11,0,0,0,confidence,1,not_update_step,,
669,669,668,2023-01-12,2023-01-12,0,0,0,confidence,1,not_update_step,,
670,670,669,2023-01-13,2023-01-13,0,0,0,confidence,1,not_update_step,,
671,671,670,2023-01-17,2023-01-17,1,1,1,confidence,1,confidence_accept,4.686415195465088e-06,0.00026139884953957674
672,672,671,2023-01-18,2023-01-18,0,0,0,confidence,1,not_update_step,,
673,673,672,2023-01-19,2023-01-19,0,0,0,confidence,1,not_update_step,,
674,674,673,2023-01-20,2023-01-20,0,0,0,confidence,1,not_update_step,,
675,675,674,2023-01-23,2023-01-23,1,1,1,confidence,1,confidence_accept,3.902241587638855e-06,0.0002459266851897749
676,676,675,2023-01-24,2023-01-24,0,0,0,confidence,1,not_update_step,,
677,677,676,2023-01-25,2023-01-25,0,0,0,confidence,1,not_update_step,,
678,678,677,2023-01-26,2023-01-26,0,0,0,confidence,1,not_update_step,,
679,679,678,2023-01-27,2023-01-27,0,0,0,confidence,1,not_update_step,,
680,680,679,2023-01-30,2023-01-30,1,1,1,confidence,1,confidence_accept,1.7201527953147888e-06,0.00011781800542814367
681,681,680,2023-01-31,2023-01-31,0,0,0,confidence,1,not_update_step,,
682,682,681,2023-02-01,2023-02-01,0,0,0,confidence,1,not_update_step,,
683,683,682,2023-02-02,2023-02-02,0,0,0,confidence,1,not_update_step,,
684,684,683,2023-02-03,2023-02-03,0,0,0,confidence,1,not_update_step,,
685,685,684,2023-02-06,2023-02-06,1,1,1,confidence,1,confidence_accept,1.234002411365509e-06,8.214200560597804e-05
686,686,685,2023-02-07,2023-02-07,0,0,0,confidence,1,not_update_step,,
687,687,686,2023-02-08,2023-02-08,0,0,0,confidence,1,not_update_step,,
688,688,687,2023-02-09,2023-02-09,0,0,0,confidence,1,not_update_step,,
689,689,688,2023-02-10,2023-02-10,0,0,0,confidence,1,not_update_step,,
690,690,689,2023-02-13,2023-02-13,1,1,1,confidence,1,confidence_accept,9.872019290924072e-07,0.00010471229012965811
691,691,690,2023-02-14,2023-02-14,0,0,0,confidence,1,not_update_step,,
692,692,691,2023-02-15,2023-02-15,0,0,0,confidence,1,not_update_step,,
693,693,692,2023-02-16,2023-02-16,0,0,0,confidence,1,not_update_step,,
694,694,693,2023-02-17,2023-02-17,0,0,0,confidence,1,not_update_step,,
695,695,694,2023-02-21,2023-02-21,1,1,1,confidence,1,confidence_accept,8.326023817062378e-07,0.0001266315677007957
696,696,695,2023-02-22,2023-02-22,0,0,0,confidence,1,not_update_step,,
697,697,696,2023-02-23,2023-02-23,0,0,0,confidence,1,not_update_step,,
698,698,697,2023-02-24,2023-02-24,0,0,0,confidence,1,not_update_step,,
699,699,698,2023-02-27,2023-02-27,1,1,1,confidence,1,confidence_accept,8.931383490562439e-07,0.00016769612968522922
700,700,699,2023-02-28,2023-02-28,0,0,0,confidence,1,not_update_step,,
701,701,700,2023-03-01,2023-03-01,0,0,0,confidence,1,not_update_step,,
702,702,701,2023-03-02,2023-03-02,0,0,0,confidence,1,not_update_step,,
703,703,702,2023-03-03,2023-03-03,0,0,0,confidence,1,not_update_step,,
704,704,703,2023-03-06,2023-03-06,1,1,0,confidence,0,weak_val_improvement,-5.133915692567825e-07,-0.000480493803359337
705,705,704,2023-03-07,2023-03-07,0,0,0,confidence,1,not_update_step,,
706,706,705,2023-03-08,2023-03-08,0,0,0,confidence,1,not_update_step,,
707,707,706,2023-03-09,2023-03-09,0,0,0,confidence,1,not_update_step,,
708,708,707,2023-03-10,2023-03-10,0,0,0,confidence,1,not_update_step,,
709,709,708,2023-03-13,2023-03-13,1,1,0,confidence,0,weak_val_improvement,-3.898749127984047e-07,-0.0007314873511479091
710,710,709,2023-03-14,2023-03-14,0,0,0,confidence,1,not_update_step,,
711,711,710,2023-03-15,2023-03-15,0,0,0,confidence,1,not_update_step,,
712,712,711,2023-03-16,2023-03-16,0,0,0,confidence,1,not_update_step,,
713,713,712,2023-03-17,2023-03-17,0,0,0,confidence,1,not_update_step,,
714,714,713,2023-03-20,2023-03-20,1,1,0,confidence,0,weak_val_improvement,-2.0516017684713006e-07,-0.004827779626498122
715,715,714,2023-03-21,2023-03-21,0,0,0,confidence,1,not_update_step,,
716,716,715,2023-03-22,2023-03-22,0,0,0,confidence,1,not_update_step,,
717,717,716,2023-03-23,2023-03-23,0,0,0,confidence,1,not_update_step,,
718,718,717,2023-03-24,2023-03-24,0,0,0,confidence,1,not_update_step,,
719,719,718,2023-03-27,2023-03-27,1,1,0,confidence,0,weak_val_improvement,-7.211929187178612e-08,-0.00020100453542591684
720,720,719,2023-03-28,2023-03-28,0,0,0,confidence,1,not_update_step,,
721,721,720,2023-03-29,2023-03-29,0,0,0,confidence,1,not_update_step,,
722,722,721,2023-03-30,2023-03-30,0,0,0,confidence,1,not_update_step,,
723,723,722,2023-03-31,2023-03-31,0,0,0,confidence,1,not_update_step,,
724,724,723,2023-04-03,2023-04-03,1,1,0,confidence,0,weak_val_improvement,-1.0896474123001099e-07,-0.0001778449126754542
725,725,724,2023-04-04,2023-04-04,0,0,0,confidence,1,not_update_step,,
726,726,725,2023-04-05,2023-04-05,0,0,0,confidence,1,not_update_step,,
727,727,726,2023-04-06,2023-04-06,0,0,0,confidence,1,not_update_step,,
728,728,727,2023-04-10,2023-04-10,1,1,0,confidence,0,weak_val_improvement,-4.6289642341434956e-08,-0.0008657893616921972
729,729,728,2023-04-11,2023-04-11,0,0,0,confidence,1,not_update_step,,
730,730,729,2023-04-12,2023-04-12,0,0,0,confidence,1,not_update_step,,
731,731,730,2023-04-13,2023-04-13,0,0,0,confidence,1,not_update_step,,
732,732,731,2023-04-14,2023-04-14,0,0,0,confidence,1,not_update_step,,
733,733,732,2023-04-17,2023-04-17,1,1,0,confidence,0,weak_val_improvement,-8.699134923517704e-08,-0.0004139914979768379
734,734,733,2023-04-18,2023-04-18,0,0,0,confidence,1,not_update_step,,
735,735,734,2023-04-19,2023-04-19,0,0,0,confidence,1,not_update_step,,
736,736,735,2023-04-20,2023-04-20,0,0,0,confidence,1,not_update_step,,
737,737,736,2023-04-21,2023-04-21,0,0,0,confidence,1,not_update_step,,
738,738,737,2023-04-24,2023-04-24,1,1,0,confidence,0,weak_val_improvement,-1.9519939087331295e-07,-0.0019203931420219917
739,739,738,2023-04-25,2023-04-25,0,0,0,confidence,1,not_update_step,,
740,740,739,2023-04-26,2023-04-26,0,0,0,confidence,1,not_update_step,,
741,741,740,2023-04-27,2023-04-27,0,0,0,confidence,1,not_update_step,,
742,742,741,2023-04-28,2023-04-28,0,0,0,confidence,1,not_update_step,,
743,743,742,2023-05-01,2023-05-01,1,1,0,confidence,0,weak_val_improvement,-1.3249518815428019e-07,-0.0013041809722468519
744,744,743,2023-05-02,2023-05-02,0,0,0,confidence,1,not_update_step,,
745,745,744,2023-05-03,2023-05-03,0,0,0,confidence,1,not_update_step,,
746,746,745,2023-05-04,2023-05-04,0,0,0,confidence,1,not_update_step,,
747,747,746,2023-05-05,2023-05-05,0,0,0,confidence,1,not_update_step,,
748,748,747,2023-05-08,2023-05-08,1,1,0,confidence,0,weak_val_improvement,-1.9304570741951466e-07,-0.0007229538080318933
749,749,748,2023-05-09,2023-05-09,0,0,0,confidence,1,not_update_step,,
750,750,749,2023-05-10,2023-05-10,0,0,0,confidence,1,not_update_step,,
751,751,750,2023-05-11,2023-05-11,0,0,0,confidence,1,not_update_step,,
752,752,751,2023-05-12,2023-05-12,0,0,0,confidence,1,not_update_step,,
753,753,752,2023-05-15,2023-05-15,1,1,0,confidence,0,weak_val_improvement,-3.028544597327709e-07,-0.0005328247917698733
754,754,753,2023-05-16,2023-05-16,0,0,0,confidence,1,not_update_step,,
755,755,754,2023-05-17,2023-05-17,0,0,0,confidence,1,not_update_step,,
756,756,755,2023-05-18,2023-05-18,0,0,0,confidence,1,not_update_step,,
757,757,756,2023-05-19,2023-05-19,0,0,0,confidence,1,not_update_step,,
758,758,757,2023-05-22,2023-05-22,1,1,0,confidence,0,weak_val_improvement,-1.877197064459324e-07,-0.00023973101925983792
759,759,758,2023-05-23,2023-05-23,0,0,0,confidence,1,not_update_step,,
760,760,759,2023-05-24,2023-05-24,0,0,0,confidence,1,not_update_step,,
761,761,760,2023-05-25,2023-05-25,0,0,0,confidence,1,not_update_step,,
762,762,761,2023-05-26,2023-05-26,0,0,0,confidence,1,not_update_step,,
763,763,762,2023-05-30,2023-05-30,1,1,0,confidence,0,weak_val_improvement,-2.1740561351180077e-07,-0.0002483169460149616
764,764,763,2023-05-31,2023-05-31,0,0,0,confidence,1,not_update_step,,
765,765,764,2023-06-01,2023-06-01,0,0,0,confidence,1,not_update_step,,
766,766,765,2023-06-02,2023-06-02,0,0,0,confidence,1,not_update_step,,
767,767,766,2023-06-05,2023-06-05,1,1,0,confidence,0,weak_val_improvement,-4.505272954702377e-08,-4.941859717273236e-05
768,768,767,2023-06-06,2023-06-06,0,0,0,confidence,1,not_update_step,,
769,769,768,2023-06-07,2023-06-07,0,0,0,confidence,1,not_update_step,,
770,770,769,2023-06-08,2023-06-08,0,0,0,confidence,1,not_update_step,,
771,771,770,2023-06-09,2023-06-09,0,0,0,confidence,1,not_update_step,,
772,772,771,2023-06-12,2023-06-12,1,1,1,confidence,1,confidence_accept,1.9848812371492386e-08,3.097971387170497e-05
773,773,772,2023-06-13,2023-06-13,0,0,0,confidence,1,not_update_step,,
774,774,773,2023-06-14,2023-06-14,0,0,0,confidence,1,not_update_step,,
775,775,774,2023-06-15,2023-06-15,0,0,0,confidence,1,not_update_step,,
776,776,775,2023-06-16,2023-06-16,0,0,0,confidence,1,not_update_step,,
777,777,776,2023-06-20,2023-06-20,1,1,1,confidence,1,confidence_accept,3.998866304755211e-08,4.198728569241153e-05
778,778,777,2023-06-21,2023-06-21,0,0,0,confidence,1,not_update_step,,
779,779,778,2023-06-22,2023-06-22,0,0,0,confidence,1,not_update_step,,
780,780,779,2023-06-23,2023-06-23,0,0,0,confidence,1,not_update_step,,
781,781,780,2023-06-26,2023-06-26,1,1,1,confidence,1,confidence_accept,1.1990778148174286e-08,1.6521207834723105e-05
782,782,781,2023-06-27,2023-06-27,0,0,0,confidence,1,not_update_step,,
783,783,782,2023-06-28,2023-06-28,0,0,0,confidence,1,not_update_step,,
784,784,783,2023-06-29,2023-06-29,0,0,0,confidence,1,not_update_step,,
785,785,784,2023-06-30,2023-06-30,0,0,0,confidence,1,not_update_step,,
786,786,785,2023-07-03,2023-07-03,1,1,1,confidence,1,confidence_accept,3.015156835317612e-08,3.871278635017938e-05
787,787,786,2023-07-05,2023-07-05,0,0,0,confidence,1,not_update_step,,
788,788,787,2023-07-06,2023-07-06,0,0,0,confidence,1,not_update_step,,
789,789,788,2023-07-07,2023-07-07,0,0,0,confidence,1,not_update_step,,
790,790,789,2023-07-10,2023-07-10,1,1,1,confidence,1,confidence_accept,3.387685865163803e-08,5.164072880443718e-05
791,791,790,2023-07-11,2023-07-11,0,0,0,confidence,1,not_update_step,,
792,792,791,2023-07-12,2023-07-12,0,0,0,confidence,1,not_update_step,,
793,793,792,2023-07-13,2023-07-13,0,0,0,confidence,1,not_update_step,,
794,794,793,2023-07-14,2023-07-14,0,0,0,confidence,1,not_update_step,,
795,795,794,2023-07-17,2023-07-17,1,1,1,confidence,1,confidence_accept,2.4563632905483246e-08,2.3455481529199457e-05
796,796,795,2023-07-18,2023-07-18,0,0,0,confidence,1,not_update_step,,
797,797,796,2023-07-19,2023-07-19,0,0,0,confidence,1,not_update_step,,
798,798,797,2023-07-20,2023-07-20,0,0,0,confidence,1,not_update_step,,
799,799,798,2023-07-21,2023-07-21,0,0,0,confidence,1,not_update_step,,
800,800,799,2023-07-24,2023-07-24,1,1,1,confidence,1,confidence_accept,1.885928213596344e-08,1.1977783422238427e-05
801,801,800,2023-07-25,2023-07-25,0,0,0,confidence,1,not_update_step,,
802,802,801,2023-07-26,2023-07-26,0,0,0,confidence,1,not_update_step,,
803,803,802,2023-07-27,2023-07-27,0,0,0,confidence,1,not_update_step,,
804,804,803,2023-07-28,2023-07-28,0,0,0,confidence,1,not_update_step,,
805,805,804,2023-07-31,2023-07-31,1,1,1,confidence,1,confidence_accept,2.223532646894455e-08,1.509729136178163e-05
806,806,805,2023-08-01,2023-08-01,0,0,0,confidence,1,not_update_step,,
807,807,806,2023-08-02,2023-08-02,0,0,0,confidence,1,not_update_step,,
808,808,807,2023-08-03,2023-08-03,0,0,0,confidence,1,not_update_step,,
809,809,808,2023-08-04,2023-08-04,0,0,0,confidence,1,not_update_step,,
810,810,809,2023-08-07,2023-08-07,1,1,1,confidence,1,confidence_accept,1.0128132998943329e-08,5.240196448037463e-06
811,811,810,2023-08-08,2023-08-08,0,0,0,confidence,1,not_update_step,,
812,812,811,2023-08-09,2023-08-09,0,0,0,confidence,1,not_update_step,,
813,813,812,2023-08-10,2023-08-10,0,0,0,confidence,1,not_update_step,,
814,814,813,2023-08-11,2023-08-11,0,0,0,confidence,1,not_update_step,,
815,815,814,2023-08-14,2023-08-14,1,1,0,confidence,0,weak_val_improvement,-2.6775524020195007e-09,-1.670246803340253e-06
816,816,815,2023-08-15,2023-08-15,0,0,0,confidence,1,not_update_step,,
817,817,816,2023-08-16,2023-08-16,0,0,0,confidence,1,not_update_step,,
818,818,817,2023-08-17,2023-08-17,0,0,0,confidence,1,not_update_step,,
819,819,818,2023-08-18,2023-08-18,0,0,0,confidence,1,not_update_step,,
820,820,819,2023-08-21,2023-08-21,1,1,1,confidence,1,confidence_accept,1.979060471057892e-09,1.6546814184227357e-06
821,821,820,2023-08-22,2023-08-22,0,0,0,confidence,1,not_update_step,,
822,822,821,2023-08-23,2023-08-23,0,0,0,confidence,1,not_update_step,,
823,823,822,2023-08-24,2023-08-24,0,0,0,confidence,1,not_update_step,,
824,824,823,2023-08-25,2023-08-25,0,0,0,confidence,1,not_update_step,,
825,825,824,2023-08-28,2023-08-28,1,1,1,confidence,1,confidence_accept,1.6065314412117004e-08,2.1564663176331276e-05
826,826,825,2023-08-29,2023-08-29,0,0,0,confidence,1,not_update_step,,
827,827,826,2023-08-30,2023-08-30,0,0,0,confidence,1,not_update_step,,
828,828,827,2023-08-31,2023-08-31,0,0,0,confidence,1,not_update_step,,
829,829,828,2023-09-01,2023-09-01,0,0,0,confidence,1,not_update_step,,
830,830,829,2023-09-05,2023-09-05,1,1,1,confidence,1,confidence_accept,3.725290298461914e-08,3.331880144709736e-05
831,831,830,2023-09-06,2023-09-06,0,0,0,confidence,1,not_update_step,,
832,832,831,2023-09-07,2023-09-07,0,0,0,confidence,1,not_update_step,,
833,833,832,2023-09-08,2023-09-08,0,0,0,confidence,1,not_update_step,,
834,834,833,2023-09-11,2023-09-11,1,1,1,confidence,1,confidence_accept,1.2718373909592628e-07,0.00016061878716721242
835,835,834,2023-09-12,2023-09-12,0,0,0,confidence,1,not_update_step,,
836,836,835,2023-09-13,2023-09-13,0,0,0,confidence,1,not_update_step,,
837,837,836,2023-09-14,2023-09-14,0,0,0,confidence,1,not_update_step,,
838,838,837,2023-09-15,2023-09-15,0,0,0,confidence,1,not_update_step,,
839,839,838,2023-09-18,2023-09-18,1,1,1,confidence,1,confidence_accept,1.8603168427944183e-07,0.00022886061186186876
840,840,839,2023-09-19,2023-09-19,0,0,0,confidence,1,not_update_step,,
841,841,840,2023-09-20,2023-09-20,0,0,0,confidence,1,not_update_step,,
842,842,841,2023-09-21,2023-09-21,0,0,0,confidence,1,not_update_step,,
843,843,842,2023-09-22,2023-09-22,0,0,0,confidence,1,not_update_step,,
844,844,843,2023-09-25,2023-09-25,1,1,1,confidence,1,confidence_accept,1.7439015209674835e-07,0.0005550543087043557
845,845,844,2023-09-26,2023-09-26,0,0,0,confidence,1,not_update_step,,
846,846,845,2023-09-27,2023-09-27,0,0,0,confidence,1,not_update_step,,
847,847,846,2023-09-28,2023-09-28,0,0,0,confidence,1,not_update_step,,
848,848,847,2023-09-29,2023-09-29,0,0,0,confidence,1,not_update_step,,
849,849,848,2023-10-02,2023-10-02,1,1,1,confidence,1,confidence_accept,1.3512908481061459e-07,0.00041800739355755224
850,850,849,2023-10-03,2023-10-03,0,0,0,confidence,1,not_update_step,,
851,851,850,2023-10-04,2023-10-04,0,0,0,confidence,1,not_update_step,,
852,852,851,2023-10-05,2023-10-05,0,0,0,confidence,1,not_update_step,,
853,853,852,2023-10-06,2023-10-06,0,0,0,confidence,1,not_update_step,,
854,854,853,2023-10-09,2023-10-09,1,1,1,confidence,1,confidence_accept,2.470333129167557e-07,0.0006749831335175772
855,855,854,2023-10-10,2023-10-10,0,0,0,confidence,1,not_update_step,,
856,856,855,2023-10-11,2023-10-11,0,0,0,confidence,1,not_update_step,,
857,857,856,2023-10-12,2023-10-12,0,0,0,confidence,1,not_update_step,,
858,858,857,2023-10-13,2023-10-13,0,0,0,confidence,1,not_update_step,,
859,859,858,2023-10-16,2023-10-16,1,1,1,confidence,1,confidence_accept,2.1653249859809875e-07,0.0007690048832406851
860,860,859,2023-10-17,2023-10-17,0,0,0,confidence,1,not_update_step,,
861,861,860,2023-10-18,2023-10-18,0,0,0,confidence,1,not_update_step,,
862,862,861,2023-10-19,2023-10-19,0,0,0,confidence,1,not_update_step,,
863,863,862,2023-10-20,2023-10-20,0,0,0,confidence,1,not_update_step,,
864,864,863,2023-10-23,2023-10-23,1,1,1,confidence,1,confidence_accept,1.8970604287460446e-07,0.0022382157328533704
865,865,864,2023-10-24,2023-10-24,0,0,0,confidence,1,not_update_step,,
866,866,865,2023-10-25,2023-10-25,0,0,0,confidence,1,not_update_step,,
867,867,866,2023-10-26,2023-10-26,0,0,0,confidence,1,not_update_step,,
868,868,867,2023-10-27,2023-10-27,0,0,0,confidence,1,not_update_step,,
869,869,868,2023-10-30,2023-10-30,1,1,1,confidence,1,confidence_accept,1.7817365005612373e-07,0.00024524918798055046
870,870,869,2023-10-31,2023-10-31,0,0,0,confidence,1,not_update_step,,
871,871,870,2023-11-01,2023-11-01,0,0,0,confidence,1,not_update_step,,
872,872,871,2023-11-02,2023-11-02,0,0,0,confidence,1,not_update_step,,
873,873,872,2023-11-03,2023-11-03,0,0,0,confidence,1,not_update_step,,
874,874,873,2023-11-06,2023-11-06,1,1,1,confidence,1,confidence_accept,1.369189703837037e-07,0.0006359454107740443
875,875,874,2023-11-07,2023-11-07,0,0,0,confidence,1,not_update_step,,
876,876,875,2023-11-08,2023-11-08,0,0,0,confidence,1,not_update_step,,
877,877,876,2023-11-09,2023-11-09,0,0,0,confidence,1,not_update_step,,
878,878,877,2023-11-10,2023-11-10,0,0,0,confidence,1,not_update_step,,
879,879,878,2023-11-13,2023-11-13,1,1,1,confidence,1,confidence_accept,2.1694359020330012e-07,0.012801149508484991
880,880,879,2023-11-14,2023-11-14,0,0,0,confidence,1,not_update_step,,
881,881,880,2023-11-15,2023-11-15,0,0,0,confidence,1,not_update_step,,
882,882,881,2023-11-16,2023-11-16,0,0,0,confidence,1,not_update_step,,
883,883,882,2023-11-17,2023-11-17,0,0,0,confidence,1,not_update_step,,
884,884,883,2023-11-20,2023-11-20,1,1,1,confidence,1,confidence_accept,1.5096156857907772e-07,0.0005357800223350897
885,885,884,2023-11-21,2023-11-21,0,0,0,confidence,1,not_update_step,,
886,886,885,2023-11-22,2023-11-22,0,0,0,confidence,1,not_update_step,,
887,887,886,2023-11-24,2023-11-24,0,0,0,confidence,1,not_update_step,,
888,888,887,2023-11-27,2023-11-27,1,1,1,confidence,1,confidence_accept,7.056223694235086e-08,0.0003137017929938581
889,889,888,2023-11-28,2023-11-28,0,0,0,confidence,1,not_update_step,,
890,890,889,2023-11-29,2023-11-29,0,0,0,confidence,1,not_update_step,,
891,891,890,2023-11-30,2023-11-30,0,0,0,confidence,1,not_update_step,,
892,892,891,2023-12-01,2023-12-01,0,0,0,confidence,1,not_update_step,,
893,893,892,2023-12-04,2023-12-04,1,1,1,confidence,1,confidence_accept,5.7392753660678864e-08,0.00018132171149764777
894,894,893,2023-12-05,2023-12-05,0,0,0,confidence,1,not_update_step,,
895,895,894,2023-12-06,2023-12-06,0,0,0,confidence,1,not_update_step,,
896,896,895,2023-12-07,2023-12-07,0,0,0,confidence,1,not_update_step,,
897,897,896,2023-12-08,2023-12-08,0,0,0,confidence,1,not_update_step,,
898,898,897,2023-12-11,2023-12-11,1,1,1,confidence,1,confidence_accept,2.9147486202418804e-08,0.0006568868106141111
899,899,898,2023-12-12,2023-12-12,0,0,0,confidence,1,not_update_step,,
900,900,899,2023-12-13,2023-12-13,0,0,0,confidence,1,not_update_step,,
901,901,900,2023-12-14,2023-12-14,0,0,0,confidence,1,not_update_step,,
902,902,901,2023-12-15,2023-12-15,0,0,0,confidence,1,not_update_step,,
903,903,902,2023-12-18,2023-12-18,1,1,1,confidence,1,confidence_accept,1.862645149230957e-09,5.178484547407621e-06
904,904,903,2023-12-19,2023-12-19,0,0,0,confidence,1,not_update_step,,
905,905,904,2023-12-20,2023-12-20,0,0,0,confidence,1,not_update_step,,
906,906,905,2023-12-21,2023-12-21,0,0,0,confidence,1,not_update_step,,
907,907,906,2023-12-22,2023-12-22,0,0,0,confidence,1,not_update_step,,
908,908,907,2023-12-26,2023-12-26,1,1,0,confidence,0,weak_val_improvement,-6.6356733441352844e-09,-1.0273312450588372e-05
909,909,908,2023-12-27,2023-12-27,0,0,0,confidence,1,not_update_step,,
910,910,909,2023-12-28,2023-12-28,0,0,0,confidence,1,not_update_step,,
911,911,910,2023-12-29,2023-12-29,0,0,0,confidence,1,not_update_step,,
912,912,911,2024-01-02,2024-01-02,1,1,0,confidence,0,weak_val_improvement,-6.647314876317978e-08,-8.7864240245954e-05
913,913,912,2024-01-03,2024-01-03,0,0,0,confidence,1,not_update_step,,
914,914,913,2024-01-04,2024-01-04,0,0,0,confidence,1,not_update_step,,
915,915,914,2024-01-05,2024-01-05,0,0,0,confidence,1,not_update_step,,
916,916,915,2024-01-08,2024-01-08,1,1,0,confidence,0,weak_val_improvement,-5.21540641784668e-08,-9.298852976130791e-05
917,917,916,2024-01-09,2024-01-09,0,0,0,confidence,1,not_update_step,,
918,918,917,2024-01-10,2024-01-10,0,0,0,confidence,1,not_update_step,,
919,919,918,2024-01-11,2024-01-11,0,0,0,confidence,1,not_update_step,,
920,920,919,2024-01-12,2024-01-12,0,0,0,confidence,1,not_update_step,,
921,921,920,2024-01-16,2024-01-16,1,1,0,confidence,0,weak_val_improvement,-4.7963112592697144e-08,-4.3253998252459834e-05
922,922,921,2024-01-17,2024-01-17,0,0,0,confidence,1,not_update_step,,
923,923,922,2024-01-18,2024-01-18,0,0,0,confidence,1,not_update_step,,
924,924,923,2024-01-19,2024-01-19,0,0,0,confidence,1,not_update_step,,
925,925,924,2024-01-22,2024-01-22,1,1,0,confidence,0,weak_val_improvement,-4.2957253754138947e-08,-3.3727993486043945e-05
926,926,925,2024-01-23,2024-01-23,0,0,0,confidence,1,not_update_step,,
927,927,926,2024-01-24,2024-01-24,0,0,0,confidence,1,not_update_step,,
928,928,927,2024-01-25,2024-01-25,0,0,0,confidence,1,not_update_step,,
929,929,928,2024-01-26,2024-01-26,0,0,0,confidence,1,not_update_step,,
930,930,929,2024-01-29,2024-01-29,1,1,0,confidence,0,weak_val_improvement,-2.782326191663742e-08,-2.595185483304165e-05
931,931,930,2024-01-30,2024-01-30,0,0,0,confidence,1,not_update_step,,
932,932,931,2024-01-31,2024-01-31,0,0,0,confidence,1,not_update_step,,
933,933,932,2024-02-01,2024-02-01,0,0,0,confidence,1,not_update_step,,
934,934,933,2024-02-02,2024-02-02,0,0,0,confidence,1,not_update_step,,
935,935,934,2024-02-05,2024-02-05,1,1,0,confidence,0,weak_val_improvement,-9.546056389808655e-08,-7.025114264310734e-05
936,936,935,2024-02-06,2024-02-06,0,0,0,confidence,1,not_update_step,,
937,937,936,2024-02-07,2024-02-07,0,0,0,confidence,1,not_update_step,,
938,938,937,2024-02-08,2024-02-08,0,0,0,confidence,1,not_update_step,,
939,939,938,2024-02-09,2024-02-09,0,0,0,confidence,1,not_update_step,,
940,940,939,2024-02-12,2024-02-12,1,1,0,confidence,0,weak_val_improvement,-1.9615981727838516e-07,-0.00011975983206695455
941,941,940,2024-02-13,2024-02-13,0,0,0,confidence,1,not_update_step,,
942,942,941,2024-02-14,2024-02-14,0,0,0,confidence,1,not_update_step,,
943,943,942,2024-02-15,2024-02-15,0,0,0,confidence,1,not_update_step,,
944,944,943,2024-02-16,2024-02-16,0,0,0,confidence,1,not_update_step,,
945,945,944,2024-02-20,2024-02-20,1,1,0,confidence,0,weak_val_improvement,-2.4726614356040955e-07,-0.00012527130313555297
946,946,945,2024-02-21,2024-02-21,0,0,0,confidence,1,not_update_step,,
947,947,946,2024-02-22,2024-02-22,0,0,0,confidence,1,not_update_step,,
948,948,947,2024-02-23,2024-02-23,0,0,0,confidence,1,not_update_step,,
949,949,948,2024-02-26,2024-02-26,1,1,0,confidence,0,weak_val_improvement,-2.423767000436783e-07,-0.00010151248726110993
950,950,949,2024-02-27,2024-02-27,0,0,0,confidence,1,not_update_step,,
951,951,950,2024-02-28,2024-02-28,0,0,0,confidence,1,not_update_step,,
952,952,951,2024-02-29,2024-02-29,0,0,0,confidence,1,not_update_step,,
953,953,952,2024-03-01,2024-03-01,0,0,0,confidence,1,not_update_step,,
954,954,953,2024-03-04,2024-03-04,1,1,0,confidence,0,weak_val_improvement,-2.935994416475296e-07,-0.00011866123398558938
955,955,954,2024-03-05,2024-03-05,0,0,0,confidence,1,not_update_step,,
956,956,955,2024-03-06,2024-03-06,0,0,0,confidence,1,not_update_step,,
957,957,956,2024-03-07,2024-03-07,0,0,0,confidence,1,not_update_step,,
958,958,957,2024-03-08,2024-03-08,0,0,0,confidence,1,not_update_step,,
959,959,958,2024-03-11,2024-03-11,1,1,0,confidence,0,weak_val_improvement,-3.1013041734695435e-07,-0.00013236067443442794
960,960,959,2024-03-12,2024-03-12,0,0,0,confidence,1,not_update_step,,
961,961,960,2024-03-13,2024-03-13,0,0,0,confidence,1,not_update_step,,
962,962,961,2024-03-14,2024-03-14,0,0,0,confidence,1,not_update_step,,
963,963,962,2024-03-15,2024-03-15,0,0,0,confidence,1,not_update_step,,
964,964,963,2024-03-18,2024-03-18,1,1,0,confidence,0,weak_val_improvement,-2.989545464515686e-07,-0.00011088644032623295
965,965,964,2024-03-19,2024-03-19,0,0,0,confidence,1,not_update_step,,
966,966,965,2024-03-20,2024-03-20,0,0,0,confidence,1,not_update_step,,
967,967,966,2024-03-21,2024-03-21,0,0,0,confidence,1,not_update_step,,
968,968,967,2024-03-22,2024-03-22,0,0,0,confidence,1,not_update_step,,
969,969,968,2024-03-25,2024-03-25,1,1,0,confidence,0,weak_val_improvement,-3.289896994829178e-07,-9.645466638090217e-05
970,970,969,2024-03-26,2024-03-26,0,0,0,confidence,1,not_update_step,,
971,971,970,2024-03-27,2024-03-27,0,0,0,confidence,1,not_update_step,,
972,972,971,2024-03-28,2024-03-28,0,0,0,confidence,1,not_update_step,,
973,973,972,2024-04-01,2024-04-01,1,1,0,confidence,0,weak_val_improvement,-3.3760443329811096e-07,-0.00012097481333422915
974,974,973,2024-04-02,2024-04-02,0,0,0,confidence,1,not_update_step,,
975,975,974,2024-04-03,2024-04-03,0,0,0,confidence,1,not_update_step,,
976,976,975,2024-04-04,2024-04-04,0,0,0,confidence,1,not_update_step,,
977,977,976,2024-04-05,2024-04-05,0,0,0,confidence,1,not_update_step,,
978,978,977,2024-04-08,2024-04-08,1,1,0,confidence,0,weak_val_improvement,-3.564637154340744e-07,-0.00014163133201369486
979,979,978,2024-04-09,2024-04-09,0,0,0,confidence,1,not_update_step,,
980,980,979,2024-04-10,2024-04-10,0,0,0,confidence,1,not_update_step,,
981,981,980,2024-04-11,2024-04-11,0,0,0,confidence,1,not_update_step,,
982,982,981,2024-04-12,2024-04-12,0,0,0,confidence,1,not_update_step,,
983,983,982,2024-04-15,2024-04-15,1,1,0,confidence,0,weak_val_improvement,-3.1176023185253143e-07,-0.00018034278452430398
984,984,983,2024-04-16,2024-04-16,0,0,0,confidence,1,not_update_step,,
985,985,984,2024-04-17,2024-04-17,0,0,0,confidence,1,not_update_step,,
986,986,985,2024-04-18,2024-04-18,0,0,0,confidence,1,not_update_step,,
987,987,986,2024-04-19,2024-04-19,0,0,0,confidence,1,not_update_step,,
988,988,987,2024-04-22,2024-04-22,1,1,0,confidence,0,weak_val_improvement,-2.9511284083127975e-07,-0.000253805810402937
989,989,988,2024-04-23,2024-04-23,0,0,0,confidence,1,not_update_step,,
990,990,989,2024-04-24,2024-04-24,0,0,0,confidence,1,not_update_step,,
991,991,990,2024-04-25,2024-04-25,0,0,0,confidence,1,not_update_step,,
992,992,991,2024-04-26,2024-04-26,0,0,0,confidence,1,not_update_step,,
993,993,992,2024-04-29,2024-04-29,1,1,0,confidence,0,weak_val_improvement,-3.083841875195503e-07,-0.0002331495331682065
994,994,993,2024-04-30,2024-04-30,0,0,0,confidence,1,not_update_step,,
995,995,994,2024-05-01,2024-05-01,0,0,0,confidence,1,not_update_step,,
996,996,995,2024-05-02,2024-05-02,0,0,0,confidence,1,not_update_step,,
997,997,996,2024-05-03,2024-05-03,0,0,0,confidence,1,not_update_step,,
998,998,997,2024-05-06,2024-05-06,1,1,0,confidence,0,weak_val_improvement,-2.955785021185875e-07,-0.0002147292055108606
999,999,998,2024-05-07,2024-05-07,0,0,0,confidence,1,not_update_step,,
1000,1000,999,2024-05-08,2024-05-08,0,0,0,confidence,1,not_update_step,,
1001,1001,1000,2024-05-09,2024-05-09,0,0,0,confidence,1,not_update_step,,
1002,1002,1001,2024-05-10,2024-05-10,0,0,0,confidence,1,not_update_step,,
1003,1003,1002,2024-05-13,2024-05-13,1,1,0,confidence,0,weak_val_improvement,-3.103632479906082e-07,-0.00023821599256309867
1004,1004,1003,2024-05-14,2024-05-14,0,0,0,confidence,1,not_update_step,,
1005,1005,1004,2024-05-15,2024-05-15,0,0,0,confidence,1,not_update_step,,
1006,1006,1005,2024-05-16,2024-05-16,0,0,0,confidence,1,not_update_step,,
1007,1007,1006,2024-05-17,2024-05-17,0,0,0,confidence,1,not_update_step,,
1008,1008,1007,2024-05-20,2024-05-20,1,1,0,confidence,0,weak_val_improvement,-3.0884984880685806e-07,-0.00021601372506626818
1009,1009,1008,2024-05-21,2024-05-21,0,0,0,confidence,1,not_update_step,,
1010,1010,1009,2024-05-22,2024-05-22,0,0,0,confidence,1,not_update_step,,
1011,1011,1010,2024-05-23,2024-05-23,0,0,0,confidence,1,not_update_step,,
1012,1012,1011,2024-05-24,2024-05-24,0,0,0,confidence,1,not_update_step,,
1013,1013,1012,2024-05-28,2024-05-28,1,1,0,confidence,0,weak_val_improvement,-2.868473529815674e-07,-0.0002105469493799004
1014,1014,1013,2024-05-29,2024-05-29,0,0,0,confidence,1,not_update_step,,
1015,1015,1014,2024-05-30,2024-05-30,0,0,0,confidence,1,not_update_step,,
1016,1016,1015,2024-05-31,2024-05-31,0,0,0,confidence,1,not_update_step,,
1017,1017,1016,2024-06-03,2024-06-03,1,1,0,confidence,0,weak_val_improvement,-2.969754859805107e-07,-0.00023836735071391442
1018,1018,1017,2024-06-04,2024-06-04,0,0,0,confidence,1,not_update_step,,
1019,1019,1018,2024-06-05,2024-06-05,0,0,0,confidence,1,not_update_step,,
1020,1020,1019,2024-06-06,2024-06-06,0,0,0,confidence,1,not_update_step,,
1021,1021,1020,2024-06-07,2024-06-07,0,0,0,confidence,1,not_update_step,,
1022,1022,1021,2024-06-10,2024-06-10,1,1,0,confidence,0,weak_val_improvement,-2.3515895009040833e-07,-0.00016574418800578794
1023,1023,1022,2024-06-11,2024-06-11,0,0,0,confidence,1,not_update_step,,
1024,1024,1023,2024-06-12,2024-06-12,0,0,0,confidence,1,not_update_step,,
1025,1025,1024,2024-06-13,2024-06-13,0,0,0,confidence,1,not_update_step,,
1026,1026,1025,2024-06-14,2024-06-14,0,0,0,confidence,1,not_update_step,,
1027,1027,1026,2024-06-17,2024-06-17,1,1,0,confidence,0,weak_val_improvement,-2.3457687348127365e-07,-0.00017797169662416704
1028,1028,1027,2024-06-18,2024-06-18,0,0,0,confidence,1,not_update_step,,
1029,1029,1028,2024-06-20,2024-06-20,0,0,0,confidence,1,not_update_step,,
1030,1030,1029,2024-06-21,2024-06-21,0,0,0,confidence,1,not_update_step,,
1031,1031,1030,2024-06-24,2024-06-24,1,1,0,confidence,0,weak_val_improvement,-2.0186416804790497e-07,-0.00016259683828884585
1032,1032,1031,2024-06-25,2024-06-25,0,0,0,confidence,1,not_update_step,,
1033,1033,1032,2024-06-26,2024-06-26,0,0,0,confidence,1,not_update_step,,
1034,1034,1033,2024-06-27,2024-06-27,0,0,0,confidence,1,not_update_step,,
1035,1035,1034,2024-06-28,2024-06-28,0,0,0,confidence,1,not_update_step,,
1036,1036,1035,2024-07-01,2024-07-01,1,1,0,confidence,0,weak_val_improvement,-2.1024607121944427e-07,-0.0001718731083987918
1037,1037,1036,2024-07-02,2024-07-02,0,0,0,confidence,1,not_update_step,,
1038,1038,1037,2024-07-03,2024-07-03,0,0,0,confidence,1,not_update_step,,
1039,1039,1038,2024-07-05,2024-07-05,0,0,0,confidence,1,not_update_step,,
1040,1040,1039,2024-07-08,2024-07-08,1,1,0,confidence,0,weak_val_improvement,-1.6228295862674713e-07,-0.000131785188145381
1041,1041,1040,2024-07-09,2024-07-09,0,0,0,confidence,1,not_update_step,,
1042,1042,1041,2024-07-10,2024-07-10,0,0,0,confidence,1,not_update_step,,
1043,1043,1042,2024-07-11,2024-07-11,0,0,0,confidence,1,not_update_step,,
1044,1044,1043,2024-07-12,2024-07-12,0,0,0,confidence,1,not_update_step,,
1045,1045,1044,2024-07-15,2024-07-15,1,1,0,confidence,0,weak_val_improvement,-1.360895112156868e-07,-9.446037946153313e-05
1046,1046,1045,2024-07-16,2024-07-16,0,0,0,confidence,1,not_update_step,,
1047,1047,1046,2024-07-17,2024-07-17,0,0,0,confidence,1,not_update_step,,
1048,1048,1047,2024-07-18,2024-07-18,0,0,0,confidence,1,not_update_step,,
1049,1049,1048,2024-07-19,2024-07-19,0,0,0,confidence,1,not_update_step,,
1050,1050,1049,2024-07-22,2024-07-22,1,1,0,confidence,0,weak_val_improvement,-1.2957025319337845e-07,-0.00012634354944263734
1051,1051,1050,2024-07-23,2024-07-23,0,0,0,confidence,1,not_update_step,,
1052,1052,1051,2024-07-24,2024-07-24,0,0,0,confidence,1,not_update_step,,
1053,1053,1052,2024-07-25,2024-07-25,0,0,0,confidence,1,not_update_step,,
1054,1054,1053,2024-07-26,2024-07-26,0,0,0,confidence,1,not_update_step,,
1055,1055,1054,2024-07-29,2024-07-29,1,1,0,confidence,0,weak_val_improvement,-1.3614771887660027e-07,-0.00017815133426052636
1056,1056,1055,2024-07-30,2024-07-30,0,0,0,confidence,1,not_update_step,,
1057,1057,1056,2024-07-31,2024-07-31,0,0,0,confidence,1,not_update_step,,
1058,1058,1057,2024-08-01,2024-08-01,0,0,0,confidence,1,not_update_step,,
1059,1059,1058,2024-08-02,2024-08-02,0,0,0,confidence,1,not_update_step,,
1060,1060,1059,2024-08-05,2024-08-05,1,1,0,confidence,0,weak_val_improvement,-1.2654345482587814e-07,-0.00028026929253275197
1061,1061,1060,2024-08-06,2024-08-06,0,0,0,confidence,1,not_update_step,,
1062,1062,1061,2024-08-07,2024-08-07,0,0,0,confidence,1,not_update_step,,
1063,1063,1062,2024-08-08,2024-08-08,0,0,0,confidence,1,not_update_step,,
1064,1064,1063,2024-08-09,2024-08-09,0,0,0,confidence,1,not_update_step,,
1065,1065,1064,2024-08-12,2024-08-12,1,1,0,confidence,0,weak_val_improvement,-1.2584496289491653e-07,-0.00042311623596635157
1066,1066,1065,2024-08-13,2024-08-13,0,0,0,confidence,1,not_update_step,,
1067,1067,1066,2024-08-14,2024-08-14,0,0,0,confidence,1,not_update_step,,
1068,1068,1067,2024-08-15,2024-08-15,0,0,0,confidence,1,not_update_step,,
1069,1069,1068,2024-08-16,2024-08-16,0,0,0,confidence,1,not_update_step,,
1070,1070,1069,2024-08-19,2024-08-19,1,1,0,confidence,0,weak_val_improvement,-9.802170097827911e-08,-0.0001532588247930399
1071,1071,1070,2024-08-20,2024-08-20,0,0,0,confidence,1,not_update_step,,
1072,1072,1071,2024-08-21,2024-08-21,0,0,0,confidence,1,not_update_step,,
1073,1073,1072,2024-08-22,2024-08-22,0,0,0,confidence,1,not_update_step,,
1074,1074,1073,2024-08-23,2024-08-23,0,0,0,confidence,1,not_update_step,,
1075,1075,1074,2024-08-26,2024-08-26,1,1,0,confidence,0,weak_val_improvement,-1.3422686606645584e-07,-0.00015308711163655123
1076,1076,1075,2024-08-27,2024-08-27,0,0,0,confidence,1,not_update_step,,
1077,1077,1076,2024-08-28,2024-08-28,0,0,0,confidence,1,not_update_step,,
1078,1078,1077,2024-08-29,2024-08-29,0,0,0,confidence,1,not_update_step,,
1079,1079,1078,2024-08-30,2024-08-30,0,0,0,confidence,1,not_update_step,,
1080,1080,1079,2024-09-03,2024-09-03,1,1,0,confidence,0,weak_val_improvement,-1.4796387404203415e-07,-0.00015471453265754922
1081,1081,1080,2024-09-04,2024-09-04,0,0,0,confidence,1,not_update_step,,
1082,1082,1081,2024-09-05,2024-09-05,0,0,0,confidence,1,not_update_step,,
1083,1083,1082,2024-09-06,2024-09-06,0,0,0,confidence,1,not_update_step,,
1084,1084,1083,2024-09-09,2024-09-09,1,1,0,confidence,0,weak_val_improvement,-1.487787812948227e-07,-0.00018886522713004066
1085,1085,1084,2024-09-10,2024-09-10,0,0,0,confidence,1,not_update_step,,
1086,1086,1085,2024-09-11,2024-09-11,0,0,0,confidence,1,not_update_step,,
1087,1087,1086,2024-09-12,2024-09-12,0,0,0,confidence,1,not_update_step,,
1088,1088,1087,2024-09-13,2024-09-13,0,0,0,confidence,1,not_update_step,,
1089,1089,1088,2024-09-16,2024-09-16,1,1,0,confidence,0,weak_val_improvement,-1.2095551937818527e-07,-8.580656930329255e-05
1090,1090,1089,2024-09-17,2024-09-17,0,0,0,confidence,1,not_update_step,,
1091,1091,1090,2024-09-18,2024-09-18,0,0,0,confidence,1,not_update_step,,
1092,1092,1091,2024-09-19,2024-09-19,0,0,0,confidence,1,not_update_step,,
1093,1093,1092,2024-09-20,2024-09-20,0,0,0,confidence,1,not_update_step,,
1094,1094,1093,2024-09-23,2024-09-23,1,1,0,confidence,0,weak_val_improvement,-9.045470505952835e-08,-6.654318347971679e-05
1095,1095,1094,2024-09-24,2024-09-24,0,0,0,confidence,1,not_update_step,,
1096,1096,1095,2024-09-25,2024-09-25,0,0,0,confidence,1,not_update_step,,
1097,1097,1096,2024-09-26,2024-09-26,0,0,0,confidence,1,not_update_step,,
1098,1098,1097,2024-09-27,2024-09-27,0,0,0,confidence,1,not_update_step,,
1099,1099,1098,2024-09-30,2024-09-30,1,1,0,confidence,0,weak_val_improvement,-9.476207196712494e-08,-7.395985990918471e-05
1100,1100,1099,2024-10-01,2024-10-01,0,0,0,confidence,1,not_update_step,,
1101,1101,1100,2024-10-02,2024-10-02,0,0,0,confidence,1,not_update_step,,
1102,1102,1101,2024-10-03,2024-10-03,0,0,0,confidence,1,not_update_step,,
1103,1103,1102,2024-10-04,2024-10-04,0,0,0,confidence,1,not_update_step,,
1104,1104,1103,2024-10-07,2024-10-07,1,1,0,confidence,0,weak_val_improvement,-5.8673322200775146e-08,-5.052817477755485e-05
1105,1105,1104,2024-10-08,2024-10-08,0,0,0,confidence,1,not_update_step,,
1106,1106,1105,2024-10-09,2024-10-09,0,0,0,confidence,1,not_update_step,,
1107,1107,1106,2024-10-10,2024-10-10,0,0,0,confidence,1,not_update_step,,
1108,1108,1107,2024-10-11,2024-10-11,0,0,0,confidence,1,not_update_step,,
1109,1109,1108,2024-10-14,2024-10-14,1,1,0,confidence,0,weak_val_improvement,-8.486676961183548e-08,-7.777032782827778e-05
1110,1110,1109,2024-10-15,2024-10-15,0,0,0,confidence,1,not_update_step,,
1111,1111,1110,2024-10-16,2024-10-16,0,0,0,confidence,1,not_update_step,,
1112,1112,1111,2024-10-17,2024-10-17,0,0,0,confidence,1,not_update_step,,
1113,1113,1112,2024-10-18,2024-10-18,0,0,0,confidence,1,not_update_step,,
1114,1114,1113,2024-10-21,2024-10-21,1,1,0,confidence,0,weak_val_improvement,-8.312053978443146e-08,-6.431409196046342e-05
1115,1115,1114,2024-10-22,2024-10-22,0,0,0,confidence,1,not_update_step,,
1116,1116,1115,2024-10-23,2024-10-23,0,0,0,confidence,1,not_update_step,,
1117,1117,1116,2024-10-24,2024-10-24,0,0,0,confidence,1,not_update_step,,
1118,1118,1117,2024-10-25,2024-10-25,0,0,0,confidence,1,not_update_step,,
1119,1119,1118,2024-10-28,2024-10-28,1,1,0,confidence,0,weak_val_improvement,-9.185168892145157e-08,-7.995639177508964e-05
1120,1120,1119,2024-10-29,2024-10-29,0,0,0,confidence,1,not_update_step,,
1121,1121,1120,2024-10-30,2024-10-30,0,0,0,confidence,1,not_update_step,,
1122,1122,1121,2024-10-31,2024-10-31,0,0,0,confidence,1,not_update_step,,
1123,1123,1122,2024-11-01,2024-11-01,0,0,0,confidence,1,not_update_step,,
1124,1124,1123,2024-11-04,2024-11-04,1,1,0,confidence,0,weak_val_improvement,-1.1589145287871361e-07,-0.00015236350131038847
1125,1125,1124,2024-11-05,2024-11-05,0,0,0,confidence,1,not_update_step,,
1126,1126,1125,2024-11-06,2024-11-06,0,0,0,confidence,1,not_update_step,,
1127,1127,1126,2024-11-07,2024-11-07,0,0,0,confidence,1,not_update_step,,
1128,1128,1127,2024-11-08,2024-11-08,0,0,0,confidence,1,not_update_step,,
1129,1129,1128,2024-11-11,2024-11-11,1,1,0,confidence,0,weak_val_improvement,-1.6263220459222794e-07,-0.0001403200742877435
1130,1130,1129,2024-11-12,2024-11-12,0,0,0,confidence,1,not_update_step,,
1131,1131,1130,2024-11-13,2024-11-13,0,0,0,confidence,1,not_update_step,,
1132,1132,1131,2024-11-14,2024-11-14,0,0,0,confidence,1,not_update_step,,
1133,1133,1132,2024-11-15,2024-11-15,0,0,0,confidence,1,not_update_step,,
1134,1134,1133,2024-11-18,2024-11-18,1,1,0,confidence,0,weak_val_improvement,-1.3818498700857162e-07,-0.00016057899328072786
1135,1135,1134,2024-11-19,2024-11-19,0,0,0,confidence,1,not_update_step,,
1136,1136,1135,2024-11-20,2024-11-20,0,0,0,confidence,1,not_update_step,,
1137,1137,1136,2024-11-21,2024-11-21,0,0,0,confidence,1,not_update_step,,
1138,1138,1137,2024-11-22,2024-11-22,0,0,0,confidence,1,not_update_step,,
1139,1139,1138,2024-11-25,2024-11-25,1,1,0,confidence,0,weak_val_improvement,-1.5937257558107376e-07,-0.00016337424972364225
1140,1140,1139,2024-11-26,2024-11-26,0,0,0,confidence,1,not_update_step,,
1141,1141,1140,2024-11-27,2024-11-27,0,0,0,confidence,1,not_update_step,,
1142,1142,1141,2024-11-29,2024-11-29,0,0,0,confidence,1,not_update_step,,
1143,1143,1142,2024-12-02,2024-12-02,1,1,0,confidence,0,weak_val_improvement,-2.552405931055546e-07,-0.0002749306620027346
1144,1144,1143,2024-12-03,2024-12-03,0,0,0,confidence,1,not_update_step,,
1145,1145,1144,2024-12-04,2024-12-04,0,0,0,confidence,1,not_update_step,,
1146,1146,1145,2024-12-05,2024-12-05,0,0,0,confidence,1,not_update_step,,
1147,1147,1146,2024-12-06,2024-12-06,0,0,0,confidence,1,not_update_step,,
1148,1148,1147,2024-12-09,2024-12-09,1,1,0,confidence,0,weak_val_improvement,-2.823071554303169e-07,-0.00027393413331667404
1149,1149,1148,2024-12-10,2024-12-10,0,0,0,confidence,1,not_update_step,,
1150,1150,1149,2024-12-11,2024-12-11,0,0,0,confidence,1,not_update_step,,
1151,1151,1150,2024-12-12,2024-12-12,0,0,0,confidence,1,not_update_step,,
1152,1152,1151,2024-12-13,2024-12-13,0,0,0,confidence,1,not_update_step,,
1153,1153,1152,2024-12-16,2024-12-16,1,1,0,confidence,0,weak_val_improvement,-2.6240013539791107e-07,-0.00019073043311053565
1154,1154,1153,2024-12-17,2024-12-17,0,0,0,confidence,1,not_update_step,,
1155,1155,1154,2024-12-18,2024-12-18,0,0,0,confidence,1,not_update_step,,
1156,1156,1155,2024-12-19,2024-12-19,0,0,0,confidence,1,not_update_step,,
1157,1157,1156,2024-12-20,2024-12-20,0,0,0,confidence,1,not_update_step,,
1158,1158,1157,2024-12-23,2024-12-23,1,1,0,confidence,0,weak_val_improvement,-2.3760367184877396e-07,-0.00031182852170995903
1159,1159,1158,2024-12-24,2024-12-24,0,0,0,confidence,1,not_update_step,,
1160,1160,1159,2024-12-26,2024-12-26,0,0,0,confidence,1,not_update_step,,
1161,1161,1160,2024-12-27,2024-12-27,0,0,0,confidence,1,not_update_step,,
1162,1162,1161,2024-12-30,2024-12-30,1,1,0,confidence,0,weak_val_improvement,-2.5064218789339066e-07,-0.0001470839897906467
1163,1163,1162,2024-12-31,2024-12-31,0,0,0,confidence,1,not_update_step,,
