date,Model_Portfolio,Equal_Weight,Market_Only,Bond_Only,Market_Weight,Bond_Weight
2022-01-19,-0.004115470219403505,-0.00411547,-0.010383555,0.0021526143,0.5,0.5
2022-01-20,-0.005338965754979363,-0.005265573,-0.011068045,0.0005368994,0.5063242750213786,0.49367572497862144
2022-01-21,-0.008089113084604964,-0.007847192,-0.019630553,0.0039361706,0.5102653973629356,0.48973460263706436
2022-01-24,0.0016064717386999464,0.0015441837,0.004246819,-0.0011584514,0.5115235748586546,0.4884764251413454
2022-01-25,-0.006764011657947556,-0.0065951366,-0.012209089,-0.0009811842,0.5150406779138739,0.4849593220861261
2022-01-26,-0.004023866915385325,-0.0040671686,-0.0025087667,-0.0056255707,0.5138930047854398,0.48610699521456024
2022-01-27,-0.0009523048630851953,-0.000807744,-0.0049380385,0.0033225506,0.5175000688513043,0.4824999311486957
2022-01-28,0.01318476928603866,0.012775774,0.024835525,0.00071602303,0.5169570345841616,0.4830429654158383
2022-01-31,0.009477672903767824,0.00896073,0.01801092,-8.9458474e-05,0.5285597445928975,0.47144025540710255
2022-02-01,0.0034832547466157548,0.0032037247,0.0067569893,-0.0003495398,0.5393342515802845,0.4606657484197155
2022-02-02,0.005753534367783241,0.0053947973,0.009714207,0.0010753876,0.5415261891524618,0.45847381084753824
2022-02-03,-0.014731521113296571,-0.013766595,-0.023505094,-0.0040280963,0.5495418351067046,0.4504581648932954
2022-02-04,-0.00021763331515626877,-0.0007943248,0.004702261,-0.0062909108,0.5524590608225917,0.44754093917740834
2022-02-07,-0.0014091873813768386,-0.0011524407,-0.0032093062,0.00090442493,0.5624121414769769,0.4375878585230231
2022-02-08,0.0033181328243328404,0.002577937,0.008227934,-0.0030720602,0.5655040904304304,0.4344959095695696
2022-02-09,0.00871458749567833,0.0076352274,0.014636043,0.00063441094,0.5770881747953335,0.4229118252046665
2022-02-10,-0.014357182345589643,-0.013602374,-0.017965553,-0.009239196,0.5864974601265465,0.4135025398734535
2022-02-11,-0.008783602528531869,-0.006568068,-0.019718857,0.006582721,0.584235793899595,0.415764206100405
2022-02-14,-0.0043337204141152864,-0.004541163,-0.0032693453,-0.0058129802,0.5815535008710221,0.4184464991289779
2022-02-15,0.008725024666583717,0.0072412924,0.016126962,-0.0016443772,0.5834901663132539,0.41650983368674604
2022-02-16,0.0011475435709075318,0.0011551934,0.0011207716,0.0011896153,0.611120047135497,0.3888799528645031
2022-02-17,-0.012468123777598924,-0.009629709,-0.021361152,0.0021017347,0.6209746848888713,0.37902531511112864
2022-02-18,-0.003145597001667855,-0.0021886432,-0.006475493,0.0020982064,0.6116150407179815,0.38838495928201855
2022-02-22,-0.007101734524620306,-0.005911619,-0.010731237,-0.001092001,0.6234657524840022,0.37653424751599784
2022-02-23,-0.01258287752971258,-0.011101846,-0.017738787,-0.004464904,0.6115748729802247,0.3884251270197753
2022-02-24,0.009893226811211518,0.0084397085,0.015048959,0.001830457,0.6099609190536289,0.3900390809463711
2022-02-25,0.014017921340465329,0.011534396,0.022063948,0.0010048439,0.6179311932327722,0.3820688067672278
2022-02-28,0.0009477392154913964,0.0023259716,-0.0025582544,0.007210198,0.6410901619551452,0.35890983804485477
2022-03-01,-0.007182876699266467,-0.004797602,-0.015230487,0.0056352825,0.6143151889823258,0.38568481101767416
2022-03-02,0.005736674208244042,0.0031974427,0.018396378,-0.012001492,0.5835332047135857,0.4164667952864142
2022-03-03,-0.0016515958137734057,-0.0007996942,-0.004978493,0.0033791044,0.6019314008638239,0.3980685991361761
2022-03-04,-0.003133181132382191,-0.0020596725,-0.0081247,0.004005355,0.588499901302244,0.41150009869775594
2022-03-07,-0.01987371493158172,-0.017640682,-0.029479133,-0.005802231,0.5943127183187975,0.40568728168120244
2022-03-08,-0.005838677271566589,-0.005569278,-0.007581836,-0.0035567197,0.5669295831894892,0.43307041681051084
2022-03-09,0.014290310790342518,0.012353083,0.02681097,-0.0021048035,0.5669955251670673,0.43300447483293275
2022-03-10,-0.004967689706428522,-0.0050549377,-0.004515636,-0.00559424,0.5808899108299831,0.4191100891700169
2022-03-11,-0.007335404659482865,-0.0064497087,-0.012714973,-0.00018444426,0.5706830659840343,0.42931693401596566
2022-03-14,-0.008336148483175067,-0.008497059,-0.0073084435,-0.009685676,0.5676884250650456,0.43231157493495437
2022-03-15,0.013897807513691665,0.01211289,0.021990553,0.0022352275,0.5903512085209401,0.40964879147905986
2022-03-16,0.013686451685358555,0.011459007,0.02217422,0.0007437939,0.6039384098710349,0.39606159012896514
2022-03-17,0.00824900350543017,0.0070911357,0.012510792,0.0016714793,0.6068211303851956,0.3931788696148044
2022-03-18,0.0075966979443688794,0.0065891654,0.010952815,0.0022255154,0.6154460742174327,0.3845539257825673
2022-03-21,-0.0037087948311820083,-0.0050491667,-0.00029237958,-0.009805954,0.6408904712446264,0.3591095287553736
2022-03-22,0.0067324672497521615,0.004496095,0.011701361,-0.0027091717,0.6551901291452435,0.3448098708547564
2022-03-23,-0.0073395199446114525,-0.004378359,-0.012878515,0.0041217976,0.6741827600191268,0.3258172399808732
2022-03-24,0.009382742470327957,0.0064178114,0.01507464,-0.002239017,0.6712481232326655,0.3287518767673346
2022-03-25,0.0007067368992415791,-0.0015320901,0.00488375,-0.00794793,0.6744765320404154,0.32552346795958464
2022-03-28,0.005564927724745727,0.0047817803,0.0071128807,0.00245068,0.667978055452786,0.332021944547214
2022-03-29,0.009911695007986544,0.008535974,0.01237077,0.0047011785,0.6793734180554777,0.3206265819445223
2022-03-30,-0.003525050995315853,-0.0017305423,-0.0061748195,0.002713735,0.7018898246341361,0.29811017536586387
2022-03-31,-0.010479460381050054,-0.007928973,-0.015391327,-0.00046661904,0.6708902494750335,0.32910975052496655
2022-04-01,0.0012927918017463273,0.00052878435,0.0028340016,-0.0017764329,0.665712681687999,0.334287318312001
2022-04-04,0.006086684538725753,0.0047046193,0.0085667,0.0008425389,0.6789275398725756,0.3210724601274244
2022-04-05,-0.011883792307608268,-0.011369828,-0.0126314005,-0.010108257,0.7036997305144755,0.29630026948552446
2022-04-06,-0.007801939503003476,-0.0062762173,-0.0099994205,-0.002553014,0.7048937608160728,0.29510623918392725
2022-04-07,0.002701491832974357,0.00142942,0.0050391224,-0.0021802825,0.676201762287407,0.323798237712593
2022-04-08,-0.003427016007949724,-0.0038544983,-0.0026739037,-0.0050350926,0.6810452976643617,0.3189547023356382
2022-04-11,-0.013161653992620755,-0.010694679,-0.017092487,-0.0042968704,0.692798476772736,0.3072015232272641
2022-04-12,-0.0015125237626440913,-0.0002702747,-0.00370513,0.0031645806,0.6808298994725482,0.31917010052745176
2022-04-13,0.008240008908425012,0.006730471,0.01145363,0.0020073117,0.6598017082486971,0.3401982917513029
2022-04-14,-0.010933251367472197,-0.0102804145,-0.0124518275,-0.008109001,0.65032535738444,0.34967464261556
2022-04-18,-0.0008507556444687435,-0.0013334256,0.00041113028,-0.0030779815,0.6383360589679491,0.3616639410320509
2022-04-19,0.0080142459322464,0.0050323056,0.016142659,-0.006078048,0.6341964751599436,0.36580352484005646
2022-04-20,0.0015599246596186007,0.002492905,-0.00074147206,0.005727282,0.6442287383646652,0.3557712616353348
2022-04-21,-0.011434799418091886,-0.010227512,-0.014953431,-0.005501593,0.62773045633827,0.37226954366173004
2022-04-22,-0.017744027967736484,-0.014204957,-0.027439373,-0.00097054016,0.6337071284343645,0.3662928715656355
2022-04-25,0.006160534828911107,0.006250241,0.0057976902,0.006702791,0.5991113763461745,0.4008886236538255
2022-04-26,-0.015764536300483262,-0.01293641,-0.028960815,0.0030879965,0.5882443715385258,0.4117556284614742
2022-04-27,-0.00020826224409713125,-0.00061421667,0.0028117641,-0.0040401975,0.5592464533517097,0.44075354664829025
2022-04-28,0.013939231051642954,0.0124365315,0.025259424,-0.00038636173,0.5585944190774175,0.44140558092258253
2022-04-29,-0.02413186065352527,-0.021473287,-0.036955696,-0.005990879,0.5858578730956685,0.41414212690433155
2022-05-02,0.0011271853491940952,0.00028809602,0.00601945,-0.0054432577,0.5732016692109961,0.42679833078900387
2022-05-03,0.0036012009100724386,0.0034178342,0.004584116,0.0022515524,0.5786116799131028,0.4213883200868972
2022-05-04,0.02023510607531225,0.018450491,0.030453023,0.0064479597,0.5743432730845281,0.42565672691547185
2022-05-05,-0.025165387004916374,-0.022721965,-0.03554286,-0.009901071,0.595290587750825,0.404709412249175
2022-05-06,-0.005234280251956723,-0.005092363,-0.005969116,-0.0042156093,0.5809336002016083,0.4190663997983917
2022-05-09,-0.01627505525788989,-0.013547162,-0.0320171,0.004922777,0.5738468455196203,0.4261531544803797
2022-05-10,0.002642632555157453,0.0026737433,0.0023104171,0.0030370695,0.5428137861488953,0.45718621385110464
2022-05-11,-0.007112813676360827,-0.006087224,-0.015886018,0.0037115705,0.5523324543827015,0.44766754561729843
2022-05-12,0.000280250782086309,0.00040259172,-0.0010440792,0.0018492626,0.5422836085597424,0.45771639144025755
2022-05-13,0.010733940753768602,0.009816847,0.023907894,-0.004274201,0.5325417313324374,0.46745826866756257
2022-05-16,-0.0012737785838930048,-0.00090703403,-0.0040576155,0.0022435475,0.5582026767022163,0.4417973232977836
2022-05-17,0.008873369493885503,0.007559904,0.02057056,-0.005450751,0.5504765261137938,0.44952347388620617
2022-05-18,-0.020519557629922983,-0.018149406,-0.040311564,0.004012753,0.5534729541114927,0.4465270458885073
2022-05-19,-0.0019995462181578777,-0.0017950486,-0.0061246366,0.0025345394,0.5236162914419112,0.47638370855808876
2022-05-20,0.0016628992399882843,0.0017253832,0.0004366447,0.0030141217,0.5242422924368695,0.47575770756313057
2022-05-23,0.008655097189597541,0.007706948,0.018710084,-0.0032961878,0.5430853975762927,0.4569146024237073
2022-05-24,-0.000912070942552906,2.4834648e-05,-0.007633964,0.0076836334,0.5611653096919955,0.4388346903080044
2022-05-25,0.006841020237620483,0.0064925244,0.008834947,0.0041501024,0.5743878682637833,0.4256121317362167
2022-05-26,0.011114316012792499,0.009606245,0.019981498,-0.0007690087,0.5726763662164027,0.4273236337835972
2022-05-27,0.014668692216532511,0.013092192,0.02454914,0.0016352438,0.5688010676309678,0.4311989323690322
2022-05-31,-0.005893627825761726,-0.005974628,-0.005610983,-0.006338273,0.6113725934081133,0.3886274065918867
2022-06-01,-0.006506966979063684,-0.0060970644,-0.008088768,-0.0041053607,0.6029024440232267,0.39709755597677326
2022-06-02,0.011894626167651514,0.010153633,0.019043477,0.0012637888,0.5979203405260087,0.4020796594739913
2022-06-03,-0.010403349195774817,-0.009030737,-0.016411174,-0.0016503007,0.592989877264906,0.4070101227350939
2022-06-06,-0.0006094926567760692,-0.0015413486,0.0030445834,-0.0061272806,0.6015994111215148,0.39840058887848523
2022-06-07,0.0073410640440246195,0.0067043956,0.009592141,0.0038166498,0.6102362748607608,0.3897637251392391
2022-06-08,-0.008459107861300445,-0.007483208,-0.010872034,-0.004094382,0.6439878732788753,0.35601212672112464
2022-06-09,-0.01559104507744061,-0.0124300495,-0.02378294,-0.0010771588,0.6392154386890934,0.3607845613109066
2022-06-10,-0.02127527854647027,-0.018368348,-0.028995514,-0.007741181,0.6367688665934843,0.36323113340651575
2022-06-13,-0.029818735552357884,-0.027180918,-0.037968352,-0.016393485,0.6222634165602988,0.3777365834397012
2022-06-14,-0.004227103679308525,-0.0044684997,-0.0030132928,-0.005923706,0.5829420926477257,0.4170579073522743
2022-06-15,0.012967008607908023,0.012683181,0.014256382,0.011109979,0.5902071155875477,0.4097928844124523
2022-06-16,-0.01790891033589176,-0.015349343,-0.033096235,0.0023975475,0.5721130929109993,0.4278869070890007
2022-06-17,0.0012066203215781947,0.0010281953,0.0021559699,-9.9579294e-05,0.5791049238606745,0.4208950761393255
2022-06-21,0.013151605872481782,0.010593448,0.025173416,-0.0039865207,0.5877285171603166,0.4122714828396834
2022-06-22,0.002182217491725407,0.003345999,-0.0018128941,0.008504892,0.612793707752851,0.387206292247149
2022-06-23,0.007476640284258688,0.006984938,0.009802691,0.004167185,0.5872507966699161,0.41274920333008386
2022-06-24,0.018571266670517343,0.015106559,0.03179388,-0.0015807635,0.6038125751977598,0.39618742480224023
2022-06-27,-0.004056397273659929,-0.0041365265,-0.00381975,-0.004453303,0.6264757859985632,0.3735242140014368
2022-06-28,-0.012321138687786934,-0.010017587,-0.020432761,0.00039758714,0.6105863319381593,0.3894136680618408
2022-06-29,0.0019743321852984884,0.002474437,-0.0008143249,0.0057631987,0.5760323732619445,0.42396762673805555
2022-06-30,-0.0026801367472014948,-0.0017900052,-0.008124557,0.004544547,0.5702600190607179,0.42973998093928206
2022-07-01,0.009598069106281928,0.009455979,0.0105765965,0.008335361,0.5633981807071521,0.4366018192928479
2022-07-05,0.001874220810526745,0.0018725847,0.0018885878,0.0018565815,0.5511187253210427,0.44888127467895733
2022-07-06,-0.0010415473741645055,-0.001676302,0.0033773624,-0.0067299665,0.5628014272795514,0.43719857272044865
2022-07-07,0.007454720642391853,0.0063595558,0.014977179,-0.0022580666,0.563542157091933,0.436457842908067
2022-07-08,-0.0020694475481542315,-0.002281186,-0.00082270417,-0.0037396678,0.5725886480508803,0.4274113519491197
2022-07-11,-0.00467989321765159,-0.0033905471,-0.011423573,0.0046424787,0.5802528295380793,0.4197471704619207
2022-07-12,-0.004610531084023692,-0.003736183,-0.008848875,0.0013765085,0.5855075934001985,0.41449240659980147
2022-07-13,-0.001646362150209994,-0.00080912246,-0.0052517815,0.0036335366,0.5942273168125183,0.40577268318748166
2022-07-14,-0.002861318943577912,-0.002975359,-0.0024284348,-0.0035222832,0.60425579627679,0.3957442037232099
2022-07-15,0.013076854011297654,0.011516276,0.01910506,0.003927491,0.6028213701509179,0.39717862984908214
2022-07-18,-0.006307134072024861,-0.00574223,-0.008256971,-0.0032274893,0.6123185276899161,0.3876814723100838
2022-07-19,0.01669567602306532,0.012822782,0.027019272,-0.0013737075,0.6364032270178417,0.3635967729821583
2022-07-20,0.003951689854061547,0.0028427814,0.006373276,-0.0006877132,0.657047182006017,0.34295281799398303
2022-07-21,0.009524923399797656,0.009270044,0.010183014,0.008357075,0.6395878503524798,0.3604121496475202
2022-07-22,-0.003286626722490768,-0.0007387176,-0.009278039,0.007800604,0.6491868532950322,0.35081314670496777
2022-07-25,-0.0005889674741191328,-0.0012310089,0.0012149218,-0.0036769395,0.6312468465415566,0.36875315345844345
2022-07-26,-0.007277962808732977,-0.00601263,-0.011830952,-0.00019430845,0.6087369022767007,0.39126309772329926
2022-07-27,0.01695696448972861,0.01473148,0.025966248,0.0034967114,0.5990445469633787,0.4009554530366212
2022-07-28,0.010569347668911223,0.009852497,0.012542354,0.007162639,0.6332507813235493,0.36674921867645077
2022-07-29,0.00940398739757846,0.0073372955,0.014578821,9.5769785e-05,0.6426972732514166,0.35730272674858343
2022-08-01,-0.0008026062464550389,0.0002525004,-0.0029613494,0.0034663503,0.6641499610997346,0.33585003890026544
2022-08-02,-0.007854570438364652,-0.008431733,-0.0065972647,-0.0102662,0.6573104305593587,0.3426895694406413
2022-08-03,0.011853600257257702,0.01005942,0.015659556,0.0044592842,0.6601907802293954,0.3398092197706047
2022-08-04,0.0003710186800666881,0.00086837145,-0.0006757798,0.0024125227,0.6610440510168436,0.33895594898315634
2022-08-05,-0.005054629277176406,-0.00642881,-0.0016898942,-0.011167726,0.6449889297504605,0.3550110702495395
2022-08-08,0.0008457559152886399,0.0017073456,-0.0011612254,0.0045759166,0.6501775083142162,0.34982249168578383
2022-08-09,-0.003375870745005086,-0.0031001572,-0.0039708107,-0.002229504,0.6583370643393942,0.34166293566060574
2022-08-10,0.014814580364018077,0.01176493,0.021004006,0.0025258528,0.6650408873122706,0.33495911268772943
2022-08-11,-0.0016698243384851918,-0.0026643425,0.0,-0.005328685,0.6866348218542047,0.31336517814579534
2022-08-12,0.013069878764626182,0.010704955,0.016929077,0.0044808327,0.6899805194594069,0.31001948054059314
2022-08-15,0.0032277112019410896,0.0026904615,0.004120669,0.0012602543,0.6878222927181563,0.31217770728184374
2022-08-16,0.0009150426908753778,0.0002530429,0.0019587702,-0.0014526844,0.6940520572806892,0.30594794271931075
2022-08-17,-0.0067133283874760835,-0.0065073906,-0.00709802,-0.0059167612,0.6743375283963932,0.32566247160360684
2022-08-18,0.0026542185121105886,0.0025267159,0.0029065602,0.0021468718,0.6678352936272199,0.33216470637278006
2022-08-19,-0.011297487349787447,-0.0102240285,-0.013438159,-0.0070098983,0.6669905697379508,0.33300943026204927
2022-08-22,-0.01546421314399573,-0.012568661,-0.02082253,-0.0043147914,0.675405735270634,0.3245942647293661
2022-08-23,-0.001727546588705955,-0.001406491,-0.0024192228,-0.00039375934,0.6585096421623879,0.34149035783761206
2022-08-24,0.0012440324673961332,0.00027059857,0.0032009534,-0.0026597562,0.6660948875241792,0.33390511247582083
2022-08-25,0.011138049458458338,0.009824624,0.014117767,0.005531481,0.6529678129359245,0.34703218706407546
2022-08-26,-0.02283090607745664,-0.017857824,-0.033849053,-0.0018665944,0.655494059298148,0.3445059407018521
2022-08-29,-0.005929903133075375,-0.005717282,-0.0066122175,-0.0048223473,0.6187911369394089,0.3812088630605911
2022-08-30,-0.006347829068186126,-0.0048460523,-0.010977887,0.0012857819,0.6224573779864402,0.3775426220135598
2022-08-31,-0.006721063726132149,-0.006471048,-0.0076089245,-0.0053331717,0.6098606197721983,0.3901393802278017
2022-09-01,0.00014161435709695203,-0.000600026,0.003137779,-0.004337831,0.5992080053686981,0.4007919946313019
2022-09-02,-0.005269042616249623,-0.0038233236,-0.010544353,0.0028977059,0.6075518988695381,0.39244810113046197
2022-09-06,-0.006069556541143939,-0.0065697846,-0.0037733363,-0.009366233,0.5894398903908107,0.4105601096091893
2022-09-07,0.013537392040339718,0.012452606,0.017964998,0.006940214,0.5983952065977829,0.40160479340221716
2022-09-08,0.00272560174969639,0.0016698393,0.0065363776,-0.003196699,0.6084716095220541,0.3915283904779459
2022-09-09,0.009305578616267522,0.007717676,0.01553526,-9.9907986e-05,0.6015596915591754,0.39844030844082456
2022-09-12,0.005965863086325094,0.004621846,0.010747497,-0.0015038045,0.6097040050195597,0.3902959949804403
2022-09-13,-0.028699200207567083,-0.024551442,-0.04348253,-0.005620352,0.6095488665493338,0.3904511334506662
2022-09-14,0.0027578148554316096,0.0025640288,0.0038160554,0.0013120022,0.5773889622953685,0.4226110377046315
2022-09-15,-0.00782740572387489,-0.0071888464,-0.011353458,-0.003024234,0.5766649541416731,0.4233350458583269
2022-09-16,-0.0046598103483509795,-0.0041682906,-0.007629005,-0.00070757617,0.5710142235283628,0.4289857764716371
2022-09-19,0.0037208303596844993,0.0031185895,0.007755088,-0.0015179092,0.564945655919143,0.43505434408085697
2022-09-20,-0.008511605573268657,-0.0079686865,-0.011478544,-0.004458829,0.5773420320544578,0.4226579679455423
2022-09-21,-0.00889172505287756,-0.0071439836,-0.017443767,0.0031557998,0.5848436077814428,0.41515639221855716
2022-09-22,-0.009369005834634764,-0.00952724,-0.008399808,-0.010654673,0.5701747422819001,0.4298252577180998
2022-09-23,-0.010836820208033,-0.009915954,-0.016754856,-0.0030770525,0.5673255581195301,0.4326744418804699
2022-09-26,-0.011228903531481892,-0.011376543,-0.009892519,-0.012860566,0.5497427892181042,0.45025721078189584
2022-09-27,-0.0032796668218322157,-0.0034126712,-0.0025529014,-0.004272441,0.5773488082316265,0.4226511917683735
2022-09-28,0.018182796617044562,0.01789779,0.019676464,0.016119117,0.5801176658641003,0.4198823341358997
2022-09-29,-0.014519312167641346,-0.013071391,-0.02088909,-0.0052536908,0.5926053465906327,0.40739465340936726
2022-09-30,-0.009996229463336411,-0.008922712,-0.015463655,-0.0023817685,0.5820613879528924,0.41793861204710764
2022-10-03,0.01846602955647073,0.017262911,0.026401427,0.008124396,0.5658267838694603,0.4341732161305397
2022-10-04,0.019406743742490518,0.016834866,0.030986607,0.0026831264,0.5908678705605801,0.40913212943941984
2022-10-05,-0.0034706805729969176,-0.003788425,-0.0023282235,-0.005248626,0.6088015422836053,0.3911984577163948
2022-10-06,-0.007777452845245976,-0.0071235886,-0.010316024,-0.003931153,0.6024084189954865,0.39759158100451353
2022-10-07,-0.018621896893708745,-0.016595341,-0.027893716,-0.005296964,0.5896835321961525,0.41031646780384745
2022-10-10,-0.006249761617114979,-0.0060626436,-0.0076353466,-0.0044899406,0.5594893038533206,0.4405106961466793
2022-10-11,-0.0031812952121206897,-0.0028517807,-0.0063329684,0.000629407,0.5473278897188573,0.45267211028114274
2022-10-12,-0.0015266147819932192,-0.0012298789,-0.003298409,0.00083865126,0.5717262660246075,0.4282737339753925
2022-10-13,0.013587828987707846,0.011624474,0.026391005,-0.003142058,0.5664799100202185,0.4335200899797815
2022-10-14,-0.015795939160792444,-0.014126113,-0.02278871,-0.0054635154,0.5963813662061661,0.40361863379383395
2022-10-17,0.015984418458414903,0.013904939,0.025696997,0.0021128817,0.5881728781665563,0.4118271218334437
2022-10-18,0.0077190951730522475,0.0067181555,0.01174946,0.0016868509,0.599471170088828,0.400528829911172
2022-10-19,-0.007683746128412589,-0.007858118,-0.007086343,-0.008629893,0.6129681151781848,0.38703188482181516
2022-10-20,-0.007522768420110247,-0.007218227,-0.00838523,-0.0060512237,0.6304802184008647,0.3695197815991354
2022-10-21,0.01579148973306002,0.012898303,0.024301382,0.0014952233,0.6268599097750525,0.3731400902249476
2022-10-24,0.0075458349497687345,0.0054251384,0.0122364415,-0.0013861643,0.655674795523949,0.34432520447605103
2022-10-25,0.013904797503191704,0.012896631,0.015968652,0.009824609,0.6640884643270946,0.33591153567290544
2022-10-26,-0.0035529738276695714,-0.0015459547,-0.0075341025,0.004442193,0.6675826285056905,0.33241737149430955
2022-10-27,-0.0017576491016110265,-0.00014327769,-0.005340076,0.0050535207,0.6553236529598112,0.3446763470401888
2022-10-28,0.014833107773107843,0.010638219,0.02379072,-0.002514282,0.6594711232238639,0.34052887677613614
2022-10-31,-0.00602814696365615,-0.005292112,-0.007223368,-0.0033608563,0.6905585678572128,0.30944143214278724
2022-11-01,-0.0023374491589148866,-0.0012582425,-0.0043757567,0.0018592717,0.6730876856228589,0.32691231437714113
2022-11-02,-0.01680483259849133,-0.013391515,-0.025096111,-0.0016869201,0.6458109798230053,0.3541890201769947
2022-11-03,-0.007821589853006839,-0.006996355,-0.010296923,-0.003695787,0.6250140598939736,0.37498594010602637
2022-11-04,0.008953662361229535,0.007143541,0.014393193,-0.00010611096,0.6248419595113447,0.3751580404886553
2022-11-07,0.005157295777968404,0.0031927032,0.009565417,-0.0031800102,0.6541409749019198,0.34585902509808014
2022-11-08,0.005014953781547074,0.004824634,0.0053955144,0.004253754,0.6666896044181468,0.33331039558185316
2022-11-09,-0.013486515064811584,-0.009718906,-0.020602185,0.0011643732,0.6730916278285262,0.32690837217147384
2022-11-10,0.04354230315357852,0.038212333,0.054954235,0.021470433,0.659180532775199,0.3408194672248011
2022-11-11,0.0061650193731886075,0.00447692,0.009678484,-0.0007246441,0.662268449388239,0.33773155061176097
2022-11-14,-0.00670380574715169,-0.005652376,-0.008506916,-0.0027978357,0.6841679416742139,0.3158320583257861
2022-11-15,0.008138740372251516,0.007953191,0.0085292375,0.007377144,0.6610543400100584,0.3389456599899417
2022-11-16,-0.0028480154217353547,-0.00071987417,-0.007628729,0.006188981,0.6540154827179856,0.3459845172820144
2022-11-17,-0.0034693442514615756,-0.0036315653,-0.0030598915,-0.004203239,0.6418825044000239,0.3581174955999761
2022-11-18,0.0024147235950711375,0.0015496325,0.0045402874,-0.0014410225,0.644632387100655,0.355367612899345
2022-11-21,-0.0025236443352302696,-0.002127378,-0.0036360172,-0.000618739,0.6313323482387474,0.3686676517612526
2022-11-22,0.010288293509503811,0.009307498,0.01345698,0.0051580165,0.6181828814929129,0.3818171185070871
2022-11-23,0.006168909240737337,0.0061270143,0.006301752,0.0059522768,0.6198796529203875,0.3801203470796125
2022-11-25,-6.522370931951283e-05,-9.759482e-06,-0.00022370709,0.00020418812,0.6296210516849714,0.37037894831502854
2022-11-28,-0.010764269500967852,-0.00879457,-0.015957024,-0.001632116,0.6375017222180938,0.36249827778190624
2022-11-29,-0.002450866949285797,-0.0026467165,-0.0017176291,-0.003575804,0.6053989081257785,0.3946010918742216
2022-11-30,0.022252656252318617,0.019646661,0.03150076,0.007792561,0.6099195905581545,0.3900804094418455
2022-12-01,0.002582775904265304,0.0037924745,-0.00073604303,0.008320992,0.6335645199622347,0.36643548003776527
2022-12-02,0.000728386766229428,0.0014964493,-0.0011536669,0.0041465657,0.6449111202616309,0.35508887973836917
2022-12-05,-0.014401418476593292,-0.012922489,-0.017989099,-0.007855879,0.6459486135096638,0.3540513864903362
2022-12-06,-0.007931151141588783,-0.0057353643,-0.01441489,0.0029441612,0.6264923338566885,0.37350766614331155
2022-12-07,0.0025132130130377413,0.0036026656,-0.0017013656,0.008906697,0.6027004376758208,0.3972995623241792
2022-12-08,0.0034251160839545887,0.0024122149,0.007834153,-0.0030097235,0.5934076651877161,0.40659233481228385
2022-12-09,-0.006886322814634454,-0.0067036087,-0.007470194,-0.0059370236,0.6191740758050142,0.3808259241949858
2022-12-12,0.008610516582734214,0.007309831,0.014417184,0.00020247916,0.5915027967255269,0.40849720327447314
2022-12-13,0.007208803638431135,0.0071246703,0.0075697517,0.006679589,0.5945145375750112,0.4054854624249888
2022-12-14,-0.0029490822954365277,-0.0020908962,-0.006393491,0.0022116983,0.599728899963178,0.400271100036822
2022-12-15,-0.013883179101843751,-0.011496994,-0.024461718,0.0014677308,0.5920260734100495,0.4079739265899505
2022-12-16,-0.007966496719043656,-0.007208155,-0.011806066,-0.0026102436,0.5824659056916874,0.4175340943083125
2022-12-19,-0.007483543975595279,-0.0073096827,-0.008479737,-0.006139628,0.5742963551118923,0.42570364488810775
2022-12-20,-0.0021564980826213253,-0.0027086902,0.001368455,-0.0067858356,0.5677179956969753,0.4322820043030246
2022-12-21,0.009786597984701847,0.008852919,0.014952459,0.0027533784,0.5765368406363356,0.42346315936366435
2022-12-22,-0.008396925968994117,-0.007285483,-0.014266244,-0.00030472234,0.5796075632621058,0.42039243673789417
2022-12-23,0.0017759802445924155,0.0011467579,0.005752396,-0.0034588801,0.5683100135704655,0.43168998642953454
2022-12-27,-0.005344349219468381,-0.005595145,-0.0039435215,-0.007246768,0.5759239707849435,0.4240760292150565
2022-12-28,-0.008047584135167355,-0.0070879404,-0.012427947,-0.0017479344,0.5898541736764248,0.4101458263235752
2022-12-29,0.011996905968055119,0.010854204,0.018000418,0.0037079894,0.5799515697796778,0.4200484302203222
2022-12-30,-0.003526128519059809,-0.0036773898,-0.0026342086,-0.004720571,0.5725000138541654,0.4274999861458346
2023-01-03,1.339825935684066e-05,0.0008335493,-0.00420985,0.0058769486,0.5813093508804794,0.41869064911952053
2023-01-04,0.006797099547667607,0.0066276807,0.0077202595,0.0055351015,0.5775317159420845,0.4224682840579154
2023-01-05,-0.007039384102597958,-0.0061145863,-0.0114135705,-0.0008156016,0.5872618197149122,0.4127381802850878
2023-01-06,0.01803707245350255,0.016924247,0.022932265,0.010916229,0.5926116851993302,0.40738831480066984
2023-01-09,0.0006365644585997657,0.0009778816,-0.0005668237,0.0025225868,0.6104796884250718,0.3895203115749282
2023-01-10,0.002671958078963535,0.0015939602,0.007012656,-0.0038247355,0.5994702336105108,0.40052976638948923
2023-01-11,0.010114250953322483,0.009405883,0.012647859,0.0061639077,0.6092493879910941,0.3907506120089059
2023-01-12,0.0050655011632705065,0.005435784,0.003640644,0.007230924,0.6031348082168684,0.3968651917831316
2023-01-13,0.0008491787959317451,9.533786e-05,0.00387981,-0.0036891343,0.5995965763948379,0.40040342360516207
2023-01-17,-0.0018202005661189834,-0.0018167817,-0.0018319926,-0.0018015706,0.6123831705721976,0.3876168294278024
2023-01-18,-0.0063472169978580064,-0.0029309709,-0.01578799,0.009926049,0.6328552869009418,0.36714471309905816
2023-01-19,-0.00538032390815039,-0.0047817216,-0.0072798864,-0.002283557,0.6198083890673941,0.3801916109326059
2023-01-20,0.00994790625153535,0.00727486,0.018629165,-0.0040794453,0.6177106888827103,0.3822893111172897
2023-01-23,0.006623316118456701,0.0047504073,0.011998542,-0.0024977266,0.6291993604060313,0.37080063959396875
2023-01-24,0.000948946775976295,0.0016669005,-0.0010731848,0.004406986,0.6310093797679135,0.3689906202320865
2023-01-25,0.0006723593168812948,0.00078558864,0.0003744989,0.0011966784,0.6377184924119834,0.3622815075880165
2023-01-26,0.006295042223494518,0.0046488093,0.010990544,-0.001692926,0.6297935896360718,0.37020641036392826
2023-01-27,0.000921054062808442,0.00040043012,0.0022977109,-0.0014968506,0.6372026646150365,0.3627973353849635
2023-01-30,-0.009086293698035701,-0.007622381,-0.012546684,-0.0026980785,0.6486416184431542,0.35135838155684584
2023-01-31,0.010778530953314273,0.009405682,0.014703287,0.0041080774,0.6295726022226857,0.37042739777731426
2023-02-01,0.009327133354270394,0.008839767,0.010627753,0.0070517813,0.6362891504637003,0.3637108495362997
2023-02-02,0.009805012800734097,0.007824662,0.0145568475,0.0010924775,0.647080799437499,0.35291920056250103
2023-02-03,-0.010283315893417817,-0.010126565,-0.010629004,-0.0096241245,0.65599057274098,0.34400942725901995
2023-02-06,-0.005909053929140961,-0.0058106957,-0.0061113406,-0.0055100503,0.6635790037648198,0.3364209962351802
2023-02-07,0.007955216884861898,0.0056831217,0.013078482,-0.0017122384,0.6536162607845216,0.3463837392154784
2023-02-08,-0.006832030170227836,-0.0047609704,-0.010934692,0.0014127514,0.6677318843381026,0.3322681156618974
2023-02-09,-0.007007807771664409,-0.0062996782,-0.008669252,-0.003930105,0.6494213163860376,0.3505786836139623
2023-02-10,-6.86043968465902e-05,-0.001008066,0.002333847,-0.004349979,0.6405574550566508,0.3594425449433492
2023-02-13,0.008685743473376075,0.007393749,0.011738884,0.003048614,0.6486713690097825,0.35132863099021755
2023-02-14,-0.0015414494748340044,-0.0020028856,-0.00046012521,-0.0035456459,0.6495488491930299,0.35045115080697004
2023-02-15,0.0014452111204608642,0.0006579666,0.0032473549,-0.0019314217,0.6520136110508883,0.3479863889491117
2023-02-16,-0.010664742303929267,-0.008972446,-0.013768793,-0.0041760993,0.6764151075878877,0.32358489241211236
2023-02-17,-0.0009111888895403728,-7.303164e-05,-0.0024983468,0.0023522836,0.672793467854249,0.327206532145751
2023-02-21,-0.01633605452466457,-0.014724117,-0.02006083,-0.009387403,0.6510234917463749,0.3489765082536251
2023-02-22,0.00011804375303801028,0.00064997305,-0.0013781253,0.0026780714,0.6311399183022559,0.36886008169774415
2023-02-23,0.004685513376747337,0.0044575105,0.005319459,0.003595562,0.6322601978693022,0.3677398021306978
2023-02-24,-0.00887208730234602,-0.008207441,-0.010682576,-0.005732306,0.6342646274717159,0.36573537252828414
2023-02-27,0.002855578039775047,0.0026810921,0.0034061053,0.001956079,0.6203329212053814,0.37966707879461864
2023-02-28,-0.0023251134902602284,-0.001899362,-0.0036961308,-0.00010259308,0.6184769908917611,0.38152300910823883
2023-03-01,-0.004548312197144652,-0.00478183,-0.0038358099,-0.005727851,0.6234213035016896,0.3765786964983105
2023-03-02,0.004000531498978044,0.002852675,0.007777209,-0.002071859,0.6165446898001321,0.38345531019986784
2023-03-03,0.012953975881346317,0.011964066,0.016037835,0.007890297,0.6214980479624964,0.3785019520375036
2023-03-06,-0.0005185309476339725,-0.0008897293,0.0006926941,-0.0024721527,0.6172879374203477,0.3827120625796523
2023-03-07,-0.010021987354389387,-0.008335362,-0.015328599,-0.0013421257,0.6205897212467297,0.37941027875327027
2023-03-08,0.0005921322564542014,0.00029875647,0.001632025,-0.0010345121,0.6100212684869768,0.38997873151302315
2023-03-09,-0.009630321817393685,-0.0074134185,-0.018449787,0.0036229503,0.6004362713137552,0.39956372868624485
2023-03-10,-0.003807050398482438,-0.0013876371,-0.014429608,0.011654334,0.5927548927722175,0.4072451072277825
2023-03-13,0.002551800598123875,0.0032634267,-0.0014251102,0.007951964,0.5758900040211752,0.42410999597882476
2023-03-14,0.006747207750763617,0.005331842,0.016529955,-0.00586627,0.5631966006822989,0.43680339931770107
2023-03-15,0.0006572068892382057,0.0018579953,-0.006254167,0.009970157,0.5740116125409288,0.4259883874590712
2023-03-16,0.00807016607488742,0.006808332,0.017545171,-0.0039285063,0.5587618810297786,0.44123811897022136
2023-03-17,-0.003997845878326958,-0.0027111766,-0.011692772,0.0062704184,0.5716281034677216,0.42837189653227836
2023-03-20,0.0036842220937442407,0.0027975752,0.009615537,-0.0040203864,0.5650228724413526,0.43497712755864737
2023-03-21,0.0063384371805548425,0.0050519016,0.01313051,-0.0030267069,0.579626057686515,0.420373942313485
2023-03-22,-0.006403738950578783,-0.003715651,-0.017046427,0.009615125,0.6008226299609883,0.39917737003901166
2023-03-23,0.0025793423271754613,0.002554657,0.0027034192,0.002405895,0.5829689397226281,0.41703106027737197
2023-03-24,0.0045289107277228634,0.004130997,0.0065619876,0.001700007,0.5818418410394507,0.4181581589605493
2023-03-27,-0.003322689816840135,-0.0044562323,0.0018700034,-0.010782468,0.5895906020585108,0.41040939794148923
2023-03-28,-0.0019512334644358675,-0.0018792732,-0.0022447587,-0.0015137879,0.5984446917069413,0.4015553082930588
2023-03-29,0.00921530264561577,0.007873657,0.014534655,0.0012126591,0.6007090533390491,0.39929094666095094
2023-03-30,0.004003845465250523,0.003483223,0.0058553834,0.0011110627,0.6097359293711464,0.39026407062885354
2023-03-31,0.010445672827211252,0.0094674835,0.014094635,0.004840332,0.6057010287081352,0.39429897129186475
2023-04-03,0.004021483021114736,0.004078606,0.003810607,0.0043466054,0.6065732892515917,0.3934267107484083
2023-04-04,-0.0018800527070238283,-0.00092074473,-0.0055482835,0.003706794,0.6036520744690471,0.3963479255309529
2023-04-05,-0.00025796643980686485,0.0003876601,-0.0026180837,0.003393404,0.6073987979553015,0.3926012020446985
2023-04-06,0.0019848756736080696,0.0015026636,0.0039007105,-0.0008953832,0.6005426607713165,0.3994573392286835
2023-04-10,-0.0019600978348300246,-0.002921666,0.0010264341,-0.0068697664,0.6217760741641312,0.3782239258358688
2023-04-11,0.000385728898779692,0.00043521833,0.00026873298,0.0006017037,0.6486300249233754,0.35136997507662465
2023-04-12,-0.002259129098066394,-0.0014368931,-0.004076043,0.001202257,0.6557766712787041,0.3442233287212959
2023-04-13,0.008273539485022966,0.006441218,0.013282764,-0.00040032793,0.6339113706748706,0.3660886293251294
2023-04-14,-0.0032860963160213407,-0.0036740196,-0.0024428042,-0.004905235,0.657536718889857,0.342463281110143
2023-04-17,0.0005072652609674311,-0.00072102156,0.00358818,-0.005030223,0.6425190704243819,0.357480929575618
2023-04-18,0.0009090656790324188,0.0010338586,0.00065227866,0.0014154385,0.6635213060679733,0.3364786939320267
2023-04-19,-0.0006370577407066316,-0.00084179314,-0.00016897352,-0.0015146128,0.6521473311578543,0.3478526688421457
2023-04-20,-0.001858864762740329,-0.00045333942,-0.005457151,0.0045504724,0.6404454641092421,0.3595545358907579
2023-04-21,-8.510996506591714e-05,-0.00046736002,0.0007768861,-0.0017116062,0.6536070882043227,0.3463929117956773
2023-04-24,0.002039315794611732,0.002488209,0.0010433275,0.0039330903,0.6553390782707833,0.3446609217292167
2023-04-25,-0.008121028000730952,-0.004823214,-0.01587393,0.0062275017,0.649212694371393,0.3507873056286071
2023-04-26,-0.004030449974665152,-0.0039644456,-0.004235503,-0.0036933883,0.6217536559364671,0.37824634406353286
2023-04-27,0.011017092342650806,0.008150555,0.019908052,-0.0036069416,0.6219025278741106,0.3780974721258894
2023-04-28,0.007274334463771061,0.006831634,0.008535072,0.005128196,0.6299431920472498,0.37005680795275026
2023-05-01,-0.004435052574227178,-0.0056246244,-0.0010097249,-0.010239524,0.6288838265097857,0.3711161734902143
2023-05-02,-0.0034579357096226333,-0.0007559536,-0.011239172,0.009727265,0.6288717841756168,0.3711282158243832
2023-05-03,-0.0024958829415605783,-0.0012243569,-0.0068640155,0.0044153016,0.6127307615985469,0.3872692384014531
2023-05-04,-0.004794723990276471,-0.004140767,-0.007082993,-0.0011985401,0.6111330745099044,0.38886692549009555
2023-05-05,0.010071016046848453,0.0076557207,0.01851263,-0.0032011892,0.6112330871482039,0.3887669128517961
2023-05-08,-0.0019055670197155516,-0.002626445,0.00026653556,-0.0055194255,0.6245908749525646,0.3754091250474354
2023-05-09,-0.0030740945409725067,-0.0026466534,-0.0043852935,-0.00090801367,0.6229239527490955,0.37707604725090443
2023-05-10,0.005352343338268432,0.0055681327,0.0046723243,0.0064639417,0.6204440380382036,0.3795559619617964
2023-05-11,4.7480692832621053e-05,0.0006332155,-0.001744002,0.003010433,0.6231975598158764,0.37680244018412357
2023-05-12,-0.0029902075554507617,-0.0034564943,-0.0013102096,-0.005602779,0.6086264811573009,0.3913735188426991
2023-05-15,0.0011240194047940422,0.00046738167,0.003450063,-0.0025152997,0.6100750712621322,0.38992492873786777
2023-05-16,-0.004972353053597321,-0.0045012985,-0.006682597,-0.0023200002,0.6079756880234858,0.3920243119765142
2023-05-17,0.006746858144161316,0.005311235,0.012138818,-0.001516349,0.6051340800320435,0.3948659199679565
2023-05-18,0.004129098366890505,0.0024876622,0.009633264,-0.004657939,0.6148564021403389,0.3851435978596612
2023-05-19,-0.0017416786993737477,-0.0018466266,-0.0014551972,-0.0022380562,0.6340573488331724,0.36594265116682756
2023-05-22,-7.992687085436374e-05,-0.00025558326,0.0004062036,-0.0009173701,0.6327137130533285,0.36728628694667154
2023-05-23,-0.006729737526439872,-0.0050501823,-0.0112229325,0.001122568,0.6360459462268299,0.36395405377317014
2023-05-24,-0.00557184546372947,-0.0048967423,-0.0072447625,-0.0025487216,0.6437601209342392,0.35623987906576077
2023-05-25,0.004223870175382821,0.002490459,0.008660066,-0.003679148,0.6404798704861943,0.35952012951380574
2023-05-26,0.0084823182092079,0.006885534,0.0129505,0.0008205688,0.6316399956789459,0.3683600043210541
2023-05-30,0.0026514689234936038,0.0035215567,0.00038106606,0.0066620475,0.6385273704467125,0.3614726295532875
2023-05-31,-0.002141059690323079,-0.0009908834,-0.005545203,0.0035634362,0.6262731130748878,0.3737268869251122
2023-06-01,0.007143733994640099,0.006266075,0.009501063,0.0030310869,0.6356510243237177,0.3643489756762823
2023-06-02,0.007547600316246535,0.004593895,0.014461118,-0.005273328,0.6496725829242288,0.3503274170757712
2023-06-05,-0.0013174667741609122,-0.0010091893,-0.0019163992,-0.00010197934,0.6699041623435367,0.33009583765646333
2023-06-06,0.001844862108603806,0.0017005268,0.002177436,0.0012236176,0.6513237495956596,0.3486762504043403
2023-06-07,-0.004105346456097176,-0.0043764208,-0.003457583,-0.0052952585,0.6475093405032573,0.3524906594967427
2023-06-08,0.005796101643870439,0.0056860726,0.0060486975,0.0053234478,0.6517118891874656,0.34828811081253436
2023-06-09,0.0003617809614088394,-0.00027393765,0.0017941586,-0.002342034,0.6536965730014306,0.3463034269985695
2023-06-12,0.006582685042483818,0.005403568,0.009071797,0.0017353393,0.6607201808278047,0.3392798191721953
2023-06-13,0.002792871798368283,0.0009528082,0.0065929787,-0.0046873624,0.6631212744283661,0.33687872557163395
2023-06-14,0.0011012517799052527,0.0010561149,0.0011909974,0.0009212324,0.6673192000176502,0.3326807999823498
2023-06-15,0.010606870545463656,0.009676352,0.012397492,0.006955211,0.6709795625162928,0.32902043748370724
2023-06-16,-0.003319798339404636,-0.0032774177,-0.003406242,-0.0031485937,0.6644896778105172,0.3355103221894829
2023-06-20,-0.002751412931956563,-0.0016770223,-0.005188046,0.0018340013,0.6530024667230871,0.34699753327691285
2023-06-21,-0.00273967599045684,-0.0017483167,-0.0051239682,0.0016273349,0.6468396971650611,0.35316030283493893
2023-06-22,0.0004499367602935813,-0.0007844899,0.003609733,-0.005178713,0.6404601799049825,0.35953982009501745
2023-06-23,-0.003953177889310111,-0.0022999141,-0.007559899,0.0029600707,0.6571548156711243,0.3428451843288757
2023-06-26,-0.0022418456801216726,-0.0014322279,-0.004085745,0.0012212895,0.6525555948099183,0.3474444051900817
2023-06-27,0.006303296322640133,0.0045159464,0.010963185,-0.0019312922,0.6386136143745347,0.3613863856254653
2023-06-28,0.0013880739714993463,0.0017289872,0.0005045358,0.0029534386,0.6392105927205086,0.3607894072794914
2023-06-29,-0.00022955132177325966,-0.0018878605,0.0039414316,-0.0077171526,0.642239325130727,0.35776067486927293
2023-06-30,0.008575797749834241,0.0070770206,0.01180059,0.0023534507,0.6586488093834088,0.34135119061659125
2023-07-03,0.0003614598576942101,-1.32852e-05,0.001150551,-0.0011771214,0.6609956158675454,0.33900438413245465
2023-07-05,-0.0025533202726638633,-0.0029983162,-0.0014872623,-0.0045093703,0.6472469016560589,0.35275309834394114
2023-07-06,-0.007361149923745907,-0.0071579115,-0.007830559,-0.0064852643,0.6510732927636119,0.3489267072363881
2023-07-07,-0.0015664497938913198,-0.0011586207,-0.002524788,0.00020754655,0.6492602911885732,0.35073970881142685
2023-07-10,0.0026253591518185957,0.0026640699,0.0025311785,0.0027969612,0.6456480285063817,0.35435197149361825
2023-07-11,0.0048771506990944544,0.0042688316,0.006368491,0.002169172,0.6448614092117431,0.3551385907882569
2023-07-12,0.008080578618631129,0.008094717,0.008045932,0.008143502,0.6449078896159076,0.3550921103840924
2023-07-13,0.007323438103121166,0.0070871683,0.007936871,0.0062374664,0.6390308256884245,0.3609691743115755
2023-07-14,-0.0021534759285311107,-0.0026994597,-0.00062283175,-0.0047760876,0.6314592124247578,0.3685407875752422
2023-07-17,0.0026138077769188492,0.0022977607,0.003472366,0.0011231556,0.6345333067814125,0.3654666932185875
2023-07-18,0.004996957518837584,0.004123242,0.007430544,0.00081593974,0.6320888652762107,0.36791113472378933
2023-07-19,0.0025257518163546515,0.0026403419,0.0022237059,0.0030569779,0.6375181903324322,0.3624818096675678
2023-07-20,-0.006114864378007867,-0.0059079397,-0.0066344514,-0.0051814276,0.6424098173469881,0.3575901826530119
2023-07-21,0.00025272636660262325,0.00035756637,0.0,0.00071513274,0.6466021608711936,0.3533978391288064
2023-07-24,0.0021919068907750843,0.0013150315,0.004467181,-0.0018371178,0.6390916538400826,0.36090834615991746
2023-07-25,0.0013900760717748515,0.0008026711,0.0027300771,-0.001124735,0.6523822645327308,0.34761773546726915
2023-07-26,0.0012163007311946283,0.0017146525,0.00015359359,0.0032757116,0.6596197983579308,0.34038020164206917
2023-07-27,-0.007314688673768565,-0.0075998073,-0.0066297986,-0.008569816,0.6469670561714923,0.3530329438285077
2023-07-28,0.007734780886869991,0.0068501756,0.0097902445,0.0039101066,0.6504395545766178,0.34956044542338216
2023-07-31,0.001665422933452618,0.0015671165,0.0019040894,0.0012301436,0.6458670213027404,0.3541329786972595
2023-08-01,-0.004219126316016706,-0.004741456,-0.00286168,-0.006621232,0.6389340024182151,0.361065997581785
2023-08-02,-0.009759225516129032,-0.008143638,-0.013910704,-0.0023765725,0.6400701121493051,0.3599298878506949
2023-08-03,-0.004302349328774178,-0.0047995886,-0.002865876,-0.0067333006,0.6285710979590668,0.3714289020409332
2023-08-04,0.00016474066173937122,0.0018580651,-0.0045227385,0.008238869,0.6326889658981463,0.3673110341018538
2023-08-07,0.00553078760375919,0.0044676447,0.008728408,0.00020688117,0.6247596680127522,0.3752403319872478
2023-08-08,-0.001870944180530719,-0.0009850105,-0.004348488,0.002378467,0.631699059243731,0.3683009407562689
2023-08-09,-0.003893234506060093,-0.0029816264,-0.0066853827,0.0007221296,0.6230653323490231,0.37693466765097694
2023-08-10,-0.0022639269619766176,-0.0030678248,0.0003590877,-0.006494737,0.6172918507444511,0.38270814925554886
2023-08-11,-0.001541093000460069,-0.0018481221,-0.00058321946,-0.0031130246,0.6213646999932023,0.3786353000067976
2023-08-14,0.0031461214950972887,0.0023958068,0.005520032,-0.00072841835,0.6200801415799528,0.37991985842004716
2023-08-15,-0.008279823399548646,-0.0071787816,-0.011648795,-0.0027087685,0.6231586826750801,0.37684131732491993
2023-08-16,-0.005417505417434132,-0.0048702615,-0.0073382063,-0.0024023168,0.6108703680609597,0.3891296319390402
2023-08-17,-0.005040714255778168,-0.0043332386,-0.007619841,-0.0010466361,0.6076302481624631,0.3923697518375368
2023-08-18,0.0011628277965501743,0.0013409297,0.00048122296,0.0022006363,0.6035829110469519,0.396417088953048
2023-08-21,0.0019280900646373939,0.0007434103,0.0065063057,-0.005019485,0.6027851173985935,0.39721488260140647
2023-08-22,-0.0012307934850353556,-0.00082889,-0.0027085748,0.0010507947,0.6069071483722884,0.39309285162771157
2023-08-23,0.01050609197269679,0.010346398,0.01113782,0.009554975,0.6008909080225784,0.39910909197742167
2023-08-24,-0.00928400593210461,-0.008073634,-0.013859117,-0.0022881492,0.6046042653793563,0.3953957346206437
2023-08-25,0.003933099993292666,0.003212141,0.00704969,-0.0006254079,0.5939348206918191,0.40606517930818087
2023-08-28,0.004661705266792037,0.0042658984,0.006341455,0.0021903415,0.5953495981530856,0.4046504018469144
2023-08-29,0.011238828735508632,0.010453905,0.014454795,0.0064530154,0.5980936186630279,0.40190638133697215
2023-08-30,0.002312439507036068,0.0018526593,0.004118908,-0.00041358956,0.6014407976624241,0.39855920233757597
2023-08-31,-0.0003399096912336402,-7.527764e-06,-0.0014635233,0.0014484677,0.6141424991474265,0.3858575008525736
2023-09-01,-0.0008907425080961473,-0.0016571165,0.0018651473,-0.00517938,0.6087899666550607,0.39121003334493937
2023-09-05,-0.004732164100421406,-0.0048681432,-0.004321803,-0.005414484,0.6244456032424257,0.37555439675757435
2023-09-06,-0.004517815728513489,-0.0038324166,-0.00672254,-0.0009422933,0.6185760791922237,0.38142392080777626
2023-09-07,-0.0007046644604465971,3.683986e-05,-0.0030702017,0.0031438814,0.6193264237538789,0.38067357624612114
2023-09-08,0.0011324294031059602,0.0010140829,0.0015060913,0.0005220745,0.6202687565941292,0.37973124340587083
2023-09-11,0.0036072743518546523,0.002714058,0.006576555,-0.0011484388,0.6156268030311509,0.38437319696884903
2023-09-12,-0.0032802196708576255,-0.0025858865,-0.0054854956,0.00031372253,0.6197287546726733,0.38027124532732665
2023-09-13,0.0012817094500543755,0.0013144406,0.0011659464,0.0014629349,0.6102102369808238,0.3897897630191763
2023-09-14,0.00480096662485274,0.0036330617,0.008622328,-0.0013562044,0.6170417537818004,0.3829582462181996
2023-09-15,-0.008429463982584935,-0.00717348,-0.012048228,-0.0022987323,0.6288255368686754,0.37117446313132463
2023-09-18,0.0009151116736651816,0.001026179,0.0005865583,0.0014657996,0.6263217445165845,0.3736782554834155
2023-09-19,-0.002392416946148334,-0.0025008037,-0.0020740351,-0.0029275722,0.626985373333012,0.3730146266669881
2023-09-20,-0.005886589244209069,-0.004858924,-0.009193252,-0.0005245961,0.6185495551818938,0.38145044481810625
2023-09-21,-0.01278773379740403,-0.011674531,-0.016528381,-0.0068206815,0.6146721243447226,0.3853278756552774
2023-09-22,0.0003040636232568251,0.0009887787,-0.0022485624,0.0042261197,0.605752687346663,0.39424731265333696
2023-09-25,-0.0005147932632238333,-0.0018425866,0.0042051566,-0.00789033,0.609775933148521,0.39022406685147903
2023-09-26,-0.00950173363657951,-0.007981866,-0.014691235,-0.0012724967,0.6132646033903442,0.3867353966096558
2023-09-27,-0.0011645278868095215,-0.0015524512,0.00039921235,-0.0035041147,0.599382726050374,0.400617273949626
2023-09-28,0.004661135043479009,0.004390613,0.0057975017,0.0029837247,0.5961419017484271,0.40385809825157293
2023-09-29,-0.0018309748689767232,-0.0016915798,-0.002426952,-0.0009562077,0.5947786019686336,0.4052213980313663
2023-10-02,-0.0030506412720073253,-0.0036803712,-0.00039779174,-0.006962951,0.5959199911473549,0.404080008852645
2023-10-03,-0.011142422008415441,-0.010612426,-0.013386034,-0.007838817,0.595542708978834,0.404457291021166
2023-10-04,0.007180825430437658,0.0071585383,0.0072819446,0.0070351316,0.5903004771595234,0.4096995228404766
2023-10-05,3.693378230521649e-05,0.00013404917,-0.00037678253,0.00064488087,0.5950561512410818,0.4049438487589182
2023-10-06,0.005563849172286826,0.0040031523,0.011872826,-0.0038665216,0.5991589322691051,0.4008410677308949
2023-10-09,0.0079387323058945,0.008376213,0.006402312,0.010350113,0.6108161287396894,0.3891838712603107
2023-10-10,0.0027484414542462096,0.002122128,0.00520472,-0.00096046407,0.6015887775942468,0.3984112224057533
2023-10-11,0.004289653704380556,0.004344834,0.004096382,0.0045932857,0.6110477852072227,0.38895221479277725
2023-10-12,-0.007075662271724975,-0.0073546623,-0.0060966667,-0.008612658,0.6108906955701099,0.38910930442989006
2023-10-13,-0.001318624966320224,-0.00034517655,-0.00498071,0.0042903568,0.6049985350191864,0.3950014649808136
2023-10-16,0.004177972491837404,0.0024840308,0.010521457,-0.005553395,0.6053783725671331,0.39462162743286694
2023-10-17,-0.002771292262393129,-0.0036204306,-4.577837e-05,-0.007195083,0.6187721676305256,0.3812278323694744
2023-10-18,-0.010061518109706877,-0.008988092,-0.013325221,-0.004650962,0.623748511683857,0.37625148831614297
2023-10-19,-0.006911551881402555,-0.006294921,-0.00878634,-0.0038035023,0.6237508855950499,0.3762491144049501
2023-10-20,-0.006369705396569955,-0.0043442063,-0.012288149,0.0035997364,0.6274869975346954,0.3725130024653046
2023-10-23,0.00041214752962316615,0.0010900017,-0.0017332609,0.0039132643,0.620048014035063,0.37995198596493696
2023-10-24,0.005976741689525842,0.0055562193,0.0075394134,0.0035730249,0.6060215220545084,0.39397847794549157
2023-10-25,-0.011725448928613517,-0.0108982315,-0.014352027,-0.0074444357,0.6197548216897634,0.38024517831023663
2023-10-26,-0.004699100201844159,-0.0026177939,-0.011974683,0.0067390953,0.6112178581296301,0.3887821418703698
2023-10-27,-0.002824758658539364,-0.002428239,-0.004532767,-0.00032371114,0.5942063033023302,0.4057936966976699
2023-10-30,0.006109033225871473,0.0047899336,0.011955816,-0.0023759487,0.5920402637146818,0.4079597362853182
2023-10-31,0.003495453037662022,0.0028151253,0.006280242,-0.00064999145,0.5981680870916602,0.40183191290833975
2023-11-01,0.01081596495352169,0.010857634,0.0106647685,0.0110505,0.6080266903093066,0.39197330969069344
2023-11-02,0.014004867938475614,0.012591342,0.019164333,0.0060183513,0.6075253068725179,0.39247469312748207
2023-11-03,0.007966381631392877,0.00760617,0.009123253,0.0060890876,0.618718486260174,0.38128151373982605
2023-11-06,-0.0005525737275044152,-0.001344945,0.002300518,-0.004990408,0.608679101833052,0.39132089816694804
2023-11-07,0.003798090135511133,0.0040907543,0.0028461036,0.0053354045,0.617568730117972,0.38243126988202797
2023-11-08,0.0017695142848830681,0.0020645477,0.00073233113,0.0033967642,0.6107302597610187,0.38926974023898137
2023-11-09,-0.008017117348472826,-0.00807801,-0.007798735,-0.008357285,0.6090189299806648,0.3909810700193352
2023-11-10,0.010400890942865358,0.0089759845,0.015604896,0.0023470733,0.607476665718437,0.39252333428156305
2023-11-13,-0.0006358017520286686,-0.0005297073,-0.0009531612,-0.00010625332,0.6252727538502594,0.3747272461497406
2023-11-14,0.01674571473469432,0.015980188,0.01940077,0.012559605,0.6119001508260138,0.38809984917398627
2023-11-15,-0.0011138321964849344,-0.0020426542,0.0021169079,-0.0062022163,0.6116490142548598,0.38835098574514015
2023-11-16,0.0028269058500802547,0.0033619462,0.0012232399,0.0055006524,0.6250850379983974,0.3749149620016025
2023-11-17,0.0015262756695586205,0.0016211169,0.0012437034,0.0019985305,0.6256463616704484,0.37435363832955165
2023-11-20,0.0054788814235169035,0.0046363524,0.0076976814,0.0015750238,0.6376083519293719,0.36239164807062807
2023-11-21,-0.001039963323029741,-0.0005658488,-0.0021795072,0.0010478096,0.6469067269296802,0.35309327307031985
2023-11-22,0.002813843309924454,0.0024017375,0.0038607765,0.0009426982,0.641225108889601,0.35877489111039895
2023-11-24,-0.0012163231735736438,-0.001993813,0.0006154094,-0.0046030357,0.6489888228910496,0.3510111771089504
2023-11-27,0.0006819212174683919,0.0019371216,-0.0018009051,0.005675148,0.6678961197341655,0.3321038802658345
2023-11-28,0.0021278046522854527,0.002689783,0.0009900922,0.0043894737,0.665317802723849,0.334682197276151
2023-11-29,0.001246932867586533,0.002093307,-0.0007034938,0.0048901075,0.6513111091830895,0.34868889081691046
2023-11-30,0.0013373874119400851,0.00031200575,0.0039374214,-0.0033134099,0.6414157394791076,0.35858426052089243
2023-12-01,0.006930222381238166,0.0073544434,0.005915908,0.008792979,0.6474489540094956,0.35255104599050435
2023-12-04,-0.004727676216196927,-0.0045351693,-0.005249299,-0.003821039,0.634784358624793,0.36521564137520707
2023-12-05,0.002322008490441893,0.0032187952,-0.0001971705,0.0066347606,0.6312639955451518,0.36873600445484817
2023-12-06,-0.0015207159003298532,-0.0007275427,-0.0040296223,0.002574537,0.6201020741884022,0.3798979258115978
2023-12-07,0.004824833475852725,0.0039692647,0.007630204,0.0003083258,0.6168509831294888,0.3831490168705112
2023-12-08,0.0007977213637579137,-0.00036621653,0.004299263,-0.005031696,0.6247393629954394,0.37526063700456064
2023-12-11,0.0024949460795547366,0.0019963852,0.0038895933,0.000103177124,0.6316709117316895,0.36832908826831046
2023-12-12,0.003975475258829703,0.003779943,0.004567198,0.0029926884,0.624185999389085,0.375814000610915
2023-12-13,0.013327443438592445,0.0131714055,0.013790109,0.012552702,0.6261006814488366,0.3738993185511634
2023-12-14,0.005048754993103892,0.005640259,0.0032094163,0.008071102,0.6216664883097807,0.3783335116902193
2023-12-15,-0.0019103479167721493,-0.0019858384,-0.0016465668,-0.0023251101,0.6112538282004538,0.38874617179954624
2023-12-18,0.0026806671124601504,0.0017993988,0.005625132,-0.0020263344,0.6151763942765647,0.3848236057234354
2023-12-19,0.00424180731819204,0.0036494336,0.0060808007,0.0012180667,0.6218190529981685,0.37818094700183147
2023-12-20,-0.007218514595866515,-0.005103158,-0.01385725,0.0036509347,0.6208210278128394,0.3791789721871605
2023-12-21,0.005740215738317337,0.0046904846,0.009482024,-0.00010105527,0.6095400758191911,0.3904599241808089
2023-12-22,0.0007295165806382455,0.00034800393,0.0020096072,-0.0013135993,0.6148025729117157,0.3851974270882843
2023-12-26,0.0033721717248275875,0.0031229937,0.004222608,0.0020233796,0.6133023921290883,0.3866976078709116
2023-12-27,0.00353414266321118,0.004084946,0.0018079377,0.006361955,0.6209489603611222,0.37905103963887776
2023-12-28,-0.0006045814601913326,-0.000914931,0.0003777946,-0.0022076566,0.620036897955649,0.379963102044351
2023-12-29,-0.0025271881988589416,-0.0024026614,-0.002894849,-0.0019104738,0.6265033558793283,0.37349664412067174
2024-01-02,-0.005269264835967253,-0.0051659476,-0.0055964505,-0.004735444,0.6199961775065492,0.3800038224934508
2024-01-03,-0.004884820765840995,-0.00383029,-0.00816666,0.0005060799,0.6215914407163374,0.3784085592836625
2024-01-04,-0.003538526372656247,-0.003634254,-0.0032211596,-0.004047348,0.6158663940054749,0.3841336059945251
2024-01-05,-3.1646739838593575e-05,-0.00048353168,0.0013697058,-0.0023367691,0.6219177119090097,0.3780822880909903
2024-01-08,0.010388591977249624,0.009021864,0.014275958,0.003767771,0.6300631215908739,0.36993687840912615
2024-01-09,-0.0010342342244983363,-0.0008600475,-0.0015169956,-0.00020309942,0.6325726606073983,0.3674273393926017
2024-01-10,0.002805283515643353,0.0018637398,0.0056552915,-0.0019278119,0.6241633756678163,0.3758366243321837
2024-01-11,0.0018463873948150532,0.002626419,-0.0004405935,0.0056934315,0.6271647252884619,0.3728352747115381
2024-01-12,0.0011197124360652296,0.0012561459,0.00069271337,0.0018195783,0.6210734409235554,0.37892655907644457
2024-01-16,-0.00511673938855641,-0.0055692354,-0.00367128,-0.007467191,0.6192062340205913,0.3807937659794087
2024-01-17,-0.004506451773783669,-0.0041518086,-0.005558541,-0.002745076,0.6260521154379395,0.3739478845620606
2024-01-18,0.005197179841373423,0.0039876737,0.008892666,-0.00091731804,0.6232933811769692,0.3767066188230308
2024-01-19,0.007867789502140137,0.006335086,0.012466231,0.00020394137,0.624993222229059,0.37500677777094105
2024-01-22,0.0020117600050445017,0.0019754018,0.0021143486,0.0018364551,0.6308349289882853,0.3691650710117147
2024-01-23,0.001012931701729463,0.00023627118,0.0029163784,-0.002443836,0.6448935520919765,0.3551064479080235
2024-01-24,-0.00010376964500974329,-0.000576484,0.0010931699,-0.002246138,0.6415605848666938,0.35843941513330624
2024-01-25,0.0051031104428916245,0.0049704565,0.00543895,0.0045019635,0.6415748774069503,0.35842512259304976
2024-01-26,-0.0012164157917996334,-0.0011953227,-0.0012703468,-0.0011202985,0.6405755957458004,0.35942440425419964
2024-01-29,0.0065160383148651765,0.0059480835,0.0079193525,0.003976815,0.6440581336892177,0.35594186631078234
2024-01-30,0.00018569764795803463,0.0005779605,-0.00077348325,0.0019294042,0.6451273281595877,0.35487267184041227
2024-01-31,-0.008879691420468908,-0.0058778995,-0.016317364,0.004561565,0.6437713586740461,0.35622864132595394
2024-02-01,0.010338758751776724,0.009393126,0.013088187,0.0056980653,0.6279589866960059,0.3720410133039941
2024-02-02,0.00345347040190075,0.0006849081,0.010527359,-0.009157543,0.6406439423052586,0.3593560576947415
2024-02-05,-0.005220700113265187,-0.005933932,-0.0036411642,-0.0082267,0.655539513256646,0.34446048674335406
2024-02-06,0.003700645462939021,0.0040630065,0.0029033697,0.005222643,0.656238952145145,0.3437610478548549
2024-02-07,0.004667729647000062,0.0031514885,0.008340393,-0.0020374162,0.6461041629670987,0.35389583703290123
2024-02-08,-0.0007660194373155795,-0.0013103071,0.00044162263,-0.0030622368,0.6553394667661551,0.34466053323384493
2024-02-09,0.0036618637825399595,0.0027359545,0.005779336,-0.0003074274,0.6521185048012683,0.3478814951987316
2024-02-12,-0.00022111075583963906,-0.00011697774,-0.0004388286,0.00020487313,0.6617721567743551,0.3382278432256449
2024-02-13,-0.012233675466117453,-0.011494832,-0.013773025,-0.009216638,0.6621556426005496,0.3378443573994504
2024-02-14,0.00748839294079463,0.0067660497,0.009087734,0.0044443654,0.6555644955537638,0.3444355044462362
2024-02-15,0.0053650640496413025,0.0046332483,0.0068996735,0.0023668231,0.6614471415463257,0.3385528584536744
2024-02-16,-0.004364006683080769,-0.004081311,-0.0049800444,-0.003182578,0.6572744231725324,0.3427255768274676
2024-02-20,-0.0032293638072514253,-0.0022891464,-0.005505297,0.0009270041,0.6461712418048174,0.35382875819518256
2024-02-21,-0.0004910593093632943,-0.0010389807,0.00090576423,-0.0029837256,0.6408723019295021,0.35912769807049794
2024-02-22,0.013536515566960564,0.010760527,0.020695474,0.0008255806,0.6397082614258937,0.36029173857410635
2024-02-23,0.0017391291896137067,0.0022007986,0.00068967766,0.0037119198,0.6527572934280955,0.3472427065719045
2024-02-26,-0.0031351434641193154,-0.0029099276,-0.0036624912,-0.002157364,0.6496324288604869,0.35036757113951317
2024-02-27,0.0007344788875140838,0.00025964086,0.0018576843,-0.0013384026,0.6485685567767101,0.3514314432232899
2024-02-28,-0.00016681628348333638,0.00031861133,-0.001321585,0.0019588077,0.6479785059166288,0.35202149408337124
2024-02-29,0.0029080772472441663,0.002620597,0.0035949592,0.0016462345,0.6475223326063746,0.35247766739362546
2024-03-01,0.007853993899863253,0.0070945057,0.009388275,0.004800736,0.6655545845188102,0.3344454154811898
2024-03-04,-0.001539761609280185,-0.0017665138,-0.0010723947,-0.002460633,0.6633380916506428,0.33666190834935716
2024-03-05,-0.004572404316410105,-0.0022733037,-0.009994217,0.00544761,0.6488878631674869,0.3511121368325131
2024-03-06,0.0037705488530077875,0.0033003131,0.005067216,0.00153341,0.6330677713774671,0.36693222862253294
2024-03-07,0.007106724355550324,0.006035124,0.009926474,0.0021437742,0.6376900647743318,0.3623099352256683
2024-03-08,-0.0034811700764860085,-0.0025427367,-0.006002196,0.00091672275,0.6356329531547925,0.3643670468452075
2024-03-11,-0.0009565302195058889,-0.0009896053,-0.000859798,-0.0011194127,0.6274008364177287,0.3725991635822713
2024-03-12,0.0057388649955223085,0.004105125,0.010757306,-0.0025470553,0.6227973145038146,0.37720268549618535
2024-03-13,-0.0016667794006635446,-0.0017030344,-0.001567567,-0.0018385019,0.6338146046566107,0.36618539534338934
2024-03-14,-0.0035591991811636265,-0.0041602617,-0.001976665,-0.006343859,0.6376313508553811,0.36236864914461886
2024-03-15,-0.004414298720105939,-0.003484863,-0.0068666604,-0.000103065526,0.6374174166777055,0.36258258332229454
2024-03-18,0.003352705558899374,0.0024567363,0.0059432127,-0.0010297401,0.6284920902687221,0.37150790973127795
2024-03-19,0.00443300137639464,0.0040155016,0.005557011,0.0024739918,0.6354192152695152,0.36458078473048483
2024-03-20,0.006681203463400593,0.005653114,0.009249458,0.0020567703,0.6429353411705296,0.35706465882947036
2024-03-21,0.0023878570290099444,0.0020114873,0.0033044678,0.0007185065,0.6455435130278111,0.35445648697218896
2024-03-22,-2.7533639535073495e-05,0.0006417583,-0.0018956114,0.003179128,0.6318869601420727,0.3681130398579273
2024-03-25,-0.0024215540191615237,-0.0023013577,-0.0027626911,-0.0018400245,0.6302704707719979,0.36972952922800206
2024-03-26,-0.0007869944228560938,-0.00041161623,-0.0018472775,0.001024045,0.6307335500986636,0.3692664499013364
2024-03-27,0.006485065550305527,0.0058389935,0.008404023,0.0032739637,0.6259385429054252,0.3740614570945749
2024-03-28,-0.0005705366327640819,-0.00070741493,-0.00019120534,-0.0012236246,0.6325801749257735,0.36741982507422655
2024-04-01,-0.0037760925100706715,-0.0045053978,-0.001739883,-0.0072709126,0.6318570582667207,0.3681429417332793
2024-04-02,-0.004287250192615376,-0.0035398807,-0.0063579027,-0.000721859,0.6326053187551774,0.36739468124482255
2024-04-03,0.0009195973080255472,0.0008586943,0.0010983634,0.00061902526,0.6270563626833544,0.3729436373166456
2024-04-04,-0.006952192676592657,-0.004916394,-0.012206022,0.0023732334,0.6396366637735875,0.36036333622641253
2024-04-05,0.004681556841111549,0.0027531427,0.01044676,-0.0049404744,0.6253255830866837,0.37467441691331627
2024-04-08,9.852090793963466e-06,-0.0001858816,0.00055932417,-0.00093108736,0.6313286186831784,0.36867138131682164
2024-04-09,0.0019749219471158555,0.002286729,0.0011567728,0.0034166852,0.6379730734291096,0.3620269265708904
2024-04-10,-0.01072482450660842,-0.010990774,-0.010012899,-0.01196865,0.6359834189190985,0.36401658108090157
2024-04-11,0.004809786526461367,0.003877723,0.0075466833,0.00020876229,0.6270201365122923,0.3729798634877077
2024-04-12,-0.008041266508609875,-0.005961785,-0.013802985,0.0018794148,0.632599703974699,0.367400296025301
2024-04-15,-0.01004328120609921,-0.009286242,-0.0125281615,-0.006044322,0.6167578845586562,0.3832421154413438
2024-04-16,-0.0022095160033923367,-0.0023273008,-0.0018238728,-0.002830729,0.6169827924526394,0.3830172075473606
2024-04-17,-0.001829572614968331,-0.0006458219,-0.005918055,0.004626411,0.6122627468471253,0.3877372531528747
2024-04-18,-0.002364015150964768,-0.0024419874,-0.0020578515,-0.002826123,0.6014903287776132,0.3985096712223868
2024-04-19,-0.004782036123255609,-0.0038393175,-0.0087283105,0.0010496756,0.5964123589356278,0.4035876410643722
2024-04-22,0.00566253840238004,0.0049191476,0.0092090815,0.00062921405,0.5866436008956645,0.4133563991043355
2024-04-23,0.007933033243798866,0.0069810236,0.011866734,0.002095313,0.5974279492235424,0.40257205077645764
2024-04-24,-0.0013177345464654667,-0.0015442222,-0.0004746073,-0.0026138371,0.6058734654459677,0.3941265345540324
2024-04-25,-0.003421049863868891,-0.003314658,-0.0037989705,-0.0028303456,0.6098379802044079,0.39016201979559206
2024-04-26,0.006603946278938413,0.005840827,0.009473948,0.0022077053,0.6050226069080711,0.39497739309192886
2024-04-29,0.0033466934535157948,0.003291803,0.0035414295,0.0030421766,0.6099450548962402,0.3900549451037598
2024-04-30,-0.011206445193207194,-0.009959999,-0.015841277,-0.00407872,0.6059673003688831,0.39403269963111687
2024-05-01,-0.0005445917111406092,0.00014067325,-0.0032472133,0.0035285598,0.6011345784538948,0.3988654215461051
2024-05-02,0.007395195476105638,0.0069334726,0.009353408,0.0045135375,0.5953998510517813,0.40460014894821866
2024-05-03,0.009563511133055199,0.008757856,0.012395483,0.005120227,0.6107391711291978,0.3892608288708021
2024-05-06,0.006528643296317076,0.0055272765,0.010326671,0.0007278812,0.6043222075158831,0.39567779248411694
2024-05-07,0.0014826825005741146,0.0015905461,0.0011034929,0.0020775993,0.6107308266575546,0.38926917334244543
2024-05-08,-0.0007457847706233714,-0.0009882873,9.6717435e-05,-0.002073292,0.6117518098746433,0.3882481901253568
2024-05-09,0.0042515502116244035,0.0038159601,0.0057618674,0.0018700528,0.6119246864812485,0.38807531351875146
2024-05-10,-2.5759056957050603e-05,-0.00039291912,0.0012882239,-0.0020740621,0.609199531511031,0.39080046848896893
2024-05-13,0.0002790679471580498,0.0003269725,0.0001342024,0.0005197426,0.6242530823162287,0.3757469176837714
2024-05-14,0.00388775017185381,0.0036440091,0.004588194,0.0026998243,0.6290747822085769,0.370925217791423
2024-05-15,0.01025252209607748,0.009505812,0.012382847,0.006628776,0.629770808471942,0.37022919152805805
2024-05-16,-0.0017265781761409134,-0.0015945123,-0.0020574268,-0.0011315978,0.6426460532037164,0.35735394679628363
2024-05-17,-0.00022351941461260308,-0.0008779189,0.0014375155,-0.0031933533,0.6413124671857265,0.35868753281427346
2024-05-20,0.00042903789830095983,0.000111096306,0.001152164,-0.00092997134,0.6526997756659476,0.34730022433405244
2024-05-21,0.002244354758618846,0.002157189,0.002452534,0.0018618439,0.6475661610184485,0.35243383898155145
2024-05-22,-0.002289375529391345,-0.0020592087,-0.00287941,-0.0012390075,0.6403111510356561,0.35968884896434394
2024-05-23,-0.0056673814641706784,-0.005047569,-0.0073042735,-0.002790864,0.637326925882056,0.3626730741179441
2024-05-24,0.004615061325561775,0.0038782938,0.0066166297,0.001139958,0.6345283279065164,0.3654716720934837
2024-05-28,-0.0012670276270930615,-0.00198025,0.00069884537,-0.0046593454,0.6331088067122892,0.36689119328771075
2024-05-29,-0.005857629176222262,-0.0054257396,-0.007002572,-0.003848907,0.6369484741379947,0.36305152586200534
2024-05-30,-0.002596367551696465,-0.00096718734,-0.006633704,0.0046993294,0.6437549989294693,0.35624500107053075
2024-05-31,0.006990062837107421,0.006165111,0.009108077,0.0032221451,0.6401565482801008,0.35984345171989923
2024-06-03,0.002694237711671704,0.003431998,0.00081539806,0.006048598,0.6409768930624347,0.35902310693756534
2024-06-04,0.0020394090538528144,0.0023668804,0.0011178602,0.0036159006,0.6310912991288341,0.3689087008711659
2024-06-05,0.00855566067260027,0.0074865287,0.011885049,0.0030880084,0.6215331541422959,0.37846684585770407
2024-06-06,0.00010248564809889368,0.00014469615,-1.8592349e-05,0.00030798465,0.6292513022372379,0.37074869776276204
2024-06-07,-0.004050959410374362,-0.005019155,-0.0012157751,-0.008822534,0.6272809181200233,0.3727190818799767
2024-06-10,0.0016409345953294278,0.0011307893,0.0030895588,-0.00082798034,0.6302208732036529,0.369779126796347
2024-06-11,0.0027814725170285295,0.002913431,0.0024084537,0.0034184083,0.6306578671108163,0.3693421328891837
2024-06-12,0.006931702927031231,0.0064807236,0.0082130805,0.0047483672,0.6301634638112666,0.36983653618873336
2024-06-13,0.0031271204837595703,0.0035241223,0.002013533,0.0050347117,0.631406262550297,0.3685937374497031
2024-06-14,0.0007638060332738148,0.00081530504,0.00060843595,0.0010221741,0.6244724605408905,0.3755275394591096
2024-06-17,0.003632486997108526,0.0021922367,0.007958764,-0.0035742908,0.62488020585834,0.37511979414165997
2024-06-18,0.0029275997315730117,0.003063966,0.0025408198,0.0035871123,0.6303328897099678,0.36966711029003224
2024-06-20,-0.002351660474746589,-0.0022263366,-0.0027164172,-0.0017362562,0.6278604111071984,0.3721395888928016
2024-06-21,-0.0008019326456650987,-0.000619181,-0.0013408202,0.000102458194,0.6266225769300771,0.373377423069923
2024-06-24,-0.0017321123736948414,-0.0012162502,-0.0032507416,0.0008182413,0.6267791497661097,0.3732208502338903
2024-06-25,0.002376952754047502,0.0018743838,0.0038509641,-0.000102196536,0.6271309210793361,0.37286907892066395
2024-06-26,-0.0009011655118524018,-0.0016246869,0.0012481519,-0.0044975257,0.6259244722164731,0.37407552778352693
2024-06-27,0.0016011779049868416,0.0016095815,0.0015762949,0.001642868,0.626230462417204,0.37376953758279596
2024-06-28,-0.0043008761992377,-0.004427699,-0.0039348775,-0.0049205204,0.6286700364843401,0.37132996351566
2024-07-01,-0.0006254138523303931,-0.0016525601,0.0020580029,-0.005363123,0.6384084090744491,0.36159159092555093
2024-07-02,0.0055025514336314585,0.0050270604,0.006729854,0.0033242665,0.6396209317557429,0.3603790682442571
2024-07-03,0.0047885033935373845,0.0049235737,0.004462404,0.005384743,0.6464432233251742,0.35355677667482577
2024-07-05,0.005513117485534999,0.005406865,0.005766584,0.005047146,0.6476879972564631,0.3523120027435369
2024-07-08,0.0008502811887778356,0.0007306569,0.0011539402,0.00030737353,0.6413052473059488,0.3586947526940511
2024-07-09,0.00029459840666029406,2.5139714e-05,0.00097236753,-0.0009220881,0.6422354197298845,0.35776458027011554
2024-07-10,0.006681985624784478,0.0054603694,0.009895419,0.0010253205,0.6377229376169216,0.36227706238307844
2024-07-11,-0.0036969221028247804,-0.0017502124,-0.008622613,0.005122188,0.6416324421974853,0.35836755780251467
2024-07-12,0.004997248838684664,0.004529395,0.00630732,0.0027514698,0.6315729761378892,0.36842702386211074
2024-07-15,0.0004642390874676067,-0.00035268813,0.0027501208,-0.003455497,0.6316431711174321,0.36835682888256793
2024-07-16,0.005261920891045723,0.0050047776,0.0059301932,0.0040793624,0.6389338654224787,0.36106613457752135
2024-07-17,-0.008727998276681354,-0.006654864,-0.014020955,0.0007112265,0.6407214471319282,0.3592785528680718
2024-07-18,-0.005806047564074646,-0.0052128746,-0.007685036,-0.002740713,0.6199705357896557,0.3800294642103444
2024-07-19,-0.0048762079524442125,-0.004337934,-0.0066403793,-0.002035488,0.6168918638329295,0.38310813616707057
2024-07-22,0.006172979581777893,0.0049508745,0.01030981,-0.00040806114,0.6140250005752528,0.38597499942474717
2024-07-23,-0.0010165762887464835,-0.00083527877,-0.0015685214,-0.00010203611,0.6236272551218314,0.3763727448781686
2024-07-24,-0.015325596617601753,-0.012862008,-0.022662703,-0.0030613123,0.6256843994567703,0.37431560054322965
2024-07-25,-0.0020770750196793465,-0.0012232647,-0.0052101626,0.0027636332,0.607077020529489,0.392922979470511
2024-07-26,0.00812000109972929,0.0073860586,0.011199479,0.0035726386,0.5962315010494339,0.40376849895056605
2024-07-29,0.0010012511565941828,0.0011075791,0.0005878941,0.0016272641,0.6023003784325951,0.39769962156740496
2024-07-30,-0.0026379676234946515,-0.0020255276,-0.0050664637,0.0010154084,0.6006992520097616,0.3993007479902384
2024-07-31,0.011794844651147593,0.010815474,0.01625447,0.005376479,0.5900322722231227,0.4099677277768773
2024-08-01,-0.006745876791874192,-0.004985493,-0.014160916,0.00418993,0.5959292904997279,0.40407070950027213
2024-08-02,-0.006164410688480924,-0.003715455,-0.018618274,0.011187364,0.5821641715599899,0.41783582844001005
2024-08-05,-0.016605137458387945,-0.01496058,-0.029123759,-0.00079740083,0.5580575021159204,0.4419424978840796
2024-08-06,0.002149861233478022,0.0016171942,0.009219586,-0.0059851976,0.535032861802477,0.464967138197523
2024-08-07,-0.005014426114872044,-0.0048471955,-0.0066839363,-0.0030104546,0.5455237458382951,0.4544762541617049
2024-08-08,0.011680856901391519,0.0108036585,0.023117254,-0.0015099363,0.5356190972290651,0.46438090277093497
2024-08-09,0.004027076609511599,0.003969015,0.004409518,0.0035285123,0.5659035464654987,0.4340964535345013
2024-08-12,0.0010411890706839436,0.0011165927,0.00052557513,0.0017076102,0.5637913380233914,0.43620866197660857
2024-08-13,0.010949112743704265,0.010228385,0.01644554,0.00401123,0.5579628278385307,0.44203717216146937
2024-08-14,0.0025663448498085095,0.0024763555,0.0031548368,0.0017978745,0.5663166560861475,0.4336833439138525
2024-08-15,0.008161955301086602,0.006476421,0.017140245,-0.0041874037,0.5790304942815794,0.4209695057184207
2024-08-16,0.0023064158868257275,0.0023224545,0.0022420918,0.0024028171,0.599788783457669,0.4002112165423311
2024-08-19,0.006204170039819991,0.005329941,0.009561257,0.0010986243,0.6033046277227225,0.3966953722772775
2024-08-20,0.0002145438107627371,0.0006835005,-0.001626114,0.002993115,0.6015227170233446,0.3984772829766554
2024-08-21,0.0028164226716256243,0.0026632557,0.003436553,0.0018899582,0.5990350226926328,0.40096497730736724
2024-08-22,-0.006396805421712193,-0.00595951,-0.007848467,-0.0040705525,0.6157505855798604,0.38424941442013966
2024-08-23,0.008324720364617552,0.0076055527,0.010625421,0.0045856847,0.6190726580658553,0.3809273419341447
2024-08-26,-0.0018142514644698296,-0.0016386561,-0.0023838908,-0.0008934215,0.6178121071330474,0.3821878928669527
2024-08-27,0.0009619452195715911,0.0008356685,0.0013732098,0.00029812736,0.6174576590355916,0.38254234096440837
2024-08-28,-0.003954273289680232,-0.003349551,-0.0058054714,-0.0008936306,0.6231151987970595,0.37688480120294054
2024-08-29,-0.0004481832893208661,-0.000601037,8.9745474e-05,-0.0012918195,0.6106380997132158,0.3893619002867842
2024-08-30,0.0050852056462082325,0.0035787248,0.009545762,-0.0023883127,0.626233577536672,0.37376642246332803
2024-09-03,-0.012126900625916539,-0.008178232,-0.020579,0.004222534,0.6592106473006492,0.34078935269935084
2024-09-04,0.00012696045608187145,0.001168799,-0.0020466514,0.0043842494,0.6620050699732984,0.3379949300267016
2024-09-05,-0.0006527350200724029,7.351185e-05,-0.0024322653,0.002579289,0.6449144960819404,0.35508550391805965
2024-09-06,-0.01037811187231455,-0.007771953,-0.016830273,0.0012863668,0.6438544251186696,0.35614557488133036
2024-09-09,0.007408628970035483,0.006339337,0.011196318,0.0014823565,0.6100778180777642,0.3899221819222359
2024-09-10,0.0038591896523212806,0.0037074357,0.004355672,0.0030591995,0.6170514597763683,0.3829485402236317
2024-09-11,0.00623791323208151,0.0049818703,0.010259062,-0.00029532117,0.619006744714252,0.380993255285748
2024-09-12,0.0048627571867173505,0.0037687698,0.008423286,-0.00088574615,0.6175189339569271,0.3824810660430728
2024-09-13,0.004036124971373085,0.0036456161,0.0052227387,0.0020684933,0.6238042433896511,0.37619575661034893
2024-09-16,0.001821367104219945,0.0019178933,0.0014769019,0.0023588848,0.6094423250162815,0.3905576749837185
2024-09-17,-0.00013468328731513015,-0.00028593795,0.00040867977,-0.0009805557,0.6088761880910456,0.39112381190895446
2024-09-18,-0.003035303771638689,-0.003053389,-0.0029658407,-0.0031409375,0.6032878355214555,0.3967121644785445
2024-09-19,0.010398138432541426,0.008581439,0.017064378,9.850101e-05,0.6070795886883676,0.39292041131163236
2024-09-20,-0.0014078539595372716,-0.0013073437,-0.001728745,-0.0008859425,0.6192571800768187,0.38074281992318126
2024-09-23,0.0014040408114469906,0.0010522698,0.0024989343,-0.00039439453,0.6215800077064886,0.3784199922935114
2024-09-24,0.002297081540327525,0.0021206946,0.0028612234,0.0013801657,0.619095281787124,0.380904718212876
2024-09-25,-0.002823972895104775,-0.0030223993,-0.0022054529,-0.0038393454,0.6214438830176425,0.37855611698235747
2024-09-26,0.002540322898195931,0.002081181,0.0039646393,0.00019772236,0.6218880308626058,0.37811196913739414
2024-09-27,0.000151948280820305,0.0007075295,-0.0014501461,0.002865205,0.6287453064402657,0.37125469355973423
2024-09-30,0.0016498956968723653,0.00087051396,0.004007011,-0.0022659833,0.624243970055048,0.37575602994495205
2024-10-01,-0.004546418150818642,-0.003156753,-0.008958217,0.0026447107,0.619768492126247,0.3802315078737531
2024-10-02,-0.0005013950092176635,-0.0008264714,0.0004218632,-0.002074806,0.6302040339739989,0.36979596602600107
2024-10-03,-0.002637093218729303,-0.0029432294,-0.0018280675,-0.0040583913,0.6372608632664414,0.3627391367335587
2024-10-04,0.0035364717237789133,0.0013133727,0.009087379,-0.0064606336,0.6429828377967982,0.3570171622032018
2024-10-07,-0.007177126434118384,-0.0062208823,-0.009040457,-0.0034013074,0.6695723954748882,0.33042760452511183
2024-10-08,0.006802477907201169,0.0055820337,0.00945765,0.0017064173,0.6574516629399874,0.3425483370600126
2024-10-09,0.0037097716743885577,0.002160442,0.0069262437,-0.0026053593,0.6625465834484573,0.3374534165515427
2024-10-10,-0.001361921099458845,-0.0011763374,-0.0017500613,-0.0006026135,0.6617360798673042,0.33826392013269574
2024-10-11,0.0040175686777548835,0.0031447634,0.00598816,0.00030136644,0.6534793468366571,0.3465206531633429
2024-10-14,0.0050492089607099295,0.0036369592,0.008178558,-0.0009046399,0.6554793578153948,0.34452064218460515
2024-10-15,-0.0037994997639401234,-0.0018730238,-0.00776984,0.004023792,0.6633488263911789,0.3366511736088212
2024-10-16,0.003290048661216389,0.0028244988,0.004346498,0.0013024997,0.6529402747482029,0.34705972525179707
2024-10-17,-0.0016341626104577542,-0.0024084756,8.59968e-05,-0.004902948,0.6552057752851639,0.3447942247148362
2024-10-18,0.002733215993227444,0.0022752162,0.0038464789,0.00070395356,0.6457425882798725,0.3542574117201275
2024-10-21,-0.0035000279482860115,-0.004287811,-0.001642311,-0.0069333115,0.6488911756017095,0.35110882439829055
2024-10-22,-0.00027513031643412825,-0.0001645615,-0.00053119863,0.00020207565,0.6507878140961545,0.34921218590384545
2024-10-23,-0.006818062686602917,-0.0058331285,-0.009137426,-0.0025288314,0.6490383867216385,0.35096161327836145
2024-10-24,0.0020784816233514,0.0020448489,0.0021628346,0.0019268631,0.6425288829995881,0.3574711170004119
2024-10-25,-0.0009502148169764617,-0.0011848544,-0.00034526808,-0.0020244408,0.6397352516306698,0.3602647483693302
2024-10-28,0.0014152991861307344,0.0007342403,0.0030913185,-0.001622838,0.644470999989081,0.35552900001091897
2024-10-29,0.0014396366785226025,0.0013679104,0.0016182857,0.0011175352,0.6432375271836859,0.35676247281631407
2024-10-30,-0.002327122995017728,-0.002019936,-0.0030251248,-0.0010147473,0.652800633153886,0.3471993668461139
2024-10-31,-0.012798417860714634,-0.009903132,-0.019603059,-0.00020320492,0.6492426739458192,0.35075732605418075
2024-11-01,0.0012057428902024182,0.00012263656,0.0042204503,-0.003975177,0.6321566086454864,0.36784339135451366
2024-11-04,0.0002186135198598484,0.0010208308,-0.0021540155,0.004195677,0.6263395498728868,0.3736604501271132
2024-11-05,0.008443862693402472,0.0072178086,0.012091818,0.0023437985,0.6257747041835839,0.37422529581641606
2024-11-06,0.012682059340799239,0.008518586,0.024865586,-0.0078284135,0.6273466985653152,0.3726533014346848
2024-11-07,0.007679088043935986,0.0076573165,0.0077320607,0.0075825723,0.645640219749409,0.354359780250591
2024-11-08,0.003412210722864664,0.003030473,0.0043318467,0.0017290992,0.6466672277118289,0.35333277228817106
2024-11-11,-0.00018074592982686303,-0.00064033055,0.000952826,-0.002233487,0.6442371175964208,0.3557628824035793
2024-11-12,-0.004077103661433356,-0.004453056,-0.0031063438,-0.005799768,0.6395815199226322,0.3604184800773677
2024-11-13,0.00024486199010252056,0.00014059804,0.00048576947,-0.0002045734,0.6510321286119033,0.3489678713880967
2024-11-14,-0.004317938235611161,-0.003419841,-0.006430121,-0.0004095607,0.6491717142438078,0.35082828575619224
2024-11-15,-0.00816686652900711,-0.006353201,-0.01280871,0.00010230826,0.6404742373033034,0.3595257626966965
2024-11-18,0.0029153538109639035,0.0025095264,0.004097382,0.00092167093,0.6277910023196054,0.37220899768039467
2024-11-19,0.002824277317761467,0.002543909,0.003655483,0.0014323351,0.6261131797538892,0.37388682024611075
2024-11-20,-0.00016658317905602967,-0.00034132914,0.00033890436,-0.0010215626,0.6284455648808829,0.37155443511911707
2024-11-21,0.0032206099237783946,0.0024283426,0.005368236,-0.000511551,0.6347442393211631,0.36525576067883686
2024-11-22,0.0022395533907051905,0.0019078124,0.0030993838,0.00071624096,0.6392031622353452,0.36079683776465477
2024-11-25,0.005411199388907157,0.0061945524,0.0033920482,0.008997057,0.6397594712500314,0.3602405287499686
2024-11-26,0.002738105080123716,0.001850913,0.0052215853,-0.0015197593,0.6316046201082768,0.36839537989172316
2024-11-27,-0.0009329479897725768,-0.00014515652,-0.0030300599,0.0027397468,0.6365368919175707,0.3634631080824294
2024-11-29,0.005382110136827888,0.0050795814,0.006212065,0.0039470983,0.6335686298343257,0.36643137016567434
2024-12-02,0.001208723736095728,0.00095691025,0.0017924649,0.000121355595,0.6506864372512453,0.3493135627487547
2024-12-03,-0.00038172411296262857,-0.0007287795,0.00046357667,-0.0019211356,0.6455334264611322,0.3544665735388678
2024-12-04,0.0051781970837682005,0.0047257915,0.0062097074,0.0032418761,0.6524363430884823,0.3475636569115177
2024-12-05,-0.0009935887682907664,-0.00072186964,-0.0016456003,0.00020186107,0.6470770392112426,0.35292296078875734
2024-12-06,0.0022497366832882754,0.002361291,0.0018956366,0.0028269454,0.6197822719548483,0.38021772804515175
2024-12-09,-0.004299881449283024,-0.004034645,-0.0051497286,-0.0029195615,0.6189311787861944,0.38106882121380564
2024-12-10,-0.00237876577742457,-0.0021603252,-0.0031091191,-0.0012115311,0.6151148996764317,0.3848851003235683
2024-12-11,0.0038200516881421306,0.0027028546,0.0077308705,-0.0023251616,0.6110972220100487,0.3889027779899513
2024-12-12,-0.004731509454193013,-0.0046029408,-0.0051527973,-0.0040530846,0.6169109627254663,0.38308903727453364
2024-12-13,-0.0015695680377236189,-0.0019814416,-0.00019841622,-0.0037644668,0.6154984998787307,0.38450150012126927
2024-12-16,0.003006899130159796,0.002594502,0.0042698802,0.0009191235,0.6230758605735982,0.3769241394264018
2024-12-17,-0.0026201102816116326,-0.0020600776,-0.0041201552,0.0,0.6359251364344818,0.3640748635655182
2024-12-18,-0.02159752510900169,-0.018709509,-0.029803375,-0.007615642,0.6301627655419537,0.3698372344580463
2024-12-19,-0.0011910387856238944,-0.0014429108,-0.00030710528,-0.0025787163,0.610878132345436,0.38912186765456397
2024-12-20,0.008390263411968985,0.007349985,0.012011102,0.002688868,0.6115910819272559,0.3884089180727441
2024-12-23,0.0024850972945240843,0.0014470199,0.0059881136,-0.0030940739,0.6142981728211447,0.3857018271788553
2024-12-24,0.007319688724289932,0.0061265216,0.011115067,0.0011379762,0.6195907038646682,0.38040929613533175
2024-12-26,0.0003083117531701267,0.00039491736,6.6626635e-05,0.00072320807,0.6319038187964954,0.3680961812035046
2024-12-27,-0.00736257327245511,-0.0062959166,-0.010526616,-0.0020652174,0.626061489422318,0.37393851057768207
2024-12-30,-0.005641473380301196,-0.0037397386,-0.01141161,0.003932133,0.6239420386085958,0.37605796139140424
