epoch,train_loss,val_loss,lr,train_mean_return,train_cvar,train_turnover,train_volatility,train_vol_excess,train_weight_path,train_diversify,train_excess_vs_ew,val_mean_return,val_cvar,val_turnover,val_volatility,val_vol_excess,val_weight_path,val_diversify,val_excess_vs_ew
1,0.05823622177558718,-0.004410239867866039,0.0003,0.001898162234283518,0.002067730329144979,0.016072029247879982,0.00039497992111137137,0.060970716178417206,0.0004313414101488888,0.0,0.00012328606226219563,0.0029657650738954544,0.0030509154312312603,0.0,0.00016196643991861492,0.0,0.0,0.0,0.00015532148245256394
2,0.04866202617995441,-0.00439067417755723,2.9999999999999997e-05,0.0018673614358704071,0.0020238944634911604,0.016462973318994045,0.0003627265468821861,0.05135992914438248,0.00043572815775405616,0.0,8.571484613639768e-05,0.0029524059500545263,0.0030373658519238234,0.0,0.00016082925139926374,0.0,0.0,0.0,0.0001419623731635511
3,0.0496177299937699,-0.004372109193354845,2.9999999999999997e-05,0.0018067926284857094,0.0019590295560192317,0.015890951734036207,0.0003667210003186483,0.05222063511610031,0.0004215676599415019,0.0,7.327218145292136e-05,0.0029397313483059406,0.003024511272087693,0.0,0.00015975555288605392,0.0,0.0,0.0,0.0001292879314860329
4,0.047891006421195925,-0.004352811723947525,2.9999999999999997e-05,0.0021149566455278546,0.00226723711239174,0.01600144524127245,0.0003687571515911259,0.050955161452293396,0.00041050842264667153,0.0,6.64832373331592e-05,0.0029265580233186483,0.003011152148246765,0.0,0.00015864546003285795,0.0,0.0,0.0,0.00011611428635660559
5,0.04700102866627276,-0.004333049058914185,2.9999999999999997e-05,0.0016839332529343665,0.0018475242832209915,0.014356781728565693,0.0003588878025766462,0.04942924529314041,0.0003424117458052933,0.0,4.4764417452825e-05,0.0029130696784704924,0.0029974740464240313,0.0,0.00015751514001749456,0.0,0.0,0.0,0.00010262585419695824
6,0.049935160466702655,-0.004314223770052195,2.9999999999999997e-05,0.001878381153801456,0.0020400389475980774,0.014909798745065928,0.0003694386105053127,0.05264880508184433,0.0003631517320172861,0.0,6.02773161517689e-05,0.002900222083553672,0.002984447404742241,0.0,0.00015644484665244818,0.0,0.0,0.0,8.977844117907807e-05
7,0.038348670641426,-0.004294946789741516,2.9999999999999997e-05,0.0015871613650233485,0.0017460289745940827,0.015758133959025145,0.0003387815013411455,0.04063941538333893,0.0003972125705331564,0.0,4.082630948687438e-05,0.0028870687820017338,0.0029711108654737473,0.0,0.00015535492275375873,0.0,0.0,0.0,7.662521238671616e-05
8,0.03315429948270321,-0.004276053048670292,2.9999999999999997e-05,0.0017224899493157864,0.0018957755237352103,0.015042316634207964,0.00032703410397516564,0.03566112369298935,0.00037669690209440887,0.0,3.5047116568875936e-06,0.0028741785790771246,0.002958041150122881,0.0,0.00015429254563059658,0.0,0.0,0.0,6.373487849486992e-05
9,0.0471145773481112,-0.004258731845766306,2.9999999999999997e-05,0.0018848488689400256,0.0020566548337228596,0.017571790143847466,0.0003645708493422717,0.04984541982412338,0.0004836480366066098,0.0,4.884103827862418e-05,0.0028623624239116907,0.0029460624791681767,0.0,0.00015332405746448785,0.0,0.0,0.0,5.191889067646116e-05
10,0.03256693834555335,-0.004242859315127134,2.9999999999999997e-05,0.0018164358916692436,0.001967860240256414,0.016010455787181854,0.00032880822618608363,0.03520285338163376,0.0004577967192744836,0.0,6.596521188839688e-06,0.002851536264643073,0.002935087075456977,0.0,0.0001524411782156676,0.0,0.0,0.0,4.109278233954683e-05
11,0.04118379583815113,-0.004227323457598686,2.9999999999999997e-05,0.001744730194332078,0.00190895568812266,0.016303885728120804,0.00033599333619349636,0.043714962899684906,0.00044008088298141956,0.0,1.88542992418661e-05,0.0028409413062036037,0.002924345899373293,0.0,0.00015158190217334777,0.0,0.0,0.0,3.0497880288749002e-05
12,0.04222659399965778,-0.004211755469441414,2.9999999999999997e-05,0.0017994369845837355,0.0019671037152875215,0.01623522862792015,0.0003509099333314225,0.04483408480882645,0.0004228046163916588,0.0,2.3784400013937557e-05,0.00283032632432878,0.0029135828372091055,0.0,0.0001507245615357533,0.0,0.0,0.0,1.9882711058016866e-05
13,0.030382689903490245,-0.004194092471152544,2.9999999999999997e-05,0.0017444777477066964,0.0018793251656461507,0.016355466097593307,0.00032341456244466826,0.032905079424381256,0.00043417789856903255,0.0,4.257089855741469e-06,0.0028182831592857838,0.002901374129578471,0.0,0.00014975563681218773,0.0,0.0,0.0,7.839553290978074e-06
14,0.030959484312916175,-0.0041761030443012714,2.9999999999999997e-05,0.0018315229972358793,0.0019832248653983697,0.015372863039374352,0.00031877338187769055,0.03362319618463516,0.0003752489428734407,0.0,4.648839421861339e-06,0.002806022996082902,0.002888933988288045,0.0,0.00014877456123940647,0.0,0.0,0.0,-4.420695404405706e-06
15,0.03411158570088446,-0.004159023519605398,2.9999999999999997e-05,0.001907554076751694,0.002040698251221329,0.015592130366712809,0.00032831021962920204,0.03687529265880585,0.00041625319863669574,0.0,-2.2248595541896066e-05,0.0027943856548517942,0.0028771250508725643,0.0,0.00014784962695557624,0.0,0.0,0.0,-1.6058025721576996e-05
16,0.0342933154606726,-0.004142358899116516,2.9999999999999997e-05,0.0016426759248133749,0.0017799900087993592,0.015772372484207153,0.0003232779854442924,0.03666430711746216,0.0003939257003366947,0.0,-1.3895991742174374e-05,0.0027830321341753006,0.0028656115755438805,0.0,0.00014695829304400831,0.0,0.0,0.0,-2.7411662813392468e-05
17,0.028350028180284426,-0.004124389961361885,2.9999999999999997e-05,0.0017520781584607903,0.0018699408828979358,0.016044292133301497,0.00031234942071023397,0.03088086098432541,0.0004059986677020788,0.0,-2.5136111389656435e-05,0.00277078989893198,0.0028532070573419333,0.0,0.00014600748545490205,0.0,0.0,0.0,-3.965360519941896e-05
18,0.0412265240738634,-0.004107845481485128,2.9999999999999997e-05,0.0020193557502352633,0.0021520668160519563,0.015399668831378222,0.00034836157283280045,0.04414769262075424,0.00038383761420845985,0.0,-1.6627179093120503e-05,0.002759520197287202,0.002841783221811056,0.0,0.00014513246424030513,0.0,0.0,0.0,-5.0923430535476655e-05
19,0.02634168761142064,-0.004089078865945339,2.9999999999999997e-05,0.0015255623538905638,0.0016718586848583072,0.016230889596045017,0.0003028777791769244,0.028551697731018066,0.0004226686723995954,0.0,-5.105014815853792e-05,0.0027467382606118917,0.002828826429322362,0.0,0.00014414584438782185,0.0,0.0,0.0,-6.370528717525303e-05
20,0.03753838286502287,-0.0040711332112550735,2.9999999999999997e-05,0.0016704892186680809,0.0018116922728950158,0.015573478769510984,0.00032891502996790223,0.03995022177696228,0.0003889607760356739,0.0,-3.683525801534415e-05,0.0027345167472958565,0.002816439839079976,0.0,0.00014320657646749169,0.0,0.0,0.0,-7.592671317979693e-05
21,0.03523482450964366,-0.004053461365401745,2.9999999999999997e-05,0.0015726354031357914,0.0017252746620215476,0.016670236364006996,0.00032715357519919053,0.037506476044654846,0.00043430656660348177,0.0,-5.903617056901567e-05,0.0027224861551076174,0.0028042271733283997,0.0,0.00014227660722099245,0.0,0.0,0.0,-8.795752364676446e-05
22,0.027013057726435363,-0.00403657928109169,2.9999999999999997e-05,0.0017472657054895535,0.0018943361355923116,0.015025380998849869,0.00029912185345892794,0.029557891190052032,0.0003807439934462309,0.0,-5.451562174130231e-05,0.0027109996881335974,0.0027925558388233185,0.0,0.00014139690028969198,0.0,0.0,0.0,-9.944395424099639e-05
23,0.02902916632592678,-0.004019550513476133,2.9999999999999997e-05,0.0018402540154056624,0.0019790736041613854,0.015869748778641224,0.00031804211175767705,0.03169989585876465,0.00040482895565219223,0.0,-7.83446396326326e-05,0.002699408447369933,0.0027808016166090965,0.0,0.0001405172370141372,0.0,0.0,0.0,-0.00011103490396635607
24,0.026793135795742273,-0.004001675173640251,2.9999999999999997e-05,0.001831453264458105,0.001987239571462851,0.016016727313399315,0.00031110571944736876,0.02946261316537857,0.00042043946450576186,0.0,-8.594993414590135e-05,0.0026872402522712946,0.0027684702072292566,0.0,0.00013960104843135923,0.0,0.0,0.0,-0.00012320347013883293
25,0.02498517482308671,-0.003984198439866304,2.9999999999999997e-05,0.0016365480259992182,0.0017901361861731857,0.01639153342694044,0.00029719438680331223,0.027368150651454926,0.00042514383676461875,0.0,-7.143985385482665e-05,0.0026753442361950874,0.0027564186602830887,0.0,0.00013871009286958724,0.0,0.0,0.0,-0.00013509955897461623
26,0.019012981501873583,-0.00396680599078536,2.9999999999999997e-05,0.001556295232148841,0.0017101604316849262,0.0166590865701437,0.00028668989034486003,0.021280966699123383,0.0004476706526475027,0.0,-0.00010442328584758798,0.002663505030795932,0.002744428813457489,0.0,0.0001378272718284279,0.0,0.0,0.0,-0.0001469388953410089
27,0.018666947275050916,-0.003951451741158962,2.9999999999999997e-05,0.0015894383250270039,0.0017305403162026778,0.017331653274595737,0.00028550914430525154,0.020978853106498718,0.0004825821961276233,0.0,-0.00010467017841619963,0.002653055125847459,0.0027338461950421333,0.0,0.0001370530080748722,0.0,0.0,0.0,-0.00015738852380309254
28,0.02529344796494115,-0.0039376444183290005,2.9999999999999997e-05,0.0017209537763847038,0.0018729710718616843,0.01803060621023178,0.00029661394364666194,0.02780252695083618,0.0005255970609141514,0.0,-9.510204699836322e-05,0.0026436022017151117,0.002724439837038517,0.0,0.00013635582581628114,0.0,0.0,0.0,-0.00016684156435076147
29,0.020540662968414836,-0.003923206590116024,2.9999999999999997e-05,0.0016255980990536045,0.0017653278118814342,0.017139636911451817,0.0002798612076730933,0.022908948361873627,0.0004707530315499753,0.0,-0.00012374525817904214,0.002633650554344058,0.0027147363871335983,0.0,0.00013562491221819073,0.0,0.0,0.0,-0.00017679325537756085
30,0.018324695323826745,-0.003908972255885601,2.9999999999999997e-05,0.0015795093786437064,0.0017273272387683392,0.017066202126443386,0.0002872217446565628,0.02062421292066574,0.0004489212005864829,0.0,-8.551513383281417e-05,0.002623839071020484,0.0027051717042922974,0.0,0.0001349053782178089,0.0,0.0,0.0,-0.00018660453497432172
31,0.028125416218244936,-0.00389479030855,2.9999999999999997e-05,0.0017089436878450215,0.0018413082871120423,0.018486805260181427,0.00029866165641578846,0.030605629086494446,0.0005534587544389069,0.0,-0.00013035061601840425,0.0026140641421079636,0.0026956419460475445,0.0,0.00013419004972092807,0.0,0.0,0.0,-0.0001963794493349269
32,0.017254690639674664,-0.0038780956529080868,2.9999999999999997e-05,0.001700006570899859,0.0018514713156037033,0.016858565621078014,0.0002897283629863523,0.01973552256822586,0.0004603389388648793,0.0,-0.0001258715424228285,0.002602559747174382,0.0026844239328056574,0.0,0.00013335223775357008,0.0,0.0,0.0,-0.0002078839170280844
33,0.020378652319777757,-0.0038606866728514433,2.9999999999999997e-05,0.0015572149568470195,0.0016855705180205405,0.016802337020635605,0.0002801410337269772,0.022638536989688873,0.00044615037040784955,0.0,-0.00010423209664622846,0.002590564778074622,0.0026727269869297743,0.0,0.0001324829354416579,0.0,0.0,0.0,-0.00021987879881635308
34,0.025770138279767707,-0.0038473145104944706,2.9999999999999997e-05,0.0016899216134333983,0.001822364705731161,0.017280319705605507,0.00030233260622480884,0.028220027685165405,0.0004828912497032434,0.0,-0.00015988395898602903,0.002581352600827813,0.0026637420523911715,0.0,0.00013181868416722864,0.0,0.0,0.0,-0.00022909138351678848
35,0.025623238427215256,-0.0038332687690854073,2.9999999999999997e-05,0.0018394732032902539,0.001968041207874194,0.017213615588843822,0.00029289871963555925,0.02830023318529129,0.0004898662737105042,0.0,-0.000138490413519321,0.002571677789092064,0.0026543065905570984,0.0,0.00013112449960317463,0.0,0.0,0.0,-0.0002387659769738093
36,0.01342182551161386,-0.0038180367555469275,2.9999999999999997e-05,0.0016028947138693184,0.0017472306790295988,0.017791152000427246,0.00027953993412666023,0.015758514404296875,0.0005098046676721424,0.0,-0.00015273466760845622,0.0025611871387809515,0.0026440743822604418,0.0,0.00013037559983786196,0.0,0.0,0.0,-0.0002492564090061933
37,0.01529659642255865,-0.003803005674853921,2.9999999999999997e-05,0.0015555568679701537,0.0017058458470273763,0.016492280177772045,0.0002756176472757943,0.0175672248005867,0.0004339485021773726,0.0,-0.00014020804155734368,0.0025508368853479624,0.0026339779142290354,0.0,0.00012964056804776192,0.0,0.0,0.0,-0.0002596068079583347
38,0.011629673492279835,-0.003789226058870554,2.9999999999999997e-05,0.0014078478852752596,0.001553632155264495,0.017933541908860207,0.00027071261501987465,0.013678930699825287,0.0005043877754360437,0.0,-0.00013911187033954775,0.002541349735110998,0.0026247224304825068,0.0,0.00012896975385956466,0.0,0.0,0.0,-0.0002690939581952989
39,0.01362114932271652,-0.0037755731027573347,2.9999999999999997e-05,0.0014976126622059382,0.0016429658862762153,0.018842426128685474,0.0002671553011168726,0.01580660790205002,0.0005891098408028483,0.0,-0.00016294550368911587,0.0025319524575024843,0.0026155521627515554,0.0,0.0001283107849303633,0.0,0.0,0.0,-0.00027849103207699955
40,0.017819426939240657,-0.003763817949220538,2.9999999999999997e-05,0.0015069117944221944,0.0016597060021013021,0.017767290584743023,0.0002593881399661768,0.020026445388793945,0.0005114656523801386,0.0,-0.00017327933346678037,0.0025238627567887306,0.002607655478641391,0.0,0.00012774542847182602,0.0,0.0,0.0,-0.00028658067458309233
41,0.01872715199715458,-0.0037529917899519205,2.9999999999999997e-05,0.0016869437822606415,0.0018280805234098807,0.018732833676040173,0.0002682867016119417,0.021193936467170715,0.0005565778992604464,0.0,-0.00013864646416550386,0.0025164138060063124,0.002600381849333644,0.0,0.0001272256049560383,0.0,0.0,0.0,-0.0002940297417808324
42,0.01770826627034694,-0.0037418585270643234,2.9999999999999997e-05,0.0016725989116821438,0.001817573793232441,0.01825091987848282,0.00027677329489961267,0.020151212811470032,0.0005244624917395413,0.0,-0.0001961886682693148,0.0025087539106607437,0.002592901000753045,0.0,0.0001266913313884288,0.0,0.0,0.0,-0.0003016898117493838
43,0.019273670914117247,-0.0037306274753063917,2.9999999999999997e-05,0.001709412143100053,0.0018436872633174062,0.018127422779798508,0.00028488550742622465,0.021762430667877197,0.0005296053132042289,0.0,-0.00018115818784281146,0.002501023467630148,0.0025853614788502455,0.0,0.00012615365267265588,0.0,0.0,0.0,-0.00030941987643018365
44,0.005847264488693327,-0.0037183661479502916,2.9999999999999997e-05,0.001388069475069642,0.0015169834368862212,0.018990883603692055,0.0002612318567116745,0.007863156497478485,0.0005319458432495594,0.0,-0.00016871863590495195,0.0024925859179347754,0.0025771292857825756,0.0,0.00012556881119962782,0.0,0.0,0.0,-0.00031785800820216537
45,0.012574457621667534,-0.003705135779455304,2.9999999999999997e-05,0.0015343854029197246,0.0016706892929505557,0.018568594940006733,0.00026027547937701456,0.014813996851444244,0.000534026708919555,0.0,-0.00017346865206491202,0.0024835383519530296,0.002568140160292387,0.0,0.00012494540715124458,0.0,0.0,0.0,-0.00032690545776858926
46,0.017489968799054623,-0.00369180622510612,2.9999999999999997e-05,0.0014808941341470927,0.0016155855846591294,0.017403279431164265,0.0002628861439006869,0.01964716613292694,0.00046328023017849773,0.0,-0.00017120033453466021,0.0024744821712374687,0.0025589719880372286,0.0,0.0001243237784365192,0.0,0.0,0.0,-0.0003359613474458456
47,0.016649136261548847,-0.0036792848259210587,2.9999999999999997e-05,0.001691261975793168,0.001828584136092104,0.018033983185887337,0.0002651434260769747,0.019122064113616943,0.000538587337359786,0.0,-0.00020726627008116338,0.0024659759365022182,0.0025503605138510466,0.0,0.0001237428077729419,0.0,0.0,0.0,-0.0003444678441155702
48,0.013895350333768874,-0.0036648637615144253,2.9999999999999997e-05,0.0014887792931403965,0.0016120137297548354,0.019452909007668495,0.0002578105850261636,0.016061171889305115,0.0005923250282648951,0.0,-0.0001831915978982579,0.0024561805184930563,0.0025404442567378283,0.0,0.00012307801807764918,0.0,0.0,0.0,-0.0003542630875017494
49,0.01590027924248716,-0.003650674130767584,2.9999999999999997e-05,0.0016766441549407318,0.0017994871886912733,0.018402165733277798,0.0002663431005203165,0.01834344118833542,0.0005452410550788045,0.0,-0.000247607626079116,0.0024465438909828663,0.002530688187107444,0.0,0.00012242795492056757,0.0,0.0,0.0,-0.0003639000642579049
50,0.01660127665672917,-0.0036353059113025665,2.9999999999999997e-05,0.001536161158583127,0.0016614673077128828,0.01874912530183792,0.00025469773390796036,0.018840767443180084,0.00055454031098634,0.0,-0.00019848847841785755,0.0024361072573810816,0.0025201248936355114,0.0,0.00012172780407126993,0.0,0.0,0.0,-0.0003743363486137241
51,0.00675586104625836,-0.0036209162790328264,2.9999999999999997e-05,0.0012464987230487168,0.0013853412528987974,0.0189952552318573,0.00024537275385227986,0.008572287857532501,0.0005623443576041609,0.0,-0.00020684867558884434,0.0024263367522507906,0.0025102354120463133,0.0,0.00012107599468436092,0.0,0.0,0.0,-0.0003841068537440151
52,0.014845968456938863,-0.003608287777751684,2.9999999999999997e-05,0.001630418722925242,0.0017608349517104216,0.019031982868909836,0.0002537530308472924,0.017229869961738586,0.0005880323587916791,0.0,-0.0001890151688712649,0.002417762530967593,0.002501556882634759,0.0,0.00012050681107211858,0.0,0.0,0.0,-0.000392681424273178
53,0.008867641401593573,-0.0035974751226603985,2.9999999999999997e-05,0.0016274493464152329,0.0017542325949762017,0.02027417439967394,0.00024648705948493443,0.01124890148639679,0.0006221699295565486,0.0,-0.00023497098663938232,0.0024104220792651176,0.0024941277224570513,0.0,0.0001200212791445665,0.0,0.0,0.0,-0.0004000214394181967
54,0.013912679947679862,-0.003585550934076309,2.9999999999999997e-05,0.0015624470543116331,0.0016854866698849946,0.018986349925398827,0.0002460604810039513,0.01619478315114975,0.0005712419806513935,0.0,-0.00023473709734389558,0.0024023272562772036,0.0024859346449375153,0.0,0.00011948744941037148,0.0,0.0,0.0,-0.0004081163206137717
55,0.022787535737734288,-0.0035733794793486595,2.9999999999999997e-05,0.0016188188164960593,0.0017479927919339389,0.01903489977121353,0.00027306016636430286,0.025143764913082123,0.000563748471904546,0.0,-0.00026492653887544293,0.002394065260887146,0.0024775720667093992,0.0,0.00011894401541212574,0.0,0.0,0.0,-0.0004163781995885074
56,0.01345811724968371,-0.0035601905547082424,2.9999999999999997e-05,0.0015221416688291356,0.001645374475629069,0.01863308623433113,0.00023591628996655345,0.015684932470321655,0.0005552190414164215,0.0,-0.00023020014850771986,0.0023851136211305857,0.0024685123935341835,0.0,0.00011835838085971773,0.0,0.0,0.0,-0.0004253301303833723
57,0.00424686711630784,-0.0035460414364933968,2.9999999999999997e-05,0.0014962631539674476,0.001628019497729838,0.018470688723027706,0.00024716390544199385,0.006433501839637756,0.0005618727300316095,0.0,-0.00025209527302649803,0.002375510521233082,0.002458794740960002,0.0,0.00011773327423725277,0.0,0.0,0.0,-0.0004349328810349107
58,0.016293669235892594,-0.0035314385313540697,2.9999999999999997e-05,0.001298923307331279,0.0014385021931957453,0.02001942414790392,0.00023731176406727172,0.01819312572479248,0.0006335676007438451,0.0,-0.00021121093323017703,0.0023656010162085295,0.0024487667251378298,0.0,0.00011709196405718103,0.0,0.0,0.0,-0.0004448428808245808
59,0.01094368267513346,-0.003516976721584797,2.9999999999999997e-05,0.0016289011400658637,0.0017606416658964008,0.019473355263471603,0.00024527457208023407,0.013330206274986267,0.0006123931671027094,0.0,-0.00022007301595294848,0.0023557881359010935,0.002438838128000498,0.0,0.00011646083294181153,0.0,0.0,0.0,-0.00045465564471669495
60,0.012846561847254634,-0.003503817832097411,2.9999999999999997e-05,0.001432621938874945,0.0015636253374395892,0.019502955488860607,0.00023795323068043217,0.014941960573196411,0.0005940919509157538,0.0,-0.0002469079822731146,0.002346860244870186,0.0024298059288412333,0.0,0.00011589030327741057,0.0,0.0,0.0,-0.00046358330291695893
61,0.0052404327725525945,-0.0034912321716547012,2.9999999999999997e-05,0.0015585477522108704,0.0017019943334162235,0.019999051466584206,0.0002411134191788733,0.007529355585575104,0.0006541574839502573,0.0,-0.00024383696654695086,0.0023383216466754675,0.002421168377622962,0.0,0.00011534726218087599,0.0,0.0,0.0,-0.0004721221048384905
62,0.007353375956881791,-0.0034792835358530283,2.9999999999999997e-05,0.0011819164792541414,0.0013250325282569975,0.020495868287980556,0.00023191882064566016,0.009081780910491943,0.0006823302246630192,0.0,-0.0002582979741418967,0.0023302161134779453,0.0024129690136760473,0.0,0.00011483451089588925,0.0,0.0,0.0,-0.0004802276089321822
63,0.0016318775160470977,-0.0034660270903259516,2.9999999999999997e-05,0.0013816095452057198,0.0015054105897434056,0.0197917353361845,0.00023032023091218434,0.003650970757007599,0.0006144323851913214,0.0,-0.00026319028984289616,0.0023212244268506765,0.002403873484581709,0.0,0.00011426828132243827,0.0,0.0,0.0,-0.0004892191500402987
64,0.010562197130639106,-0.0034533694852143526,2.9999999999999997e-05,0.0017348551918985322,0.0018635355663718656,0.018530824221670628,0.0002434788621030748,0.013107024133205414,0.0005671086255460978,0.0,-0.0003274585942563135,0.0023126406595110893,0.0023951882030814886,0.0,0.00011373074084986001,0.0,0.0,0.0,-0.0004978029755875468
65,-0.0015416715759783983,-0.0034382008016109467,2.9999999999999997e-05,0.001358298170089256,0.0014564061057171784,0.019871573895215988,0.0002324908709852025,0.000428520143032074,0.0006401918362826109,0.0,-0.000280404114164412,0.0023024159017950296,0.0023846644908189774,0.0,0.00011309449473628774,0.0,0.0,0.0,-0.0005080277333036065
66,0.001742067775921896,-0.0034265746362507343,2.9999999999999997e-05,0.0014239019365049899,0.0015448102640220895,0.01959310006350279,0.0002290560405526776,0.003823786973953247,0.0005978009139653295,0.0,-0.00028410283630364574,0.002294643083587289,0.0023764772340655327,0.0,0.00011261436156928539,0.0,0.0,0.0,-0.0005158003768883646
67,0.009601739118807018,-0.0034149528946727514,2.9999999999999997e-05,0.0015914801115286537,0.0017301199040957727,0.02013462409377098,0.00023992439673747867,0.011938251554965973,0.0006520726019516587,0.0,-0.00033092211288021645,0.0022868739906698465,0.0023682937026023865,0.0,0.00011213584366487339,0.0,0.0,0.0,-0.0005235697026364505
68,-0.0007319759461097419,-0.0034015285782516003,2.9999999999999997e-05,0.001343680574791506,0.0014710563118569553,0.021071119233965874,0.00022667445591650903,0.0012338235974311829,0.0007203320856206119,0.0,-0.0002708171814447269,0.0022778999991714954,0.0023588414769619703,0.0,0.00011158474808325991,0.0,0.0,0.0,-0.0005325438105501235
69,0.011667606624541804,-0.0033885748125612736,2.9999999999999997e-05,0.001525589541415684,0.0016643705894239247,0.01952327322214842,0.0002467118465574458,0.013901963829994202,0.0006147714157123119,0.0,-0.00027913149824598804,0.002269241726025939,0.002349722431972623,0.0,0.00011105628072982654,0.0,0.0,0.0,-0.0005412019090726972
70,0.005613538029137999,-0.0033767216373234987,2.9999999999999997e-05,0.0013906296881032176,0.0015215259627439082,0.02027397882193327,0.00023319843239733018,0.007648266851902008,0.000647119217319414,0.0,-0.0003649134196166415,0.0022613201290369034,0.002341378014534712,0.0,0.00011057479423470795,0.0,0.0,0.0,-0.0005491237388923764
71,0.005676478991517797,-0.003363806288689375,2.9999999999999997e-05,0.0015094098635017872,0.0016534047026652843,0.01989378035068512,0.00023122495622374117,0.007896915078163147,0.0006381537532433867,0.0,-0.0003025236819667043,0.00225268816575408,0.0023322890046983957,0.0,0.00011005249689333141,0.0,0.0,0.0,-0.0005577554693445563
72,0.004104745079530403,-0.0033506250474601984,2.9999999999999997e-05,0.0015621847560396418,0.001686538613284938,0.021318950690329075,0.00021856193052371964,0.006400845944881439,0.0007207980670500547,0.0,-0.0003065522287215572,0.0022438778541982174,0.0023230165243148804,0.0,0.00010952209413517267,0.0,0.0,0.0,-0.0005665658391080797
73,0.009557564684655517,-0.0033395588397979736,2.9999999999999997e-05,0.0014570230996469036,0.001581430493388325,0.02082542423158884,0.00022354942484525964,0.01169346272945404,0.0006626717804465443,0.0,-0.0002912410063800053,0.0022364810574799776,0.0023152343928813934,0.0,0.00010907880641752854,0.0,0.0,0.0,-0.0005739625194109976
74,0.006666920950010535,-0.0033288653939962387,2.9999999999999997e-05,0.0012841793725328898,0.0014185772597556934,0.01944439671933651,0.0002216470820712857,0.008549503982067108,0.0006133952701929957,0.0,-0.00032763384751888225,0.002229333622381091,0.0023077151272445917,0.0,0.00010865191870834678,0.0,0.0,0.0,-0.0005811098380945623
75,0.005133496400958393,-0.00331653724424541,2.9999999999999997e-05,0.0014403782479348592,0.0015580553881591186,0.01951515767723322,0.0002268593671033159,0.007239408791065216,0.0006359701219480485,0.0,-0.00040238857036456466,0.0022210946772247553,0.002299046143889427,0.0,0.0001081611990230158,0.0,0.0,0.0,-0.0005893491324968636
76,0.0030152990511851385,-0.003304149489849806,2.9999999999999997e-05,0.0014097341627348214,0.0015459194692084566,0.021755722351372242,0.00021828502940479666,0.005088776350021362,0.0007412710401695222,0.0,-0.0003086775468545966,0.002212815685197711,0.002290337812155485,0.0,0.00010767023195512593,0.0,0.0,0.0,-0.0005976277170702815
77,-0.0017990361375268549,-0.0032937393989413977,2.9999999999999997e-05,0.0014168091292958707,0.0015617568788002245,0.021869677118957043,0.00022268182510742918,0.0002872347831726074,0.0007573952898383141,0.0,-0.00039251503949344624,0.0022058594040572643,0.0022830201778560877,0.0,0.00010726007167249918,0.0,0.0,0.0,-0.0006045842892490327
78,0.0009210871357936412,-0.0032834236044436693,2.9999999999999997e-05,0.0014711208350490779,0.0015995705325622112,0.022311529144644737,0.00022543601880897768,0.0030791983008384705,0.0007714909443166107,0.0,-0.00035468365967972204,0.002198966220021248,0.002275770530104637,0.0,0.00010685587039915845,0.0,0.0,0.0,-0.0006114777061156929
79,0.0020342224452178925,-0.003274518996477127,2.9999999999999997e-05,0.0013858556048944592,0.0015223699156194925,0.020414100028574467,0.00021655264208675362,0.004072919487953186,0.0006717212963849306,0.0,-0.0003686591735458933,0.002193016465753317,0.002269513439387083,0.0,0.0001065082979039289,0.0,0.0,0.0,-0.0006174271111376584
80,0.004868084899499081,-0.0032653161324560642,2.9999999999999997e-05,0.00129535177256912,0.0014315876906039193,0.021405305713415146,0.00021636317615048029,0.006770975887775421,0.0007288444903679192,0.0,-0.00034931861955556087,0.0021867984905838966,0.002263180911540985,0.0,0.00010614547500154004,0.0,0.0,0.0,-0.0006236450280994177
81,0.006608599593164399,-0.003257866483181715,2.9999999999999997e-05,0.0013885704393032938,0.0015150230028666556,0.020339871756732464,0.00023112677081371658,0.008639052510261536,0.0006541486654896289,0.0,-0.00034399263313389383,0.0021817439701408148,0.002258096821606159,0.0,0.00010585174459265545,0.0,0.0,0.0,-0.0006286994903348386
82,0.003358087189553771,-0.0032487025018781424,2.9999999999999997e-05,0.0012604118574017775,0.001385394345561508,0.021872658282518387,0.00020845709877903573,0.005206890404224396,0.0007731863879598677,0.0,-0.00031992401545721805,0.002175526926293969,0.0022518436890095472,0.0,0.00010549209400778636,0.0,0.0,0.0,-0.0006349165923893452
83,0.0016396618157159537,-0.0032392307184636593,2.9999999999999997e-05,0.0012451417351257987,0.0013560742372646928,0.021035385318100452,0.00021200310948188417,0.0034567713737487793,0.0006767901650164276,0.0,-0.00030353170177477296,0.002169101033359766,0.0022453810088336468,0.0,0.00010512154403841123,0.0,0.0,0.0,-0.0006413426017388701
84,0.004438139068952296,-0.003230914706364274,2.9999999999999997e-05,0.0014215890478226356,0.0015559560561086982,0.020412061363458633,0.0002170096522604581,0.006529130041599274,0.0007097750203683972,0.0,-0.00036954380175302504,0.0021634590812027454,0.0022397085558623075,0.0,0.00010479756747372448,0.0,0.0,0.0,-0.0006469843210652471
85,-0.0022483104839920998,-0.003224917221814394,2.9999999999999997e-05,0.0015269193827407435,0.0016567412531003356,0.021060945466160774,0.00021382194972829893,0.0,0.0006853588565718383,0.0,-0.0003311300097266212,0.0021593908313661814,0.0022356174886226654,0.0,0.00010456480958964676,0.0,0.0,0.0,-0.0006510528619401157
86,0.004505020187934861,-0.0032185008749365807,2.9999999999999997e-05,0.0013441502815112472,0.001468234957428649,0.02024945616722107,0.00020817315453314222,0.006479136645793915,0.0006480061856564134,0.0,-0.00034304201471968554,0.0021550385281443596,0.002231241436675191,0.0,0.00010431643022457138,0.0,0.0,0.0,-0.0006554052815772593
87,-0.0018393318314338103,-0.0032136456575244665,2.9999999999999997e-05,0.0012516357965068892,0.0013834695128025487,0.020635888911783695,0.00020794353622477502,0.0,0.0006697722128592432,0.0,-0.0003367877652635798,0.002151744905859232,0.0022279301192611456,0.0,0.00010412892879685387,0.0,0.0,0.0,-0.0006586984964087605
88,0.002750205690972507,-0.0032088153529912233,2.9999999999999997e-05,0.001321913550782483,0.0014531976485159248,0.021940797567367554,0.00021101185484440066,0.004693135619163513,0.0007648209284525365,0.0,-0.0003643940362962894,0.0021484687458723783,0.002224635798484087,0.0,0.000103942678833846,0.0,0.0,0.0,-0.0006619749474339187
89,-0.0011691388208419085,-0.003202349180355668,2.9999999999999997e-05,0.0014485544961644337,0.0015616722812410444,0.020442272536456585,0.00021507102792384103,0.0009526461362838745,0.0007009039691183716,0.0,-0.00035903264142689295,0.0021440829150378704,0.00222022645175457,0.0,0.00010369381925556809,0.0,0.0,0.0,-0.0006663606036454439
90,-0.0022574699542019516,-0.003197613637894392,2.9999999999999997e-05,0.0015361423720605671,0.0016553691093577072,0.02124217338860035,0.0002125672144757118,0.0,0.0007344417390413582,0.0,-0.0003582713325158693,0.0021408710163086653,0.002216996857896447,0.0,0.0001035119712469168,0.0,0.0,0.0,-0.0006695726187899709
91,0.0014417289348784834,-0.003192634554579854,2.9999999999999997e-05,0.0012774557835655287,0.00139468046836555,0.02080835308879614,0.0002055550430668518,0.0033136755228042603,0.0007187727896962315,0.0,-0.0003916665355063742,0.002137494273483753,0.0022136017214506865,0.0,0.00010332120291423053,0.0,0.0,0.0,-0.000672949303407222
92,0.0008921636908780783,-0.003186185844242573,2.9999999999999997e-05,0.0013334947871044278,0.0014457533252425492,0.020566079765558243,0.0002076243436022196,0.0028446540236473083,0.000689664069795981,0.0,-0.00030474442792183254,0.002133120782673359,0.002209204714745283,0.0,0.00010307465709047392,0.0,0.0,0.0,-0.0006773226195946336
93,0.0013965881371404976,-0.0031782619189471006,2.9999999999999997e-05,0.0012896682310383767,0.0014215302653610706,0.020375316962599754,0.00021069288413855247,0.003291606903076172,0.0006819461123086512,0.0,-0.0003198254416929558,0.0021277472842484713,0.002203801879659295,0.0,0.00010277271212544292,0.0,0.0,0.0,-0.0006826964672654867
94,-0.0016692373028490692,-0.003170071402564645,2.9999999999999997e-05,0.0013353241374716163,0.0014569844643119723,0.019677954725921154,0.0002111331486958079,0.0002889484167098999,0.00064068753272295,0.0,-0.00034436794157954864,0.002122193342074752,0.0021982179023325443,0.0,0.0001024617231450975,0.0,0.0,0.0,-0.0006882502930238843
95,-0.0016078953922260553,-0.0031626843847334385,2.9999999999999997e-05,0.0014811889850534499,0.0016109075222630054,0.021930797025561333,0.0002095213822030928,0.0005739107728004456,0.0007594229828100652,0.0,-0.00042424131970619783,0.00211718468926847,0.002193181775510311,0.0,0.00010218215174973011,0.0,0.0,0.0,-0.00069325917866081
96,-0.0018037091012956807,-0.003157347207888961,2.9999999999999997e-05,0.001233218182278506,0.0013421056282822974,0.019863897003233433,0.00020099190442124382,0.0,0.0006596137827727944,0.0,-0.00030745820549782366,0.002113565569743514,0.002189544029533863,0.0,0.00010198071686318144,0.0,0.0,0.0,-0.0006968778325244784
97,0.007262559520313516,-0.003151253331452608,2.9999999999999997e-05,0.001373462364426814,0.0014939087559469044,0.020225580781698227,0.00020347048848634586,0.009281173348426819,0.0006736374052707106,0.0,-0.0003770729999814648,0.002109433989971876,0.0021853898651897907,0.0,0.0001017512331600301,0.0,0.0,0.0,-0.00070100964512676
98,-0.0019898849859600887,-0.003146593691781163,2.9999999999999997e-05,0.0013568361464422196,0.001474798918934539,0.022301744669675827,0.00020854000104009174,0.0,0.0008063893183134496,0.0,-0.0003865332473651506,0.0021062749437987804,0.0021822135895490646,0.0,0.00010157616634387523,0.0,0.0,0.0,-0.0007041686330921948
99,-0.0019411228895478416,-0.003143603214994073,2.9999999999999997e-05,0.001318179325608071,0.0014457380311796442,0.021329883486032486,0.00019970323046436533,0.0,0.0007379117305390537,0.0,-0.00039367686258628964,0.0021042474545538425,0.0021801753900945187,0.0,0.0001014639638015069,0.0,0.0,0.0,-0.0007061962387524545
100,-0.0019082697399426252,-0.0031417037826031446,2.9999999999999997e-05,0.0012989215028937906,0.0014242793404264376,0.02039719745516777,0.00020544905419228598,0.0,0.0006687602144666016,0.0,-0.00037651997263310477,0.002102959668263793,0.002178881084546447,0.0,0.00010139277583220974,0.0,0.0,0.0,-0.0007074839668348432
101,-0.0016648938180878758,-0.00314054056070745,2.9999999999999997e-05,0.001137771672802046,0.0012562002229969949,0.02072728145867586,0.00020181509898975492,0.0,0.0007041431090328842,0.0,-0.00036861052285530604,0.0021021710708737373,0.0021780882962048054,0.0,0.00010134920012205839,0.0,0.0,0.0,-0.0007082723313942552
102,0.00498676294228062,-0.003136127023026347,2.9999999999999997e-05,0.0013470042613334954,0.001479617494624108,0.01974476780742407,0.00020300776668591425,0.00697200745344162,0.0006469117070082575,0.0,-0.0003971538317273371,0.0020991789642721415,0.0021750798914581537,0.0,0.00010118413774762303,0.0,0.0,0.0,-0.0007112646126188338
103,-0.0017850887888926081,-0.003133293939754367,2.9999999999999997e-05,0.0012169417313998565,0.0013386962818913162,0.022202656604349613,0.00020224675608915277,0.0,0.0007769372314214706,0.0,-0.0003958323213737458,0.0020972585771232843,0.002173149026930332,0.0,0.00010107835259987041,0.0,0.0,0.0,-0.0007131850579753518
104,0.009891727720969357,-0.0031304487492889166,2.9999999999999997e-05,0.0014025749551365152,0.0015324909036280587,0.021501255221664906,0.0002192016581830103,0.011950872838497162,0.0007428644748870283,0.0,-0.0003692924256029073,0.002095329575240612,0.00217121047899127,0.0,0.00010097228368977085,0.0,0.0,0.0,-0.0007151137688197196
105,-0.0018526554631534964,-0.00312609551474452,2.9999999999999997e-05,0.0012587923265527934,0.0013872007111785933,0.02167900651693344,0.00019932512441300787,0.0,0.000746532779885456,0.0,-0.0003790224609474535,0.002092378679662943,0.002168243983760476,0.0,0.00010081031359732151,0.0,0.0,0.0,-0.0007180649554356933
106,-0.0007624194222444203,-0.0031218903604894876,2.9999999999999997e-05,0.0011358421033946797,0.0012500723241828382,0.021603760309517384,0.00020360235794214532,0.0008965805172920227,0.0007723378075752407,0.0,-0.0003477156951703364,0.002089528366923332,0.0021653783041983843,0.0,0.00010065414971904829,0.0,0.0,0.0,-0.0007209150935523212
107,-0.0011948994360864162,-0.003117182059213519,2.9999999999999997e-05,0.001261681471078191,0.0013867158413631842,0.021893765777349472,0.00020873888570349663,0.0006556883454322815,0.0008218339644372463,0.0,-0.0004022083230665885,0.0020863369572907686,0.0021621696650981903,0.0,0.00010047960677184165,0.0,0.0,0.0,-0.0007241066196002066
108,-0.002084132516756654,-0.0031120453495532274,2.9999999999999997e-05,0.0014134654920781031,0.0015495058323722333,0.02215587254613638,0.00020801333812414669,0.0,0.0007916661270428449,0.0,-0.00039392940379912034,0.0020828552078455687,0.0021586697548627853,0.0,0.0001002895223791711,0.0,0.0,0.0,-0.0007275884272530675
109,-0.002011781616602093,-0.0031087493989616632,2.9999999999999997e-05,0.001368504366837442,0.0014933216152712703,0.020627327263355255,0.00020663024406530894,0.0,0.0006845594034530222,0.0,-0.00037614993925672024,0.0020806214306503534,0.0021564238704741,0.0,0.00010016778105637059,0.0,0.0,0.0,-0.0007298223208636045
110,-0.0018648191471584141,-0.003106658114120364,2.9999999999999997e-05,0.0012702478124992922,0.001393065380398184,0.022863127291202545,0.00020374640735099092,0.0,0.0008821221417747438,0.0,-0.0003792012721532956,0.0020792039576917887,0.0021549989469349384,0.0,0.00010009064135374501,0.0,0.0,0.0,-0.0007312397938221693
111,0.0008962634310591966,-0.0031017570290714502,2.9999999999999997e-05,0.001264818332856521,0.001390794466715306,0.020714372396469116,0.00019975167379016057,0.0027565285563468933,0.0007451803830917925,0.0,-0.00041411269921809435,0.002075882162898779,0.002151659457013011,0.0,9.991014667320997e-05,0.0,0.0,0.0,-0.0007345615304075181
112,-0.00028299924451857805,-0.0030967292841523886,2.9999999999999997e-05,0.0014290606486611068,0.0015503103495575488,0.021079033613204956,0.00019816115673165768,0.001822061836719513,0.0007418939494527876,0.0,-0.00039587758510606363,0.002072474919259548,0.0021482345182448626,0.0,9.9725388281513e-05,0.0,0.0,0.0,-0.000737968715839088
113,-0.0021388377936091274,-0.0030919727869331837,2.9999999999999997e-05,0.0014522512501571327,0.0015748486475786194,0.021596786566078663,0.0002015288882830646,0.0,0.0007336416747421026,0.0,-0.00041785628854995593,0.0020692513789981604,0.0021449937485158443,0.0,9.955091081792489e-05,0.0,0.0,0.0,-0.0007411922561004758
114,-0.0020765020162798464,-0.003088930854573846,2.9999999999999997e-05,0.001412337995134294,0.0015289754519471899,0.021985466592013836,0.0002004993802984245,0.0,0.0007406985096167773,0.0,-0.0004375650387373753,0.0020671901293098927,0.0021429213229566813,0.0,9.943953773472458e-05,0.0,0.0,0.0,-0.0007432535639964044
115,-0.002074579562759027,-0.003087017685174942,2.9999999999999997e-05,0.001406848314218223,0.0015382184355985373,0.020769987255334854,0.0002026171969191637,0.0,0.0006937294383533299,0.0,-0.00042313665835536085,0.0020658934954553843,0.0021416177041828632,0.0,9.936952847056091e-05,0.0,0.0,0.0,-0.0007445503142662346
116,-0.001964798488188535,-0.003085845848545432,2.9999999999999997e-05,0.0013363851758185774,0.0014578099799109623,0.020446287468075752,0.0002008464689424727,0.0,0.0006850302452221513,0.0,-0.0004229774640407413,0.002065099310129881,0.0021408195607364178,0.0,9.932668035617098e-05,0.0,0.0,0.0,-0.0007453444413840771
117,-0.00070613525895169,-0.0030843429267406464,2.9999999999999997e-05,0.0014706648798892274,0.0016113937017507851,0.022609823383390903,0.00020586070240824483,0.0014672130346298218,0.0008313697471749038,0.0,-0.0004475769092096016,0.002064080908894539,0.0021397953387349844,0.0,9.927176142809913e-05,0.0,0.0,0.0,-0.00074636290082708
118,-0.0019305755849927664,-0.0030814488418400288,2.9999999999999997e-05,0.0013103864184813574,0.0014414340985240415,0.020824500359594822,0.00020091429541935213,0.0,0.0007069527346175164,0.0,-0.0004588632691593375,0.0020621197763830423,0.0021378241945058107,0.0,9.916609997162595e-05,0.0,0.0,0.0,-0.0007483238587155938
119,0.007258205652760807,-0.0030757335480302572,2.9999999999999997e-05,0.0013372141002037097,0.0014594195163226686,0.020260391756892204,0.00020104361465200782,0.0092245414853096,0.0006651650473941118,0.0,-0.0003370265585544985,0.0020582471042871475,0.0021339310333132744,0.0,9.895808034343645e-05,0.0,0.0,0.0,-0.0007521965890191495
120,0.0031798615091247484,-0.0030682324431836605,2.9999999999999997e-05,0.001305755962675903,0.0014451054958044551,0.02203612495213747,0.00020152467186562717,0.005107328295707703,0.00079533745883964,0.0,-0.0003713177629833808,0.0020531644113361835,0.00212882156483829,0.0,9.868590132100508e-05,0.0,0.0,0.0,-0.0007572791073471308
121,-0.0020082242699572816,-0.0030633669812232256,2.9999999999999997e-05,0.0013643501297337934,0.0014877681678626686,0.02110893651843071,0.00019988007261417806,0.0,0.0006998358003329486,0.0,-0.0004214058499201201,0.002049867995083332,0.0021255076862871647,0.0,9.850971400737762e-05,0.0,0.0,0.0,-0.0007605758728459477
122,-0.0009482875757385045,-0.003058713860809803,2.9999999999999997e-05,0.0013272356009110808,0.0014526628365274519,0.019895022734999657,0.0001988176882150583,0.001005806028842926,0.0006456615228671581,0.0,-0.00039735737300361507,0.002046715235337615,0.0021223388612270355,0.0,9.834147931542248e-05,0.0,0.0,0.0,-0.0007637281087227166
123,-0.001987814932363108,-0.0030544945038855076,2.9999999999999997e-05,0.001347641838947311,0.0014824110985500738,0.023582438938319683,0.0002018795275944285,0.0,0.0009267212881240994,0.0,-0.0004002253190265037,0.002043856540694833,0.002119465032592416,0.0,9.818919352255762e-05,0.0,0.0,0.0,-0.0007665870944038033
124,0.00012857390720455442,-0.003049848135560751,2.9999999999999997e-05,0.0013402507720456924,0.0014472111251961906,0.02303723618388176,0.0001998301850107964,0.002092428505420685,0.0008675537828821689,0.0,-0.00045355378642852884,0.0020407086703926325,0.0021163003984838724,0.0,9.802181011764333e-05,0.0,0.0,0.0,-0.0007697349064983428
125,-0.001917669316753745,-0.003045327728614211,2.9999999999999997e-05,0.001302863980527036,0.0014277334994403645,0.022466455586254597,0.00019796610285993665,0.0,0.0007836673175916076,0.0,-0.00040456247097608866,0.002037646248936653,0.0021132221445441246,0.0,9.785933798411861e-05,0.0,0.0,0.0,-0.000772797386161983
126,-0.0018677181942621246,-0.003042444586753845,2.9999999999999997e-05,0.0012676738406298682,0.0013946296530775726,0.022491062059998512,0.00019437569426372647,0.0,0.0008258430752903223,0.0,-0.0003968760001953342,0.002035693032667041,0.002111258916556835,0.0,9.775588114280254e-05,0.0,0.0,0.0,-0.0007747507188469172
127,-0.001916659573907964,-0.003040620358660817,2.9999999999999997e-05,0.0013047580141574144,0.0014314586878754199,0.022136623971164227,0.00020749726536450908,0.0,0.0007914701418485492,0.0,-0.0004181459589744918,0.002034457167610526,0.0021100167650729418,0.0,9.769048483576626e-05,0.0,0.0,0.0,-0.0007759864674881101
128,-0.0021333427357603796,-0.003035939298570156,2.9999999999999997e-05,0.0014733166171936318,0.0015969646483426914,0.020860794000327587,0.00019714697555173188,3.9808452129364014e-05,0.0007434868603013456,0.0,-0.00043823970190715045,0.002031286247074604,0.0021068290807306767,0.0,9.752299229148775e-05,0.0,0.0,0.0,-0.0007791573880240321
129,0.0013266138994367793,-0.003029320854693651,2.9999999999999997e-05,0.0012858044065069407,0.0014146917819743976,0.021516595035791397,0.00019550073920981959,0.003221936523914337,0.0007719886780250818,0.0,-0.00042964921522070654,0.002026802860200405,0.002102322643622756,0.0,9.728685836307704e-05,0.0,0.0,0.0,-0.0007836408913135529
130,-0.0018092325844918378,-0.0030250493437051773,2.9999999999999997e-05,0.0012324770650593564,0.001344803487882018,0.02112332358956337,0.00019114921815344132,0.0,0.0007164202106650919,0.0,-0.000394197798868845,0.002023909706622362,0.0020994143560528755,0.0,9.713487088447437e-05,0.0,0.0,0.0,-0.000786533928476274
131,0.007554938070825301,-0.0030209580436348915,2.9999999999999997e-05,0.0014628489880124107,0.0015838788822293282,0.02120883110910654,0.0002086776730720885,0.009705312550067902,0.0007524592510890216,0.0,-0.0005647115685860626,0.00202113832347095,0.0020966290030628443,0.0,9.698956273496151e-05,0.0,0.0,0.0,-0.0007893053698353469
132,0.002266104012960568,-0.003012657631188631,2.9999999999999997e-05,0.0012592738494277,0.0013777583662886173,0.0236041359603405,0.00019459946270217188,0.00411687046289444,0.0008694170974195004,0.0,-0.0004552420177788008,0.002015516394749284,0.002090977970510721,0.0,9.669560677139089e-05,0.0,0.0,0.0,-0.0007949271821416914
133,-0.00184685128624551,-0.003006608923897147,2.9999999999999997e-05,0.0012514660629676655,0.001385826850309968,0.022395792417228222,0.00019489775513648055,0.0,0.000793502462329343,0.0,-0.0003836307987512555,0.002011419739574194,0.002086860593408346,0.0,9.648207924328744e-05,0.0,0.0,0.0,-0.0007990237791091204
134,-0.0007636467344127595,-0.003000324359163642,2.9999999999999997e-05,0.0014482397818937898,0.001553448772028787,0.022261835634708405,0.000189181320820353,0.001366645097732544,0.0008168024942278862,0.0,-0.00045897877134848386,0.0020071635954082012,0.0020825823303312063,0.0,9.626091195968911e-05,0.0,0.0,0.0,-0.0008032802143134177
135,-0.0019055600132560357,-0.0029956423677504063,2.9999999999999997e-05,0.0012976896978216246,0.0014063507842365652,0.02211506851017475,0.00019044854343519546,0.0,0.0008082111016847193,0.0,-0.0004331277959863655,0.002003992907702923,0.002079395577311516,0.0,9.6096599008888e-05,0.0,0.0,0.0,-0.0008064506691880524
136,-0.0019657054799608886,-0.0029926374554634094,2.9999999999999997e-05,0.001334471395239234,0.0014584271993953735,0.022522837854921818,0.00019579298896132968,0.0,0.0008300887129735202,0.0,-0.0004839904577238485,0.002001957967877388,0.0020773503929376602,0.0,9.599130135029554e-05,0.0,0.0,0.0,-0.0008084858418442309
137,-0.0017790002166293561,-0.0029907620046287775,2.9999999999999997e-05,0.0012066655690432526,0.0013317544653546065,0.024246390908956528,0.00018689274293137714,0.0,0.0009628627449274063,0.0,-0.0004731613807962276,0.002000687876716256,0.002076073782518506,0.0,9.592567948857322e-05,0.0,0.0,0.0,-0.0008097556419670582
138,0.006915009143995121,-0.002988285617902875,2.9999999999999997e-05,0.0013630470493808389,0.0014832446759101003,0.02134388778358698,0.00020731761105707847,0.008915945887565613,0.0007374791894108057,0.0,-0.0004954430987709202,0.001999011030420661,0.0020743885543197393,0.0,9.583911014487967e-05,0.0,0.0,0.0,-0.0008114322554320097
139,0.002316524289199151,-0.0029816802125424147,2.9999999999999997e-05,0.0011173672828590497,0.0012366910523269325,0.023177916184067726,0.0001886727441160474,0.00395781546831131,0.0008529314945917577,0.0,-0.0004279794520698488,0.0019945381209254265,0.0020698928274214268,0.0,9.560865146340802e-05,0.0,0.0,0.0,-0.0008159054559655488
140,-0.0018947830612887628,-0.0029758992604911327,2.9999999999999997e-05,0.0012868653138866648,0.0014113316865405068,0.022215547040104866,0.00019533785962266847,0.0,0.0007911667635198683,0.0,-0.0004584134330798406,0.0019906237721443176,0.00206595822237432,0.0,9.540752944303676e-05,0.0,0.0,0.0,-0.0008198198629543185
141,-0.0011767103133024648,-0.0029709916561841965,2.9999999999999997e-05,0.0013655901129823178,0.0014702755433972925,0.02118425816297531,0.00019811096717603505,0.0008248910307884216,0.0007104929536581039,0.0,-0.000495821905133198,0.0019873010460287333,0.0020626187324523926,0.0,9.523734479444101e-05,0.0,0.0,0.0,-0.0008231426472775638
142,-0.0018919774884125218,-0.002964961575344205,2.9999999999999997e-05,0.0012863900046795607,0.0014113816141616553,0.0218068715184927,0.00020004946054541506,0.0,0.0007860266196075827,0.0,-0.0004727076302515343,0.001983218127861619,0.0020585155580192804,0.0,9.502874308964238e-05,0.0,0.0,0.0,-0.0008272253908216953
143,-0.0020080134891031776,-0.0029611061327159405,2.9999999999999997e-05,0.0013560762563429307,0.0014987218892201781,0.021763790398836136,0.00019469409380690195,0.0,0.0007675536617171019,0.0,-0.00044875527237309143,0.0019806078635156155,0.0020558922551572323,0.0,9.489554213359952e-05,0.0,0.0,0.0,-0.0008298360044136643
144,-0.0018051497172564268,-0.002958673518151045,2.9999999999999997e-05,0.0012260119983693585,0.0013453954452415928,0.02152080461382866,0.0001869759726105258,0.0,0.0007192989869508892,0.0,-0.000422482564317761,0.001978960819542408,0.002054237062111497,0.0,9.481154847890139e-05,0.0,0.0,0.0,-0.0008314828737638891
145,8.323707152158022e-05,-0.002956188516691327,2.9999999999999997e-05,0.0012412807409418747,0.0013675505688297562,0.01917092315852642,0.00019801140297204256,0.0019092261791229248,0.0006117189477663487,0.0,-0.0004754580731969327,0.0019772781524807215,0.002052546478807926,0.0,9.472580131841823e-05,0.0,0.0,0.0,-0.0008331654244102538
146,-0.0017735721630742773,-0.0029523009434342384,2.9999999999999997e-05,0.0012078684230800718,0.0013230894692242146,0.02200798410922289,0.00019152244203723967,0.0,0.0007974752224981785,0.0,-0.00045390016566670965,0.0019746460020542145,0.0020499015226960182,0.0,9.459177090320736e-05,0.0,0.0,0.0,-0.0008357975166290998
147,-0.002099813675158657,-0.0029498343355953693,2.9999999999999997e-05,0.0014234242407837883,0.0015430459898198023,0.02308710105717182,0.0001900887000374496,0.0,0.0008915845537558198,0.0,-0.000436150876339525,0.0019729759078472853,0.0020482235122472048,0.0,9.450686775380746e-05,0.0,0.0,0.0,-0.00083746766904369
148,-0.0019269319309387356,-0.002948298119008541,2.9999999999999997e-05,0.0013044565275777131,0.0014360446075443178,0.022424905560910702,0.0001909328275360167,0.0,0.0008048606396187097,0.0,-0.0004498587877606042,0.0019719358533620834,0.002047178102657199,0.0,9.445402974961326e-05,0.0,0.0,0.0,-0.0008385080727748573
149,-0.0018711091834120452,-0.002947375876829028,2.9999999999999997e-05,0.0012692244636127725,0.0013982395612401888,0.021913074888288975,0.00019431369946687482,0.0,0.000782010902184993,0.0,-0.00048446072833030485,0.0019713114015758038,0.002046551089733839,0.0,9.44223502301611e-05,0.0,0.0,0.0,-0.0008391321753151715
150,-0.0019799942601821385,-0.0029468710999935865,2.9999999999999997e-05,0.0013446998127619736,0.0014632247475674376,0.021609149873256683,0.0001924827301991172,0.0,0.0007651256455574185,0.0,-0.0003631333620432997,0.00197096960619092,0.0020462078973650932,0.0,9.44050116231665e-05,0.0,0.0,0.0,-0.0008394741453230381
151,-0.0020451679301913828,-0.0029466196428984404,2.9999999999999997e-05,0.001386535783240106,0.0015072491223691031,0.022481086663901806,0.00018981431639986113,0.0,0.000853376230224967,0.0,-0.00047753141552675515,0.001970799406990409,0.0020460369996726513,0.0,9.439638233743608e-05,0.0,0.0,0.0,-0.0008396442863158882
152,-0.0020462519314605743,-0.002946546534076333,2.9999999999999997e-05,0.00139248812047299,0.0014994618977652863,0.02022370044142008,0.00019179882292519324,0.0,0.0006773397326469421,0.0,-0.0005396276210376527,0.0019707498140633106,0.002045987406745553,0.0,9.439386485610157e-05,0.0,0.0,0.0,-0.0008396936464123428
153,-0.001994175709114643,-0.0029466175474226475,2.9999999999999997e-05,0.00134949735365808,0.0014817546907579526,0.02274885307997465,0.00019223116396460682,0.0,0.0008342124638147652,0.0,-0.0004663286017603241,0.001970798010006547,0.0020460353698581457,0.0,9.439629502594471e-05,0.0,0.0,0.0,-0.0008396455668844283
154,-0.0018659566703718156,-0.002946764463558793,2.9999999999999997e-05,0.0012669872376136482,0.001388510427204892,0.020624203607439995,0.00019043057909584604,0.0,0.0007048423576634377,0.0,-0.00043426155752968043,0.001970897428691387,0.002046135487034917,0.0,9.44013154366985e-05,0.0,0.0,0.0,-0.0008395462646149099
155,-0.0015292434254661202,-0.002946972381323576,2.9999999999999997e-05,0.0010433111165184528,0.00116355562931858,0.021360858343541622,0.00019154813708155416,0.0,0.0007137788634281605,0.0,-0.0003688344331749249,0.001971038058400154,0.002046277280896902,0.0,9.440846042707562e-05,0.0,0.0,0.0,-0.0008394054020754993
156,-0.0017485688586020842,-0.0029471737798303366,2.9999999999999997e-05,0.0011884919222211465,0.0013118820206727833,0.020800788886845112,0.00019158872601110488,0.0,0.000697452574968338,0.0,-0.0004472758882911876,0.0019711742643266916,0.002046413952484727,0.0,9.441534348297864e-05,0.0,0.0,0.0,-0.0008392693125642836
157,-0.0019407726067584008,-0.002947412896901369,2.9999999999999997e-05,0.0013182554248487577,0.0014353024889715016,0.021281271241605282,0.00019012396660400555,0.0,0.0007213285134639591,0.0,-0.0004344659282651264,0.0019713363144546747,0.002046576701104641,0.0,9.442355076316744e-05,0.0,0.0,0.0,-0.0008391074370592833
158,-0.0018039312271866947,-0.002947658533230424,2.9999999999999997e-05,0.0012324734852882102,0.0013385645870584995,0.021914822049438953,0.00019548840646166354,0.0,0.0008032911864574999,0.0,-0.0004549733566818759,0.0019715023227036,0.0020467443391680717,0.0,9.443197632208467e-05,0.0,0.0,0.0,-0.0008389410213567317
159,-0.0007204223948065192,-0.002946855267509818,2.9999999999999997e-05,0.001326975238043815,0.0014546880847774446,0.022120666690170765,0.00019505586169543676,0.0012362897396087646,0.0007921786163933575,0.0,-0.0005428156582638621,0.001970958663150668,0.0020461976528167725,0.0,9.440438589081168e-05,0.0,0.0,0.0,-0.0008394849137403071
160,-0.0019607764115789905,-0.002943866653367877,2.9999999999999997e-05,0.0013289034541230649,0.0014600704234908335,0.021366030909121037,0.00019616685676737688,0.0,0.0007886148814577609,0.0,-0.00047471807192778215,0.0019689355976879597,0.0020441641099750996,0.0,9.430193313164636e-05,0.0,0.0,0.0,-0.0008415078045800328
161,-0.0018814946379279718,-0.0029419981874525547,2.9999999999999997e-05,0.0012772168702213094,0.0013956191105535254,0.02167483512312174,0.00018690817887545563,0.0,0.0007772518147248775,0.0,-0.0004493427804845851,0.001967670861631632,0.0020428928546607494,0.0,9.423798474017531e-05,0.0,0.0,0.0,-0.0008427725988440216
162,-0.0021099780860822648,-0.0029408533591777086,2.9999999999999997e-05,0.0014334752631839365,0.0015419276169268414,0.021128986030817032,0.0001887748803710565,0.0,0.000737229420337826,0.0,-0.000458776217783452,0.0019668960012495518,0.0020421133376657963,0.0,9.419883281225339e-05,0.0,0.0,0.0,-0.0008435476920567453
163,-0.001619338960153982,-0.002938800025731325,2.9999999999999997e-05,0.0012883227464044467,0.0014063248818274587,0.02108840085566044,0.00019316471116326284,0.00027549266815185547,0.0007118128996808082,0.0,-0.0004927638765366282,0.001965506235137582,0.0020407161209732294,0.0,9.412860526936129e-05,0.0,0.0,0.0,-0.0008449374581687152
164,-0.0020245727064320818,-0.0029364179354161024,2.9999999999999997e-05,0.0013750401412835345,0.0014911341859260574,0.021525373682379723,0.00019191936735296622,0.0,0.0007490399584639817,0.0,-0.0004706854379037395,0.0019638938829302788,0.002039095154032111,0.0,9.404718730365857e-05,0.0,0.0,0.0,-0.0008465499267913401
165,0.004960533828125335,-0.0029335725121200085,2.9999999999999997e-05,0.0013332445523701608,0.001449703297112137,0.021537475287914276,0.00020644361939048395,0.00691533088684082,0.0007724481693003327,0.0,-0.0005038381314079743,0.001961967907845974,0.0020371591672301292,0.0,9.395010420121253e-05,0.0,0.0,0.0,-0.0008484757272526622
166,-0.0018514342373237014,-0.0029284709598869085,2.9999999999999997e-05,0.001255329087143764,0.0013835994468536228,0.022167821414768696,0.00019123435413348489,0.0,0.0007742435554973781,0.0,-0.0005126814758114051,0.001958515029400587,0.0020336881279945374,0.0,9.377637616125867e-05,0.0,0.0,0.0,-0.0008519285474903882
167,-0.0012820033880416304,-0.002922995714470744,2.9999999999999997e-05,0.0012156797747593373,0.0013347000494832173,0.02137442585080862,0.00019446658188826405,0.0005037188529968262,0.0007433340651914477,0.0,-0.00043045337952207774,0.0019548095297068357,0.00202996376901865,0.0,9.359146497445181e-05,0.0,0.0,0.0,-0.0008556343382224441
168,-0.0015776866785017774,-0.0029188860207796097,2.9999999999999997e-05,0.0010708453046390787,0.0012002475705230609,0.022397710010409355,0.00018639790505403653,0.0,0.0008359747298527509,0.0,-0.0004272994715392997,0.0019520282512530684,0.0020271686371415854,0.0,9.345306898467243e-05,0.0,0.0,0.0,-0.0008584153838455677
169,-0.0019940918646170758,-0.0029162683058530092,2.9999999999999997e-05,0.001348064572084695,0.0014848746650386602,0.021171345375478268,0.00019267110110376962,0.0,0.0007447892858181149,0.0,-0.0005306195307639427,0.0019502568757161498,0.0020253879483789206,0.0,9.336499351775274e-05,0.0,0.0,0.0,-0.0008601868175901473
170,0.00322826745104976,-0.0029132661875337362,2.9999999999999997e-05,0.0014498229284072295,0.0015709067229181528,0.021183530800044537,0.00020116945597692393,0.00536288321018219,0.0007593012414872646,0.0,-0.0005103295516164508,0.0019482249626889825,0.0020233462564647198,0.0,9.32639668462798e-05,0.0,0.0,0.0,-0.0008622187888249755
171,8.075605728663504e-05,-0.002904711989685893,2.9999999999999997e-05,0.0013683154247701168,0.001477074038120918,0.022544406354427338,0.000189049489563331,0.002093002200126648,0.0008151409565471113,0.0,-0.0004406986899994081,0.0019424359779804945,0.002017528750002384,0.0,9.297681390307844e-05,0.0,0.0,0.0,-0.0008680076571181417
172,-0.0018400701228529215,-0.0028982849325984716,2.9999999999999997e-05,0.0012438064441084862,0.0013840695610269904,0.022176030091941357,0.0001913786727527622,0.0,0.000817651191027835,0.0,-0.0004695179086411372,0.001938086817972362,0.0020131580531597137,0.0,9.276188211515546e-05,0.0,0.0,0.0,-0.0008723567007109523
173,0.001871440836112015,-0.002893016906455159,2.9999999999999997e-05,0.0013136563648004085,0.0014341200003400445,0.02289445698261261,0.0001999050255108159,0.0038021206855773926,0.0008403290994465351,0.0,-0.0004892319702776149,0.0019345220644026995,0.002009575953707099,0.0,9.25861531868577e-05,0.0,0.0,0.0,-0.0008759215706959367
174,-0.0019838167791021988,-0.002886940026655793,2.9999999999999997e-05,0.001348255613265792,0.0014599720234400593,0.02087673358619213,0.0001887100370367989,0.0,0.0006980472535360605,0.0,-0.0004951843220624141,0.0019304098095744848,0.002005444373935461,0.0,9.238402708433568e-05,0.0,0.0,0.0,-0.0008800335926935077
175,-0.0018419483385514468,-0.002883068984374404,2.9999999999999997e-05,0.0012476772972149774,0.001372990373056382,0.022247946821153164,0.0001842800556914881,0.0,0.000841098721139133,0.0,-0.0004623427157639526,0.0019277905812487006,0.0020028124563395977,0.0,9.225564281223342e-05,0.0,0.0,0.0,-0.0008826530538499355
176,-0.001928095705807209,-0.002880608895793557,2.9999999999999997e-05,0.0013088338600937277,0.0014286081423051655,0.021225648932158947,0.0001899429080367554,0.0,0.0007078159251250327,0.0,-0.0005082231054984732,0.0019261263078078628,0.0020011398009955883,0.0,9.217418846674263e-05,0.0,0.0,0.0,-0.0008843175019137561
177,-0.0018029619823209941,-0.002879096195101738,2.9999999999999997e-05,0.0012225794052938,0.001345254189800471,0.021945685148239136,0.00018433795048622414,0.0,0.0007559018267784268,0.0,-0.00045253679127199575,0.0019251025514677167,0.002000111388042569,0.0,9.212412987835705e-05,0.0,0.0,0.0,-0.0008853412582539022
178,0.0030492034056806006,-0.0028771148063242435,2.9999999999999997e-05,0.00132530159316957,0.0014631344674853608,0.022052953019738197,0.0001978580839931965,0.005007065832614899,0.0007756739505566657,0.0,-0.0005117010878166184,0.0019237619126215577,0.0019987644627690315,0.0,9.205863898387179e-05,0.0,0.0,0.0,-0.0008866818388924003
179,-0.0018950333469547331,-0.0028733049985021353,2.9999999999999997e-05,0.0012874538952019066,0.0013963215897092596,0.021032867953181267,0.00018101450041285716,0.0,0.000740516057703644,0.0,-0.00047842853382462636,0.001921184128150344,0.001996174454689026,0.0,9.19328595045954e-05,0.0,0.0,0.0,-0.0008892596233636141
180,-0.001733064913423732,-0.002870891010388732,2.9999999999999997e-05,0.001174542645458132,0.0012995119905099273,0.02264961414039135,0.00018230029672849923,0.0,0.0008363412343896925,0.0,-0.00048611230886308476,0.0019195509376004338,0.0019945332314819098,0.0,9.18532969080843e-05,0.0,0.0,0.0,-0.0008908928139135242
181,0.00404799674060996,-0.002868226496502757,2.9999999999999997e-05,0.0012249896681169048,0.0013393544577411376,0.022080404683947563,0.00019516464453772642,0.005845002830028534,0.000786305230576545,0.0,-0.0005506517845788039,0.0019177482463419437,0.0019927218090742826,0.0,9.176554885925725e-05,0.0,0.0,0.0,-0.0008926954469643533
182,-0.001799987250706181,-0.0028637112118303776,2.9999999999999997e-05,0.0012243376258993521,0.0013412066909950227,0.022286548279225826,0.00018974466001964174,0.0,0.0008136185351759195,0.0,-0.0005214605444052722,0.0019146933918818831,0.0019896524026989937,0.0,9.161703928839415e-05,0.0,0.0,0.0,-0.0008957503596320748
183,-0.0019635226053651422,-0.0028608518186956644,2.9999999999999997e-05,0.0013278605038067326,0.0014536711969412863,0.021729877218604088,0.00018219293997390196,0.0,0.0007701777794864029,0.0,-0.0004674579977290705,0.001912758918479085,0.001987708965316415,0.0,9.15231867111288e-05,0.0,0.0,0.0,-0.0008976846002042294
184,-0.001784985390258953,-0.0028590778820216656,2.9999999999999997e-05,0.0012129572714911774,0.00132635491900146,0.02277644444257021,0.00018212669965578243,0.0,0.0008598642889410257,0.0,-0.0004455968794445653,0.001911558909341693,0.0019865031354129314,0.0,9.146503725787625e-05,0.0,0.0,0.0,-0.0008988847839646041
185,-0.001879150077002123,-0.0028579907957464457,2.9999999999999997e-05,0.0012763974955305457,0.0013884410582249984,0.02138557843863964,0.00018278763673151843,0.0,0.0007415953441523015,0.0,-0.000492626080813352,0.0019108233973383904,0.0019857643637806177,0.0,9.142942144535482e-05,0.0,0.0,0.0,-0.0008996202377602458
186,-0.0018910914077423513,-0.0028573882300406694,2.9999999999999997e-05,0.0012819175026379526,0.001407866831868887,0.02204542886465788,0.00018936612104880624,0.0,0.0007643701683264226,0.0,-0.00046576203749282286,0.0019104157108813524,0.001985354581847787,0.0,9.140967449638993e-05,0.0,0.0,0.0,-0.0009000280406326056
187,-0.0017934062925633043,-0.0028570950962603092,2.9999999999999997e-05,0.0012141949555370957,0.0013387160724960268,0.022894171997904778,0.00018012836517300457,0.0,0.0008246567449532449,0.0,-0.0004092041272087954,0.0019102173391729593,0.001985155511647463,0.0,9.140007750829682e-05,0.0,0.0,0.0,-0.0009002262377180159
188,-0.0017427665152354166,-0.002856991020962596,2.9999999999999997e-05,0.0011856807977892458,0.001295242902415339,0.021500615403056145,0.0001809143795981072,0.0,0.0007852990238461643,0.0,-0.00042681567174440715,0.0019101470243185759,0.0019850849639624357,0.0,9.139667236013338e-05,0.0,0.0,0.0,-0.0009002966107800603
189,-0.0018546419742051512,-0.002857035491615534,2.9999999999999997e-05,0.0012565570941660553,0.0013751802616752684,0.023423414677381516,0.0001788311819836963,0.0,0.0008968421316239983,0.0,-0.00044929020577910705,0.0019101768266409636,0.0019851152319461107,0.0,9.139809844782576e-05,0.0,0.0,0.0,-0.0009002669248729944
190,-0.0019336482509970665,-0.0028571474831551313,2.9999999999999997e-05,0.0013122887175995857,0.0014316272281575948,0.02173485979437828,0.00018875094610848464,0.0,0.0007860311307013035,0.0,-0.00044723011524183676,0.0019102527294307947,0.0019851913675665855,0.0,9.140176553046331e-05,0.0,0.0,0.0,-0.0009001909638755023
191,-0.001838133015553467,-0.0028573041781783104,2.9999999999999997e-05,0.001251336929271929,0.0013628163142129779,0.0208207992836833,0.00018907876801677048,0.0,0.0007277203840203583,0.0,-0.0004932955744152423,0.0019103585509583354,0.0019852982368320227,0.0,9.140688052866608e-05,0.0,0.0,0.0,-0.0009000850259326398
192,-0.0016994244797388092,-0.0028575321193784475,2.9999999999999997e-05,0.0011556752942851745,0.0012690101139014587,0.02306583896279335,0.00018134692072635517,0.0,0.0008239075541496277,0.0,-0.00048717433674028143,0.001910512801259756,0.001985453302040696,0.0,9.1414331109263e-05,0.0,0.0,0.0,-0.0008999308338388801
193,-0.0020457570790313184,-0.002857794752344489,2.9999999999999997e-05,0.0013847479567630216,0.0015050875226734206,0.02133035473525524,0.0001829194588935934,0.0,0.0007492783479392529,0.0,-0.0004741889497381635,0.0019106903346255422,0.0019856318831443787,0.0,9.142290946329013e-05,0.0,0.0,0.0,-0.0008997532422654331
194,-0.0018909906066255644,-0.002858076011762023,2.9999999999999997e-05,0.0012844753946410492,0.0013954265741631389,0.02271384373307228,0.00018222226935904473,0.0,0.0008703810162842274,0.0,-0.00044914592581335455,0.0019108805572614074,0.0019858230371028185,0.0,9.143210627371445e-05,0.0,0.0,0.0,-0.0008995630196295679
195,-0.001955649131559767,-0.002858357736840844,2.9999999999999997e-05,0.001324172568274662,0.0014531540655298159,0.022542658261954784,0.00019003651323146187,0.0,0.0008217875729314983,0.0,-0.00042114569441764615,0.001911071129143238,0.0019860146567225456,0.0,9.144131763605401e-05,0.0,0.0,0.0,-0.0008993726223707199
196,-0.001806586209568195,-0.0028586480766534805,2.9999999999999997e-05,0.0012267842976143584,0.00134646610240452,0.021276631392538548,0.0001867058417701628,0.0,0.0007818749290890992,0.0,-0.000509454801431275,0.0019112674053758383,0.001986212097108364,0.0,9.145082003669813e-05,0.0,0.0,0.0,-0.000899176171515137
197,-0.0019405435814405791,-0.002858943771570921,2.9999999999999997e-05,0.0013158821093384176,0.0014318467328848783,0.022487306036055088,0.00018235995958093554,0.0,0.0008201805467251688,0.0,-0.0005675483334925957,0.0019114672904834151,0.001986413262784481,0.0,9.146048978436738e-05,0.0,0.0,0.0,-0.000898976344615221
198,-0.0018329377489862964,-0.0028592837043106556,2.9999999999999997e-05,0.0012455668475013226,0.0013561701925937086,0.021729220636188984,0.0001812724076444283,0.0,0.0007798005535732955,0.0,-0.0004512573796091601,0.001911697443574667,0.0019866444636136293,0.0,9.147161472355947e-05,0.0,0.0,0.0,-0.0008987462497316301
199,-0.0017658373981248587,-0.0028596017509698868,2.9999999999999997e-05,0.0012013382074655965,0.0013097561022732407,0.021702716127038002,0.0001805972096917685,0.0,0.0008024858543649316,0.0,-0.00044372188494889997,0.0019119124626740813,0.00198686053045094,0.0,9.148202661890537e-05,0.0,0.0,0.0,-0.0008985309395939112
200,-0.001838758384110406,-0.002859923057258129,2.9999999999999997e-05,0.0012472248636186123,0.0013678481336683035,0.022760426625609398,0.00018461312356521375,0.0,0.000839921529404819,0.0,-0.00044750169217877556,0.0019121298100799322,0.001987079158425331,0.0,9.149254037765786e-05,0.0,0.0,0.0,-0.0008983138250187039
