decision_idx,eval_idx,train_end_idx,decision_date,eval_date,is_update_step,update_attempted,update_applied,gate_mode,gate_passed,gate_reason,gate_val_improvement,gate_relative_improvement
252,252,251,2021-07-19,2021-07-19,1,1,1,cadence,1,bootstrap_accept,2.8384383767843246e-06,0.0019595086829065334
253,253,252,2021-07-20,2021-07-20,0,0,0,cadence,1,not_update_step,,
254,254,253,2021-07-21,2021-07-21,0,0,0,cadence,1,not_update_step,,
255,255,254,2021-07-22,2021-07-22,0,0,0,cadence,1,not_update_step,,
256,256,255,2021-07-23,2021-07-23,0,0,0,cadence,1,not_update_step,,
257,257,256,2021-07-26,2021-07-26,1,1,1,cadence,1,cadence_accept,6.111571565270424e-06,0.00201945303522095
258,258,257,2021-07-27,2021-07-27,0,0,0,cadence,1,not_update_step,,
259,259,258,2021-07-28,2021-07-28,0,0,0,cadence,1,not_update_step,,
260,260,259,2021-07-29,2021-07-29,0,0,0,cadence,1,not_update_step,,
261,261,260,2021-07-30,2021-07-30,0,0,0,cadence,1,not_update_step,,
262,262,261,2021-08-02,2021-08-02,1,1,1,cadence,1,cadence_accept,4.245201125741005e-06,0.00198342551080101
263,263,262,2021-08-03,2021-08-03,0,0,0,cadence,1,not_update_step,,
264,264,263,2021-08-04,2021-08-04,0,0,0,cadence,1,not_update_step,,
265,265,264,2021-08-05,2021-08-05,0,0,0,cadence,1,not_update_step,,
266,266,265,2021-08-06,2021-08-06,0,0,0,cadence,1,not_update_step,,
267,267,266,2021-08-09,2021-08-09,1,1,1,cadence,1,cadence_accept,6.054295226931572e-06,0.002765011160650133
268,268,267,2021-08-10,2021-08-10,0,0,0,cadence,1,not_update_step,,
269,269,268,2021-08-11,2021-08-11,0,0,0,cadence,1,not_update_step,,
270,270,269,2021-08-12,2021-08-12,0,0,0,cadence,1,not_update_step,,
271,271,270,2021-08-13,2021-08-13,0,0,0,cadence,1,not_update_step,,
272,272,271,2021-08-16,2021-08-16,1,1,1,cadence,1,cadence_accept,6.431713700294495e-06,0.0028273394624960613
273,273,272,2021-08-17,2021-08-17,0,0,0,cadence,1,not_update_step,,
274,274,273,2021-08-18,2021-08-18,0,0,0,cadence,1,not_update_step,,
275,275,274,2021-08-19,2021-08-19,0,0,0,cadence,1,not_update_step,,
276,276,275,2021-08-20,2021-08-20,0,0,0,cadence,1,not_update_step,,
277,277,276,2021-08-23,2021-08-23,1,1,1,cadence,1,cadence_accept,5.0497474148869514e-06,0.0030568033923521537
278,278,277,2021-08-24,2021-08-24,0,0,0,cadence,1,not_update_step,,
279,279,278,2021-08-25,2021-08-25,0,0,0,cadence,1,not_update_step,,
280,280,279,2021-08-26,2021-08-26,0,0,0,cadence,1,not_update_step,,
281,281,280,2021-08-27,2021-08-27,0,0,0,cadence,1,not_update_step,,
282,282,281,2021-08-30,2021-08-30,1,1,1,cadence,1,cadence_accept,6.659189239144325e-06,0.0030190987193909266
283,283,282,2021-08-31,2021-08-31,0,0,0,cadence,1,not_update_step,,
284,284,283,2021-09-01,2021-09-01,0,0,0,cadence,1,not_update_step,,
285,285,284,2021-09-02,2021-09-02,0,0,0,cadence,1,not_update_step,,
286,286,285,2021-09-03,2021-09-03,0,0,0,cadence,1,not_update_step,,
287,287,286,2021-09-07,2021-09-07,1,1,1,cadence,1,cadence_accept,1.2025237083435059e-05,0.0044889121298336025
288,288,287,2021-09-08,2021-09-08,0,0,0,cadence,1,not_update_step,,
289,289,288,2021-09-09,2021-09-09,0,0,0,cadence,1,not_update_step,,
290,290,289,2021-09-10,2021-09-10,0,0,0,cadence,1,not_update_step,,
291,291,290,2021-09-13,2021-09-13,1,1,1,cadence,1,cadence_accept,7.898546755313873e-06,0.005060198368348047
292,292,291,2021-09-14,2021-09-14,0,0,0,cadence,1,not_update_step,,
293,293,292,2021-09-15,2021-09-15,0,0,0,cadence,1,not_update_step,,
294,294,293,2021-09-16,2021-09-16,0,0,0,cadence,1,not_update_step,,
295,295,294,2021-09-17,2021-09-17,0,0,0,cadence,1,not_update_step,,
296,296,295,2021-09-20,2021-09-20,1,1,1,cadence,1,cadence_accept,1.4219898730516434e-05,0.007223937566293759
297,297,296,2021-09-21,2021-09-21,0,0,0,cadence,1,not_update_step,,
298,298,297,2021-09-22,2021-09-22,0,0,0,cadence,1,not_update_step,,
299,299,298,2021-09-23,2021-09-23,0,0,0,cadence,1,not_update_step,,
300,300,299,2021-09-24,2021-09-24,0,0,0,cadence,1,not_update_step,,
301,301,300,2021-09-27,2021-09-27,1,1,1,cadence,1,cadence_accept,1.7034821212291718e-05,0.008150782566588861
302,302,301,2021-09-28,2021-09-28,0,0,0,cadence,1,not_update_step,,
303,303,302,2021-09-29,2021-09-29,0,0,0,cadence,1,not_update_step,,
304,304,303,2021-09-30,2021-09-30,0,0,0,cadence,1,not_update_step,,
305,305,304,2021-10-01,2021-10-01,0,0,0,cadence,1,not_update_step,,
306,306,305,2021-10-04,2021-10-04,1,1,1,cadence,1,cadence_accept,1.2015574611723423e-05,0.010672601475520845
307,307,306,2021-10-05,2021-10-05,0,0,0,cadence,1,not_update_step,,
308,308,307,2021-10-06,2021-10-06,0,0,0,cadence,1,not_update_step,,
309,309,308,2021-10-07,2021-10-07,0,0,0,cadence,1,not_update_step,,
310,310,309,2021-10-08,2021-10-08,0,0,0,cadence,1,not_update_step,,
311,311,310,2021-10-11,2021-10-11,1,1,1,cadence,1,cadence_accept,1.1679483577609062e-05,0.011550821484714405
312,312,311,2021-10-12,2021-10-12,0,0,0,cadence,1,not_update_step,,
313,313,312,2021-10-13,2021-10-13,0,0,0,cadence,1,not_update_step,,
314,314,313,2021-10-14,2021-10-14,0,0,0,cadence,1,not_update_step,,
315,315,314,2021-10-15,2021-10-15,0,0,0,cadence,1,not_update_step,,
316,316,315,2021-10-18,2021-10-18,1,1,1,cadence,1,cadence_accept,3.671098966151476e-06,0.006116901682937194
317,317,316,2021-10-19,2021-10-19,0,0,0,cadence,1,not_update_step,,
318,318,317,2021-10-20,2021-10-20,0,0,0,cadence,1,not_update_step,,
319,319,318,2021-10-21,2021-10-21,0,0,0,cadence,1,not_update_step,,
320,320,319,2021-10-22,2021-10-22,0,0,0,cadence,1,not_update_step,,
321,321,320,2021-10-25,2021-10-25,1,1,1,cadence,1,cadence_accept,7.283291779458523e-06,0.007168928212793675
322,322,321,2021-10-26,2021-10-26,0,0,0,cadence,1,not_update_step,,
323,323,322,2021-10-27,2021-10-27,0,0,0,cadence,1,not_update_step,,
324,324,323,2021-10-28,2021-10-28,0,0,0,cadence,1,not_update_step,,
325,325,324,2021-10-29,2021-10-29,0,0,0,cadence,1,not_update_step,,
326,326,325,2021-11-01,2021-11-01,1,1,1,cadence,1,cadence_accept,9.741866961121559e-06,0.005824014294521332
327,327,326,2021-11-02,2021-11-02,0,0,0,cadence,1,not_update_step,,
328,328,327,2021-11-03,2021-11-03,0,0,0,cadence,1,not_update_step,,
329,329,328,2021-11-04,2021-11-04,0,0,0,cadence,1,not_update_step,,
330,330,329,2021-11-05,2021-11-05,0,0,0,cadence,1,not_update_step,,
331,331,330,2021-11-08,2021-11-08,1,1,1,cadence,1,cadence_accept,6.127404049038887e-06,0.004117102359408813
332,332,331,2021-11-09,2021-11-09,0,0,0,cadence,1,not_update_step,,
333,333,332,2021-11-10,2021-11-10,0,0,0,cadence,1,not_update_step,,
334,334,333,2021-11-11,2021-11-11,0,0,0,cadence,1,not_update_step,,
335,335,334,2021-11-12,2021-11-12,0,0,0,cadence,1,not_update_step,,
336,336,335,2021-11-15,2021-11-15,1,1,1,cadence,1,cadence_accept,2.7054338715970516e-06,0.0030849515538023966
337,337,336,2021-11-16,2021-11-16,0,0,0,cadence,1,not_update_step,,
338,338,337,2021-11-17,2021-11-17,0,0,0,cadence,1,not_update_step,,
339,339,338,2021-11-18,2021-11-18,0,0,0,cadence,1,not_update_step,,
340,340,339,2021-11-19,2021-11-19,0,0,0,cadence,1,not_update_step,,
341,341,340,2021-11-22,2021-11-22,1,1,1,cadence,1,cadence_accept,-3.3993273973464966e-07,-0.0003286153765411403
342,342,341,2021-11-23,2021-11-23,0,0,0,cadence,1,not_update_step,,
343,343,342,2021-11-24,2021-11-24,0,0,0,cadence,1,not_update_step,,
344,344,343,2021-11-26,2021-11-26,0,0,0,cadence,1,not_update_step,,
345,345,344,2021-11-29,2021-11-29,1,1,1,cadence,1,cadence_accept,-8.40783104649745e-06,-0.1798643853882226
346,346,345,2021-11-30,2021-11-30,0,0,0,cadence,1,not_update_step,,
347,347,346,2021-12-01,2021-12-01,0,0,0,cadence,1,not_update_step,,
348,348,347,2021-12-02,2021-12-02,0,0,0,cadence,1,not_update_step,,
349,349,348,2021-12-03,2021-12-03,0,0,0,cadence,1,not_update_step,,
350,350,349,2021-12-06,2021-12-06,1,1,1,cadence,1,cadence_accept,-1.782923936843872e-05,-0.019343387995805712
351,351,350,2021-12-07,2021-12-07,0,0,0,cadence,1,not_update_step,,
352,352,351,2021-12-08,2021-12-08,0,0,0,cadence,1,not_update_step,,
353,353,352,2021-12-09,2021-12-09,0,0,0,cadence,1,not_update_step,,
354,354,353,2021-12-10,2021-12-10,0,0,0,cadence,1,not_update_step,,
355,355,354,2021-12-13,2021-12-13,1,1,1,cadence,1,cadence_accept,-9.582960046827793e-06,-0.009977033916097375
356,356,355,2021-12-14,2021-12-14,0,0,0,cadence,1,not_update_step,,
357,357,356,2021-12-15,2021-12-15,0,0,0,cadence,1,not_update_step,,
358,358,357,2021-12-16,2021-12-16,0,0,0,cadence,1,not_update_step,,
359,359,358,2021-12-17,2021-12-17,0,0,0,cadence,1,not_update_step,,
360,360,359,2021-12-20,2021-12-20,1,1,1,cadence,1,cadence_accept,-1.0313204256817698e-05,-0.08342480490275037
361,361,360,2021-12-21,2021-12-21,0,0,0,cadence,1,not_update_step,,
362,362,361,2021-12-22,2021-12-22,0,0,0,cadence,1,not_update_step,,
363,363,362,2021-12-23,2021-12-23,0,0,0,cadence,1,not_update_step,,
364,364,363,2021-12-27,2021-12-27,1,1,1,cadence,1,cadence_accept,-5.469715688377619e-06,-0.0063466713384773875
365,365,364,2021-12-28,2021-12-28,0,0,0,cadence,1,not_update_step,,
366,366,365,2021-12-29,2021-12-29,0,0,0,cadence,1,not_update_step,,
367,367,366,2021-12-30,2021-12-30,0,0,0,cadence,1,not_update_step,,
368,368,367,2021-12-31,2021-12-31,0,0,0,cadence,1,not_update_step,,
369,369,368,2022-01-03,2022-01-03,1,1,1,cadence,1,cadence_accept,-4.174275090917945e-06,-0.010737395134979053
370,370,369,2022-01-04,2022-01-04,0,0,0,cadence,1,not_update_step,,
371,371,370,2022-01-05,2022-01-05,0,0,0,cadence,1,not_update_step,,
372,372,371,2022-01-06,2022-01-06,0,0,0,cadence,1,not_update_step,,
373,373,372,2022-01-07,2022-01-07,0,0,0,cadence,1,not_update_step,,
374,374,373,2022-01-10,2022-01-10,1,1,1,cadence,1,cadence_accept,-1.204339787364006e-05,-0.007948314896215952
375,375,374,2022-01-11,2022-01-11,0,0,0,cadence,1,not_update_step,,
376,376,375,2022-01-12,2022-01-12,0,0,0,cadence,1,not_update_step,,
377,377,376,2022-01-13,2022-01-13,0,0,0,cadence,1,not_update_step,,
378,378,377,2022-01-14,2022-01-14,0,0,0,cadence,1,not_update_step,,
379,379,378,2022-01-18,2022-01-18,1,1,1,cadence,1,cadence_accept,-1.5833182260394096e-05,-0.004752731860153063
380,380,379,2022-01-19,2022-01-19,0,0,0,cadence,1,not_update_step,,
381,381,380,2022-01-20,2022-01-20,0,0,0,cadence,1,not_update_step,,
382,382,381,2022-01-21,2022-01-21,0,0,0,cadence,1,not_update_step,,
383,383,382,2022-01-24,2022-01-24,1,1,1,cadence,1,cadence_accept,-1.7035752534866333e-05,-0.0030667479565070865
384,384,383,2022-01-25,2022-01-25,0,0,0,cadence,1,not_update_step,,
385,385,384,2022-01-26,2022-01-26,0,0,0,cadence,1,not_update_step,,
386,386,385,2022-01-27,2022-01-27,0,0,0,cadence,1,not_update_step,,
387,387,386,2022-01-28,2022-01-28,0,0,0,cadence,1,not_update_step,,
388,388,387,2022-01-31,2022-01-31,1,1,1,cadence,1,cadence_accept,-2.214033156633377e-05,-0.0031437057546192353
389,389,388,2022-02-01,2022-02-01,0,0,0,cadence,1,not_update_step,,
390,390,389,2022-02-02,2022-02-02,0,0,0,cadence,1,not_update_step,,
391,391,390,2022-02-03,2022-02-03,0,0,0,cadence,1,not_update_step,,
392,392,391,2022-02-04,2022-02-04,0,0,0,cadence,1,not_update_step,,
393,393,392,2022-02-07,2022-02-07,1,1,1,cadence,1,cadence_accept,-8.238013833761215e-06,-0.0020952492163986425
394,394,393,2022-02-08,2022-02-08,0,0,0,cadence,1,not_update_step,,
395,395,394,2022-02-09,2022-02-09,0,0,0,cadence,1,not_update_step,,
396,396,395,2022-02-10,2022-02-10,0,0,0,cadence,1,not_update_step,,
397,397,396,2022-02-11,2022-02-11,0,0,0,cadence,1,not_update_step,,
398,398,397,2022-02-14,2022-02-14,1,1,1,cadence,1,cadence_accept,-3.547174856066704e-06,-0.0013117156391947887
399,399,398,2022-02-15,2022-02-15,0,0,0,cadence,1,not_update_step,,
400,400,399,2022-02-16,2022-02-16,0,0,0,cadence,1,not_update_step,,
401,401,400,2022-02-17,2022-02-17,0,0,0,cadence,1,not_update_step,,
402,402,401,2022-02-18,2022-02-18,0,0,0,cadence,1,not_update_step,,
403,403,402,2022-02-22,2022-02-22,1,1,1,cadence,1,cadence_accept,-2.020038664340973e-06,-0.0004930072634972984
404,404,403,2022-02-23,2022-02-23,0,0,0,cadence,1,not_update_step,,
405,405,404,2022-02-24,2022-02-24,0,0,0,cadence,1,not_update_step,,
406,406,405,2022-02-25,2022-02-25,0,0,0,cadence,1,not_update_step,,
407,407,406,2022-02-28,2022-02-28,1,1,1,cadence,1,cadence_accept,-1.3993121683597565e-07,-4.466692519041837e-05
408,408,407,2022-03-01,2022-03-01,0,0,0,cadence,1,not_update_step,,
409,409,408,2022-03-02,2022-03-02,0,0,0,cadence,1,not_update_step,,
410,410,409,2022-03-03,2022-03-03,0,0,0,cadence,1,not_update_step,,
411,411,410,2022-03-04,2022-03-04,0,0,0,cadence,1,not_update_step,,
412,412,411,2022-03-07,2022-03-07,1,1,1,cadence,1,cadence_accept,-4.23286110162735e-07,-9.625087486574144e-05
413,413,412,2022-03-08,2022-03-08,0,0,0,cadence,1,not_update_step,,
414,414,413,2022-03-09,2022-03-09,0,0,0,cadence,1,not_update_step,,
415,415,414,2022-03-10,2022-03-10,0,0,0,cadence,1,not_update_step,,
416,416,415,2022-03-11,2022-03-11,0,0,0,cadence,1,not_update_step,,
417,417,416,2022-03-14,2022-03-14,1,1,1,cadence,1,cadence_accept,3.4924596548080444e-07,5.969882182160668e-05
418,418,417,2022-03-15,2022-03-15,0,0,0,cadence,1,not_update_step,,
419,419,418,2022-03-16,2022-03-16,0,0,0,cadence,1,not_update_step,,
420,420,419,2022-03-17,2022-03-17,0,0,0,cadence,1,not_update_step,,
421,421,420,2022-03-18,2022-03-18,0,0,0,cadence,1,not_update_step,,
422,422,421,2022-03-21,2022-03-21,1,1,1,cadence,1,cadence_accept,7.367925718426704e-07,0.0004052266747690102
423,423,422,2022-03-22,2022-03-22,0,0,0,cadence,1,not_update_step,,
424,424,423,2022-03-23,2022-03-23,0,0,0,cadence,1,not_update_step,,
425,425,424,2022-03-24,2022-03-24,0,0,0,cadence,1,not_update_step,,
426,426,425,2022-03-25,2022-03-25,0,0,0,cadence,1,not_update_step,,
427,427,426,2022-03-28,2022-03-28,1,1,1,cadence,1,cadence_accept,1.0814983397722244e-06,0.0005601144149869407
428,428,427,2022-03-29,2022-03-29,0,0,0,cadence,1,not_update_step,,
429,429,428,2022-03-30,2022-03-30,0,0,0,cadence,1,not_update_step,,
430,430,429,2022-03-31,2022-03-31,0,0,0,cadence,1,not_update_step,,
431,431,430,2022-04-01,2022-04-01,0,0,0,cadence,1,not_update_step,,
432,432,431,2022-04-04,2022-04-04,1,1,1,cadence,1,cadence_accept,1.2255623005330563e-07,0.0002824898735526568
433,433,432,2022-04-05,2022-04-05,0,0,0,cadence,1,not_update_step,,
434,434,433,2022-04-06,2022-04-06,0,0,0,cadence,1,not_update_step,,
435,435,434,2022-04-07,2022-04-07,0,0,0,cadence,1,not_update_step,,
436,436,435,2022-04-08,2022-04-08,0,0,0,cadence,1,not_update_step,,
437,437,436,2022-04-11,2022-04-11,1,1,1,cadence,1,cadence_accept,1.0891817510128021e-06,0.001986089093787331
438,438,437,2022-04-12,2022-04-12,0,0,0,cadence,1,not_update_step,,
439,439,438,2022-04-13,2022-04-13,0,0,0,cadence,1,not_update_step,,
440,440,439,2022-04-14,2022-04-14,0,0,0,cadence,1,not_update_step,,
441,441,440,2022-04-18,2022-04-18,1,1,1,cadence,1,cadence_accept,2.298504114151001e-06,0.0017383403344498282
442,442,441,2022-04-19,2022-04-19,0,0,0,cadence,1,not_update_step,,
443,443,442,2022-04-20,2022-04-20,0,0,0,cadence,1,not_update_step,,
444,444,443,2022-04-21,2022-04-21,0,0,0,cadence,1,not_update_step,,
445,445,444,2022-04-22,2022-04-22,0,0,0,cadence,1,not_update_step,,
446,446,445,2022-04-25,2022-04-25,1,1,1,cadence,1,cadence_accept,7.378635928034782e-06,0.0019961211337979835
447,447,446,2022-04-26,2022-04-26,0,0,0,cadence,1,not_update_step,,
448,448,447,2022-04-27,2022-04-27,0,0,0,cadence,1,not_update_step,,
449,449,448,2022-04-28,2022-04-28,0,0,0,cadence,1,not_update_step,,
450,450,449,2022-04-29,2022-04-29,0,0,0,cadence,1,not_update_step,,
451,451,450,2022-05-02,2022-05-02,1,1,1,cadence,1,cadence_accept,6.0498714447021484e-06,0.0016299353071123606
452,452,451,2022-05-03,2022-05-03,0,0,0,cadence,1,not_update_step,,
453,453,452,2022-05-04,2022-05-04,0,0,0,cadence,1,not_update_step,,
454,454,453,2022-05-05,2022-05-05,0,0,0,cadence,1,not_update_step,,
455,455,454,2022-05-06,2022-05-06,0,0,0,cadence,1,not_update_step,,
456,456,455,2022-05-09,2022-05-09,1,1,1,cadence,1,cadence_accept,4.843110218644142e-06,0.0016570546181073431
457,457,456,2022-05-10,2022-05-10,0,0,0,cadence,1,not_update_step,,
458,458,457,2022-05-11,2022-05-11,0,0,0,cadence,1,not_update_step,,
459,459,458,2022-05-12,2022-05-12,0,0,0,cadence,1,not_update_step,,
460,460,459,2022-05-13,2022-05-13,0,0,0,cadence,1,not_update_step,,
461,461,460,2022-05-16,2022-05-16,1,1,1,cadence,1,cadence_accept,4.034023731946945e-06,0.0012366373253552179
462,462,461,2022-05-17,2022-05-17,0,0,0,cadence,1,not_update_step,,
463,463,462,2022-05-18,2022-05-18,0,0,0,cadence,1,not_update_step,,
464,464,463,2022-05-19,2022-05-19,0,0,0,cadence,1,not_update_step,,
465,465,464,2022-05-20,2022-05-20,0,0,0,cadence,1,not_update_step,,
466,466,465,2022-05-23,2022-05-23,1,1,1,cadence,1,cadence_accept,3.2784882932901382e-06,0.0012653842675347487
467,467,466,2022-05-24,2022-05-24,0,0,0,cadence,1,not_update_step,,
468,468,467,2022-05-25,2022-05-25,0,0,0,cadence,1,not_update_step,,
469,469,468,2022-05-26,2022-05-26,0,0,0,cadence,1,not_update_step,,
470,470,469,2022-05-27,2022-05-27,0,0,0,cadence,1,not_update_step,,
471,471,470,2022-05-31,2022-05-31,1,1,1,cadence,1,cadence_accept,4.168599843978882e-06,0.001973519955547719
472,472,471,2022-06-01,2022-06-01,0,0,0,cadence,1,not_update_step,,
473,473,472,2022-06-02,2022-06-02,0,0,0,cadence,1,not_update_step,,
474,474,473,2022-06-03,2022-06-03,0,0,0,cadence,1,not_update_step,,
475,475,474,2022-06-06,2022-06-06,1,1,1,cadence,1,cadence_accept,4.878966137766838e-06,0.0019271983457936214
476,476,475,2022-06-07,2022-06-07,0,0,0,cadence,1,not_update_step,,
477,477,476,2022-06-08,2022-06-08,0,0,0,cadence,1,not_update_step,,
478,478,477,2022-06-09,2022-06-09,0,0,0,cadence,1,not_update_step,,
479,479,478,2022-06-10,2022-06-10,0,0,0,cadence,1,not_update_step,,
480,480,479,2022-06-13,2022-06-13,1,1,1,cadence,1,cadence_accept,7.810071110725403e-06,0.0016539169833122457
481,481,480,2022-06-14,2022-06-14,0,0,0,cadence,1,not_update_step,,
482,482,481,2022-06-15,2022-06-15,0,0,0,cadence,1,not_update_step,,
483,483,482,2022-06-16,2022-06-16,0,0,0,cadence,1,not_update_step,,
484,484,483,2022-06-17,2022-06-17,0,0,0,cadence,1,not_update_step,,
485,485,484,2022-06-21,2022-06-21,1,1,1,cadence,1,cadence_accept,6.271526217460632e-06,0.0013537278372894013
486,486,485,2022-06-22,2022-06-22,0,0,0,cadence,1,not_update_step,,
487,487,486,2022-06-23,2022-06-23,0,0,0,cadence,1,not_update_step,,
488,488,487,2022-06-24,2022-06-24,0,0,0,cadence,1,not_update_step,,
489,489,488,2022-06-27,2022-06-27,1,1,1,cadence,1,cadence_accept,3.525521606206894e-06,0.001425289043561437
490,490,489,2022-06-28,2022-06-28,0,0,0,cadence,1,not_update_step,,
491,491,490,2022-06-29,2022-06-29,0,0,0,cadence,1,not_update_step,,
492,492,491,2022-06-30,2022-06-30,0,0,0,cadence,1,not_update_step,,
493,493,492,2022-07-01,2022-07-01,0,0,0,cadence,1,not_update_step,,
494,494,493,2022-07-05,2022-07-05,1,1,1,cadence,1,cadence_accept,9.974464774131775e-06,0.0025436871130110157
495,495,494,2022-07-06,2022-07-06,0,0,0,cadence,1,not_update_step,,
496,496,495,2022-07-07,2022-07-07,0,0,0,cadence,1,not_update_step,,
497,497,496,2022-07-08,2022-07-08,0,0,0,cadence,1,not_update_step,,
498,498,497,2022-07-11,2022-07-11,1,1,1,cadence,1,cadence_accept,-4.161905962973833e-06,-0.006278740192537033
499,499,498,2022-07-12,2022-07-12,0,0,0,cadence,1,not_update_step,,
500,500,499,2022-07-13,2022-07-13,0,0,0,cadence,1,not_update_step,,
501,501,500,2022-07-14,2022-07-14,0,0,0,cadence,1,not_update_step,,
502,502,501,2022-07-15,2022-07-15,0,0,0,cadence,1,not_update_step,,
503,503,502,2022-07-18,2022-07-18,1,1,1,cadence,1,cadence_accept,-2.580811269581318e-06,-0.0025872627844819762
504,504,503,2022-07-19,2022-07-19,0,0,0,cadence,1,not_update_step,,
505,505,504,2022-07-20,2022-07-20,0,0,0,cadence,1,not_update_step,,
506,506,505,2022-07-21,2022-07-21,0,0,0,cadence,1,not_update_step,,
507,507,506,2022-07-22,2022-07-22,0,0,0,cadence,1,not_update_step,,
508,508,507,2022-07-25,2022-07-25,1,1,1,cadence,1,cadence_accept,-3.077741712331772e-05,-0.011649233526291668
509,509,508,2022-07-26,2022-07-26,0,0,0,cadence,1,not_update_step,,
510,510,509,2022-07-27,2022-07-27,0,0,0,cadence,1,not_update_step,,
511,511,510,2022-07-28,2022-07-28,0,0,0,cadence,1,not_update_step,,
512,512,511,2022-07-29,2022-07-29,0,0,0,cadence,1,not_update_step,,
513,513,512,2022-08-01,2022-08-01,1,1,1,cadence,1,cadence_accept,-5.495734512805939e-05,-0.011275775348165163
514,514,513,2022-08-02,2022-08-02,0,0,0,cadence,1,not_update_step,,
515,515,514,2022-08-03,2022-08-03,0,0,0,cadence,1,not_update_step,,
516,516,515,2022-08-04,2022-08-04,0,0,0,cadence,1,not_update_step,,
517,517,516,2022-08-05,2022-08-05,0,0,0,cadence,1,not_update_step,,
518,518,517,2022-08-08,2022-08-08,1,1,1,cadence,1,cadence_accept,-0.00012267939746379852,-0.011204386964816015
519,519,518,2022-08-09,2022-08-09,0,0,0,cadence,1,not_update_step,,
520,520,519,2022-08-10,2022-08-10,0,0,0,cadence,1,not_update_step,,
521,521,520,2022-08-11,2022-08-11,0,0,0,cadence,1,not_update_step,,
522,522,521,2022-08-12,2022-08-12,0,0,0,cadence,1,not_update_step,,
523,523,522,2022-08-15,2022-08-15,1,1,1,cadence,1,cadence_accept,-0.00010186806321144104,-0.011261729680177152
524,524,523,2022-08-16,2022-08-16,0,0,0,cadence,1,not_update_step,,
525,525,524,2022-08-17,2022-08-17,0,0,0,cadence,1,not_update_step,,
526,526,525,2022-08-18,2022-08-18,0,0,0,cadence,1,not_update_step,,
527,527,526,2022-08-19,2022-08-19,0,0,0,cadence,1,not_update_step,,
528,528,527,2022-08-22,2022-08-22,1,1,1,cadence,1,cadence_accept,-0.00011417921632528305,-0.011921788538341705
529,529,528,2022-08-23,2022-08-23,0,0,0,cadence,1,not_update_step,,
530,530,529,2022-08-24,2022-08-24,0,0,0,cadence,1,not_update_step,,
531,531,530,2022-08-25,2022-08-25,0,0,0,cadence,1,not_update_step,,
532,532,531,2022-08-26,2022-08-26,0,0,0,cadence,1,not_update_step,,
533,533,532,2022-08-29,2022-08-29,1,1,1,cadence,1,cadence_accept,-0.00012207217514514923,-0.01151780979257528
534,534,533,2022-08-30,2022-08-30,0,0,0,cadence,1,not_update_step,,
535,535,534,2022-08-31,2022-08-31,0,0,0,cadence,1,not_update_step,,
536,536,535,2022-09-01,2022-09-01,0,0,0,cadence,1,not_update_step,,
537,537,536,2022-09-02,2022-09-02,0,0,0,cadence,1,not_update_step,,
538,538,537,2022-09-06,2022-09-06,1,1,1,cadence,1,cadence_accept,-0.00012113433331251144,-0.012900816546806868
539,539,538,2022-09-07,2022-09-07,0,0,0,cadence,1,not_update_step,,
540,540,539,2022-09-08,2022-09-08,0,0,0,cadence,1,not_update_step,,
541,541,540,2022-09-09,2022-09-09,0,0,0,cadence,1,not_update_step,,
542,542,541,2022-09-12,2022-09-12,1,1,1,cadence,1,cadence_accept,-0.00014181248843669891,-0.01318997232815679
543,543,542,2022-09-13,2022-09-13,0,0,0,cadence,1,not_update_step,,
544,544,543,2022-09-14,2022-09-14,0,0,0,cadence,1,not_update_step,,
545,545,544,2022-09-15,2022-09-15,0,0,0,cadence,1,not_update_step,,
546,546,545,2022-09-16,2022-09-16,0,0,0,cadence,1,not_update_step,,
547,547,546,2022-09-19,2022-09-19,1,1,1,cadence,1,cadence_accept,-0.00016523804515600204,-0.015058978302165873
548,548,547,2022-09-20,2022-09-20,0,0,0,cadence,1,not_update_step,,
549,549,548,2022-09-21,2022-09-21,0,0,0,cadence,1,not_update_step,,
550,550,549,2022-09-22,2022-09-22,0,0,0,cadence,1,not_update_step,,
551,551,550,2022-09-23,2022-09-23,0,0,0,cadence,1,not_update_step,,
552,552,551,2022-09-26,2022-09-26,1,1,1,cadence,1,cadence_accept,-0.0001587904989719391,-0.015682402016321026
553,553,552,2022-09-27,2022-09-27,0,0,0,cadence,1,not_update_step,,
554,554,553,2022-09-28,2022-09-28,0,0,0,cadence,1,not_update_step,,
555,555,554,2022-09-29,2022-09-29,0,0,0,cadence,1,not_update_step,,
556,556,555,2022-09-30,2022-09-30,0,0,0,cadence,1,not_update_step,,
557,557,556,2022-10-03,2022-10-03,1,1,1,cadence,1,cadence_accept,-0.0001414320431649685,-0.01789408095203988
558,558,557,2022-10-04,2022-10-04,0,0,0,cadence,1,not_update_step,,
559,559,558,2022-10-05,2022-10-05,0,0,0,cadence,1,not_update_step,,
560,560,559,2022-10-06,2022-10-06,0,0,0,cadence,1,not_update_step,,
561,561,560,2022-10-07,2022-10-07,0,0,0,cadence,1,not_update_step,,
562,562,561,2022-10-10,2022-10-10,1,1,1,cadence,1,cadence_accept,-0.000120572280138731,-0.016848476540784658
563,563,562,2022-10-11,2022-10-11,0,0,0,cadence,1,not_update_step,,
564,564,563,2022-10-12,2022-10-12,0,0,0,cadence,1,not_update_step,,
565,565,564,2022-10-13,2022-10-13,0,0,0,cadence,1,not_update_step,,
566,566,565,2022-10-14,2022-10-14,0,0,0,cadence,1,not_update_step,,
567,567,566,2022-10-17,2022-10-17,1,1,1,cadence,1,cadence_accept,-2.0977851818315685e-05,-0.10972633418178655
568,568,567,2022-10-18,2022-10-18,0,0,0,cadence,1,not_update_step,,
569,569,568,2022-10-19,2022-10-19,0,0,0,cadence,1,not_update_step,,
570,570,569,2022-10-20,2022-10-20,0,0,0,cadence,1,not_update_step,,
571,571,570,2022-10-21,2022-10-21,0,0,0,cadence,1,not_update_step,,
572,572,571,2022-10-24,2022-10-24,1,1,1,cadence,1,cadence_accept,-2.016802318394184e-05,-0.008517157564063937
573,573,572,2022-10-25,2022-10-25,0,0,0,cadence,1,not_update_step,,
574,574,573,2022-10-26,2022-10-26,0,0,0,cadence,1,not_update_step,,
575,575,574,2022-10-27,2022-10-27,0,0,0,cadence,1,not_update_step,,
576,576,575,2022-10-28,2022-10-28,0,0,0,cadence,1,not_update_step,,
577,577,576,2022-10-31,2022-10-31,1,1,1,cadence,1,cadence_accept,-2.57883220911026e-06,-0.0012531823142233165
578,578,577,2022-11-01,2022-11-01,0,0,0,cadence,1,not_update_step,,
579,579,578,2022-11-02,2022-11-02,0,0,0,cadence,1,not_update_step,,
580,580,579,2022-11-03,2022-11-03,0,0,0,cadence,1,not_update_step,,
581,581,580,2022-11-04,2022-11-04,0,0,0,cadence,1,not_update_step,,
582,582,581,2022-11-07,2022-11-07,1,1,1,cadence,1,cadence_accept,7.4553536251187325e-06,0.004648553026906909
583,583,582,2022-11-08,2022-11-08,0,0,0,cadence,1,not_update_step,,
584,584,583,2022-11-09,2022-11-09,0,0,0,cadence,1,not_update_step,,
585,585,584,2022-11-10,2022-11-10,0,0,0,cadence,1,not_update_step,,
586,586,585,2022-11-11,2022-11-11,0,0,0,cadence,1,not_update_step,,
587,587,586,2022-11-14,2022-11-14,1,1,1,cadence,1,cadence_accept,1.411139965057373e-05,0.0036780298935935284
588,588,587,2022-11-15,2022-11-15,0,0,0,cadence,1,not_update_step,,
589,589,588,2022-11-16,2022-11-16,0,0,0,cadence,1,not_update_step,,
590,590,589,2022-11-17,2022-11-17,0,0,0,cadence,1,not_update_step,,
591,591,590,2022-11-18,2022-11-18,0,0,0,cadence,1,not_update_step,,
592,592,591,2022-11-21,2022-11-21,1,1,1,cadence,1,cadence_accept,1.8438324332237244e-05,0.005942007202296133
593,593,592,2022-11-22,2022-11-22,0,0,0,cadence,1,not_update_step,,
594,594,593,2022-11-23,2022-11-23,0,0,0,cadence,1,not_update_step,,
595,595,594,2022-11-25,2022-11-25,0,0,0,cadence,1,not_update_step,,
596,596,595,2022-11-28,2022-11-28,1,1,1,cadence,1,cadence_accept,4.103756509721279e-06,0.003002670211580222
597,597,596,2022-11-29,2022-11-29,0,0,0,cadence,1,not_update_step,,
598,598,597,2022-11-30,2022-11-30,0,0,0,cadence,1,not_update_step,,
599,599,598,2022-12-01,2022-12-01,0,0,0,cadence,1,not_update_step,,
600,600,599,2022-12-02,2022-12-02,0,0,0,cadence,1,not_update_step,,
601,601,600,2022-12-05,2022-12-05,1,1,1,cadence,1,cadence_accept,1.042359508574009e-05,0.0038330000666562548
602,602,601,2022-12-06,2022-12-06,0,0,0,cadence,1,not_update_step,,
603,603,602,2022-12-07,2022-12-07,0,0,0,cadence,1,not_update_step,,
604,604,603,2022-12-08,2022-12-08,0,0,0,cadence,1,not_update_step,,
605,605,604,2022-12-09,2022-12-09,0,0,0,cadence,1,not_update_step,,
606,606,605,2022-12-12,2022-12-12,1,1,1,cadence,1,cadence_accept,4.694098606705666e-06,0.0021915843195340176
607,607,606,2022-12-13,2022-12-13,0,0,0,cadence,1,not_update_step,,
608,608,607,2022-12-14,2022-12-14,0,0,0,cadence,1,not_update_step,,
609,609,608,2022-12-15,2022-12-15,0,0,0,cadence,1,not_update_step,,
610,610,609,2022-12-16,2022-12-16,0,0,0,cadence,1,not_update_step,,
611,611,610,2022-12-19,2022-12-19,1,1,1,cadence,1,cadence_accept,2.801883965730667e-06,0.0027017734038305894
612,612,611,2022-12-20,2022-12-20,0,0,0,cadence,1,not_update_step,,
613,613,612,2022-12-21,2022-12-21,0,0,0,cadence,1,not_update_step,,
614,614,613,2022-12-22,2022-12-22,0,0,0,cadence,1,not_update_step,,
615,615,614,2022-12-23,2022-12-23,0,0,0,cadence,1,not_update_step,,
616,616,615,2022-12-27,2022-12-27,1,1,1,cadence,1,cadence_accept,1.4679739251732826e-05,0.007130673325992637
617,617,616,2022-12-28,2022-12-28,0,0,0,cadence,1,not_update_step,,
618,618,617,2022-12-29,2022-12-29,0,0,0,cadence,1,not_update_step,,
619,619,618,2022-12-30,2022-12-30,0,0,0,cadence,1,not_update_step,,
620,620,619,2023-01-03,2023-01-03,1,1,1,cadence,1,cadence_accept,1.332943793386221e-05,0.007488485776080704
621,621,620,2023-01-04,2023-01-04,0,0,0,cadence,1,not_update_step,,
622,622,621,2023-01-05,2023-01-05,0,0,0,cadence,1,not_update_step,,
623,623,622,2023-01-06,2023-01-06,0,0,0,cadence,1,not_update_step,,
624,624,623,2023-01-09,2023-01-09,1,1,1,cadence,1,cadence_accept,9.06619243323803e-06,0.009509554816526213
625,625,624,2023-01-10,2023-01-10,0,0,0,cadence,1,not_update_step,,
626,626,625,2023-01-11,2023-01-11,0,0,0,cadence,1,not_update_step,,
627,627,626,2023-01-12,2023-01-12,0,0,0,cadence,1,not_update_step,,
628,628,627,2023-01-13,2023-01-13,0,0,0,cadence,1,not_update_step,,
629,629,628,2023-01-17,2023-01-17,1,1,1,cadence,1,cadence_accept,8.843839168548584e-06,0.006432683664409791
630,630,629,2023-01-18,2023-01-18,0,0,0,cadence,1,not_update_step,,
631,631,630,2023-01-19,2023-01-19,0,0,0,cadence,1,not_update_step,,
632,632,631,2023-01-20,2023-01-20,0,0,0,cadence,1,not_update_step,,
633,633,632,2023-01-23,2023-01-23,1,1,1,cadence,1,cadence_accept,1.4215358532965183e-05,0.00874048012298759
634,634,633,2023-01-24,2023-01-24,0,0,0,cadence,1,not_update_step,,
635,635,634,2023-01-25,2023-01-25,0,0,0,cadence,1,not_update_step,,
636,636,635,2023-01-26,2023-01-26,0,0,0,cadence,1,not_update_step,,
637,637,636,2023-01-27,2023-01-27,0,0,0,cadence,1,not_update_step,,
638,638,637,2023-01-30,2023-01-30,1,1,1,cadence,1,cadence_accept,1.8402119167149067e-05,0.011346744008727231
639,639,638,2023-01-31,2023-01-31,0,0,0,cadence,1,not_update_step,,
640,640,639,2023-02-01,2023-02-01,0,0,0,cadence,1,not_update_step,,
641,641,640,2023-02-02,2023-02-02,0,0,0,cadence,1,not_update_step,,
642,642,641,2023-02-03,2023-02-03,0,0,0,cadence,1,not_update_step,,
643,643,642,2023-02-06,2023-02-06,1,1,1,cadence,1,cadence_accept,3.3257994800806046e-05,0.011842800707634375
644,644,643,2023-02-07,2023-02-07,0,0,0,cadence,1,not_update_step,,
645,645,644,2023-02-08,2023-02-08,0,0,0,cadence,1,not_update_step,,
646,646,645,2023-02-09,2023-02-09,0,0,0,cadence,1,not_update_step,,
647,647,646,2023-02-10,2023-02-10,0,0,0,cadence,1,not_update_step,,
648,648,647,2023-02-13,2023-02-13,1,1,1,cadence,1,cadence_accept,3.5588862374424934e-05,0.01193241723536125
649,649,648,2023-02-14,2023-02-14,0,0,0,cadence,1,not_update_step,,
650,650,649,2023-02-15,2023-02-15,0,0,0,cadence,1,not_update_step,,
651,651,650,2023-02-16,2023-02-16,0,0,0,cadence,1,not_update_step,,
652,652,651,2023-02-17,2023-02-17,0,0,0,cadence,1,not_update_step,,
653,653,652,2023-02-21,2023-02-21,1,1,1,cadence,1,cadence_accept,3.087427467107773e-05,0.010181960579207758
654,654,653,2023-02-22,2023-02-22,0,0,0,cadence,1,not_update_step,,
655,655,654,2023-02-23,2023-02-23,0,0,0,cadence,1,not_update_step,,
656,656,655,2023-02-24,2023-02-24,0,0,0,cadence,1,not_update_step,,
657,657,656,2023-02-27,2023-02-27,1,1,1,cadence,1,cadence_accept,2.773175947368145e-05,0.01200949006007615
658,658,657,2023-02-28,2023-02-28,0,0,0,cadence,1,not_update_step,,
659,659,658,2023-03-01,2023-03-01,0,0,0,cadence,1,not_update_step,,
660,660,659,2023-03-02,2023-03-02,0,0,0,cadence,1,not_update_step,,
661,661,660,2023-03-03,2023-03-03,0,0,0,cadence,1,not_update_step,,
662,662,661,2023-03-06,2023-03-06,1,1,1,cadence,1,cadence_accept,2.903677523136139e-05,0.0070482968143705735
663,663,662,2023-03-07,2023-03-07,0,0,0,cadence,1,not_update_step,,
664,664,663,2023-03-08,2023-03-08,0,0,0,cadence,1,not_update_step,,
665,665,664,2023-03-09,2023-03-09,0,0,0,cadence,1,not_update_step,,
666,666,665,2023-03-10,2023-03-10,0,0,0,cadence,1,not_update_step,,
667,667,666,2023-03-13,2023-03-13,1,1,1,cadence,1,cadence_accept,1.3539101928472519e-05,0.00773078109429792
668,668,667,2023-03-14,2023-03-14,0,0,0,cadence,1,not_update_step,,
669,669,668,2023-03-15,2023-03-15,0,0,0,cadence,1,not_update_step,,
670,670,669,2023-03-16,2023-03-16,0,0,0,cadence,1,not_update_step,,
671,671,670,2023-03-17,2023-03-17,0,0,0,cadence,1,not_update_step,,
672,672,671,2023-03-20,2023-03-20,1,1,1,cadence,1,cadence_accept,7.68294557929039e-06,0.0056916699303279205
673,673,672,2023-03-21,2023-03-21,0,0,0,cadence,1,not_update_step,,
674,674,673,2023-03-22,2023-03-22,0,0,0,cadence,1,not_update_step,,
675,675,674,2023-03-23,2023-03-23,0,0,0,cadence,1,not_update_step,,
676,676,675,2023-03-24,2023-03-24,0,0,0,cadence,1,not_update_step,,
677,677,676,2023-03-27,2023-03-27,1,1,1,cadence,1,cadence_accept,-1.4121760614216328e-06,-0.003945699577320676
678,678,677,2023-03-28,2023-03-28,0,0,0,cadence,1,not_update_step,,
679,679,678,2023-03-29,2023-03-29,0,0,0,cadence,1,not_update_step,,
680,680,679,2023-03-30,2023-03-30,0,0,0,cadence,1,not_update_step,,
681,681,680,2023-03-31,2023-03-31,0,0,0,cadence,1,not_update_step,,
682,682,681,2023-04-03,2023-04-03,1,1,1,cadence,1,cadence_accept,1.941458322107792e-06,0.0014335011714779527
683,683,682,2023-04-04,2023-04-04,0,0,0,cadence,1,not_update_step,,
684,684,683,2023-04-05,2023-04-05,0,0,0,cadence,1,not_update_step,,
685,685,684,2023-04-06,2023-04-06,0,0,0,cadence,1,not_update_step,,
686,686,685,2023-04-10,2023-04-10,1,1,1,cadence,1,cadence_accept,-2.9032526072114706e-06,-0.010287953337885103
687,687,686,2023-04-11,2023-04-11,0,0,0,cadence,1,not_update_step,,
688,688,687,2023-04-12,2023-04-12,0,0,0,cadence,1,not_update_step,,
689,689,688,2023-04-13,2023-04-13,0,0,0,cadence,1,not_update_step,,
690,690,689,2023-04-14,2023-04-14,0,0,0,cadence,1,not_update_step,,
691,691,690,2023-04-17,2023-04-17,1,1,1,cadence,1,cadence_accept,-1.5022233128547668e-06,-0.005359344798484058
692,692,691,2023-04-18,2023-04-18,0,0,0,cadence,1,not_update_step,,
693,693,692,2023-04-19,2023-04-19,0,0,0,cadence,1,not_update_step,,
694,694,693,2023-04-20,2023-04-20,0,0,0,cadence,1,not_update_step,,
695,695,694,2023-04-21,2023-04-21,0,0,0,cadence,1,not_update_step,,
696,696,695,2023-04-24,2023-04-24,1,1,1,cadence,1,cadence_accept,-1.9510043784976006e-06,-0.004147020388950468
697,697,696,2023-04-25,2023-04-25,0,0,0,cadence,1,not_update_step,,
698,698,697,2023-04-26,2023-04-26,0,0,0,cadence,1,not_update_step,,
699,699,698,2023-04-27,2023-04-27,0,0,0,cadence,1,not_update_step,,
700,700,699,2023-04-28,2023-04-28,0,0,0,cadence,1,not_update_step,,
701,701,700,2023-05-01,2023-05-01,1,1,1,cadence,1,cadence_accept,-4.55719418823719e-06,-0.0033929887164320426
702,702,701,2023-05-02,2023-05-02,0,0,0,cadence,1,not_update_step,,
703,703,702,2023-05-03,2023-05-03,0,0,0,cadence,1,not_update_step,,
704,704,703,2023-05-04,2023-05-04,0,0,0,cadence,1,not_update_step,,
705,705,704,2023-05-05,2023-05-05,0,0,0,cadence,1,not_update_step,,
706,706,705,2023-05-08,2023-05-08,1,1,1,cadence,1,cadence_accept,-3.909168299287558e-06,-0.004872523846504991
707,707,706,2023-05-09,2023-05-09,0,0,0,cadence,1,not_update_step,,
708,708,707,2023-05-10,2023-05-10,0,0,0,cadence,1,not_update_step,,
709,709,708,2023-05-11,2023-05-11,0,0,0,cadence,1,not_update_step,,
710,710,709,2023-05-12,2023-05-12,0,0,0,cadence,1,not_update_step,,
711,711,710,2023-05-15,2023-05-15,1,1,1,cadence,1,cadence_accept,-1.723019522614777e-06,-0.036401662323194015
712,712,711,2023-05-16,2023-05-16,0,0,0,cadence,1,not_update_step,,
713,713,712,2023-05-17,2023-05-17,0,0,0,cadence,1,not_update_step,,
714,714,713,2023-05-18,2023-05-18,0,0,0,cadence,1,not_update_step,,
715,715,714,2023-05-19,2023-05-19,0,0,0,cadence,1,not_update_step,,
716,716,715,2023-05-22,2023-05-22,1,1,1,cadence,1,cadence_accept,-1.2941891327500343e-06,-0.0019335511977365992
717,717,716,2023-05-23,2023-05-23,0,0,0,cadence,1,not_update_step,,
718,718,717,2023-05-24,2023-05-24,0,0,0,cadence,1,not_update_step,,
719,719,718,2023-05-25,2023-05-25,0,0,0,cadence,1,not_update_step,,
720,720,719,2023-05-26,2023-05-26,0,0,0,cadence,1,not_update_step,,
721,721,720,2023-05-30,2023-05-30,1,1,1,cadence,1,cadence_accept,4.967441782355309e-07,0.0003538632627370737
722,722,721,2023-05-31,2023-05-31,0,0,0,cadence,1,not_update_step,,
723,723,722,2023-06-01,2023-06-01,0,0,0,cadence,1,not_update_step,,
724,724,723,2023-06-02,2023-06-02,0,0,0,cadence,1,not_update_step,,
725,725,724,2023-06-05,2023-06-05,1,1,1,cadence,1,cadence_accept,-1.21421180665493e-07,-7.441954710823271e-05
726,726,725,2023-06-06,2023-06-06,0,0,0,cadence,1,not_update_step,,
727,727,726,2023-06-07,2023-06-07,0,0,0,cadence,1,not_update_step,,
728,728,727,2023-06-08,2023-06-08,0,0,0,cadence,1,not_update_step,,
729,729,728,2023-06-09,2023-06-09,0,0,0,cadence,1,not_update_step,,
730,730,729,2023-06-12,2023-06-12,1,1,1,cadence,1,cadence_accept,-8.383067324757576e-07,-0.0010172857332225846
731,731,730,2023-06-13,2023-06-13,0,0,0,cadence,1,not_update_step,,
732,732,731,2023-06-14,2023-06-14,0,0,0,cadence,1,not_update_step,,
733,733,732,2023-06-15,2023-06-15,0,0,0,cadence,1,not_update_step,,
734,734,733,2023-06-16,2023-06-16,0,0,0,cadence,1,not_update_step,,
735,735,734,2023-06-20,2023-06-20,1,1,1,cadence,1,cadence_accept,5.337642505764961e-07,0.0002891161544182
736,736,735,2023-06-21,2023-06-21,0,0,0,cadence,1,not_update_step,,
737,737,736,2023-06-22,2023-06-22,0,0,0,cadence,1,not_update_step,,
738,738,737,2023-06-23,2023-06-23,0,0,0,cadence,1,not_update_step,,
739,739,738,2023-06-26,2023-06-26,1,1,1,cadence,1,cadence_accept,1.096632331609726e-07,9.627926620613773e-05
740,740,739,2023-06-27,2023-06-27,0,0,0,cadence,1,not_update_step,,
741,741,740,2023-06-28,2023-06-28,0,0,0,cadence,1,not_update_step,,
742,742,741,2023-06-29,2023-06-29,0,0,0,cadence,1,not_update_step,,
743,743,742,2023-06-30,2023-06-30,0,0,0,cadence,1,not_update_step,,
744,744,743,2023-07-03,2023-07-03,1,1,1,cadence,1,cadence_accept,-2.314336597919464e-07,-0.00023425680531783563
745,745,744,2023-07-05,2023-07-05,0,0,0,cadence,1,not_update_step,,
746,746,745,2023-07-06,2023-07-06,0,0,0,cadence,1,not_update_step,,
747,747,746,2023-07-07,2023-07-07,0,0,0,cadence,1,not_update_step,,
748,748,747,2023-07-10,2023-07-10,1,1,1,cadence,1,cadence_accept,-3.8731377571821213e-07,-0.0003947474733384264
749,749,748,2023-07-11,2023-07-11,0,0,0,cadence,1,not_update_step,,
750,750,749,2023-07-12,2023-07-12,0,0,0,cadence,1,not_update_step,,
751,751,750,2023-07-13,2023-07-13,0,0,0,cadence,1,not_update_step,,
752,752,751,2023-07-14,2023-07-14,0,0,0,cadence,1,not_update_step,,
753,753,752,2023-07-17,2023-07-17,1,1,1,cadence,1,cadence_accept,2.10711732506752e-08,1.21033624408746e-05
754,754,753,2023-07-18,2023-07-18,0,0,0,cadence,1,not_update_step,,
755,755,754,2023-07-19,2023-07-19,0,0,0,cadence,1,not_update_step,,
756,756,755,2023-07-20,2023-07-20,0,0,0,cadence,1,not_update_step,,
757,757,756,2023-07-21,2023-07-21,0,0,0,cadence,1,not_update_step,,
758,758,757,2023-07-24,2023-07-24,1,1,1,cadence,1,cadence_accept,-6.62636011838913e-07,-0.0006454196741034185
759,759,758,2023-07-25,2023-07-25,0,0,0,cadence,1,not_update_step,,
760,760,759,2023-07-26,2023-07-26,0,0,0,cadence,1,not_update_step,,
761,761,760,2023-07-27,2023-07-27,0,0,0,cadence,1,not_update_step,,
762,762,761,2023-07-28,2023-07-28,0,0,0,cadence,1,not_update_step,,
763,763,762,2023-07-31,2023-07-31,1,1,1,cadence,1,cadence_accept,-6.722984835505486e-07,-0.0006112312870350131
764,764,763,2023-08-01,2023-08-01,0,0,0,cadence,1,not_update_step,,
765,765,764,2023-08-02,2023-08-02,0,0,0,cadence,1,not_update_step,,
766,766,765,2023-08-03,2023-08-03,0,0,0,cadence,1,not_update_step,,
767,767,766,2023-08-04,2023-08-04,0,0,0,cadence,1,not_update_step,,
768,768,767,2023-08-07,2023-08-07,1,1,1,cadence,1,cadence_accept,-4.2194733396172523e-07,-0.0005431321387275214
769,769,768,2023-08-08,2023-08-08,0,0,0,cadence,1,not_update_step,,
770,770,769,2023-08-09,2023-08-09,0,0,0,cadence,1,not_update_step,,
771,771,770,2023-08-10,2023-08-10,0,0,0,cadence,1,not_update_step,,
772,772,771,2023-08-11,2023-08-11,0,0,0,cadence,1,not_update_step,,
773,773,772,2023-08-14,2023-08-14,1,1,1,cadence,1,cadence_accept,-9.208451956510544e-08,-7.415953613472382e-05
774,774,773,2023-08-15,2023-08-15,0,0,0,cadence,1,not_update_step,,
775,775,774,2023-08-16,2023-08-16,0,0,0,cadence,1,not_update_step,,
776,776,775,2023-08-17,2023-08-17,0,0,0,cadence,1,not_update_step,,
777,777,776,2023-08-18,2023-08-18,0,0,0,cadence,1,not_update_step,,
778,778,777,2023-08-21,2023-08-21,1,1,1,cadence,1,cadence_accept,-1.42405042424798e-07,-0.0005827934757592655
779,779,778,2023-08-22,2023-08-22,0,0,0,cadence,1,not_update_step,,
780,780,779,2023-08-23,2023-08-23,0,0,0,cadence,1,not_update_step,,
781,781,780,2023-08-24,2023-08-24,0,0,0,cadence,1,not_update_step,,
782,782,781,2023-08-25,2023-08-25,0,0,0,cadence,1,not_update_step,,
783,783,782,2023-08-28,2023-08-28,1,1,1,cadence,1,cadence_accept,-1.1436350177973509e-07,-0.0014041573534424442
784,784,783,2023-08-29,2023-08-29,0,0,0,cadence,1,not_update_step,,
785,785,784,2023-08-30,2023-08-30,0,0,0,cadence,1,not_update_step,,
786,786,785,2023-08-31,2023-08-31,0,0,0,cadence,1,not_update_step,,
787,787,786,2023-09-01,2023-09-01,0,0,0,cadence,1,not_update_step,,
788,788,787,2023-09-05,2023-09-05,1,1,1,cadence,1,cadence_accept,-2.2798485588282347e-07,-0.003683194001119707
789,789,788,2023-09-06,2023-09-06,0,0,0,cadence,1,not_update_step,,
790,790,789,2023-09-07,2023-09-07,0,0,0,cadence,1,not_update_step,,
791,791,790,2023-09-08,2023-09-08,0,0,0,cadence,1,not_update_step,,
792,792,791,2023-09-11,2023-09-11,1,1,1,cadence,1,cadence_accept,-4.3457839637994766e-07,-0.0003876730960032403
793,793,792,2023-09-12,2023-09-12,0,0,0,cadence,1,not_update_step,,
794,794,793,2023-09-13,2023-09-13,0,0,0,cadence,1,not_update_step,,
795,795,794,2023-09-14,2023-09-14,0,0,0,cadence,1,not_update_step,,
796,796,795,2023-09-15,2023-09-15,0,0,0,cadence,1,not_update_step,,
797,797,796,2023-09-18,2023-09-18,1,1,1,cadence,1,cadence_accept,-3.260793164372444e-07,-0.0002642589444935486
798,798,797,2023-09-19,2023-09-19,0,0,0,cadence,1,not_update_step,,
799,799,798,2023-09-20,2023-09-20,0,0,0,cadence,1,not_update_step,,
800,800,799,2023-09-21,2023-09-21,0,0,0,cadence,1,not_update_step,,
801,801,800,2023-09-22,2023-09-22,0,0,0,cadence,1,not_update_step,,
802,802,801,2023-09-25,2023-09-25,1,1,1,cadence,1,cadence_accept,-3.41096892952919e-07,-0.00012700032001085855
803,803,802,2023-09-26,2023-09-26,0,0,0,cadence,1,not_update_step,,
804,804,803,2023-09-27,2023-09-27,0,0,0,cadence,1,not_update_step,,
805,805,804,2023-09-28,2023-09-28,0,0,0,cadence,1,not_update_step,,
806,806,805,2023-09-29,2023-09-29,0,0,0,cadence,1,not_update_step,,
807,807,806,2023-10-02,2023-10-02,1,1,1,cadence,1,cadence_accept,-1.4435499906539917e-07,-6.71628266008057e-05
808,808,807,2023-10-03,2023-10-03,0,0,0,cadence,1,not_update_step,,
809,809,808,2023-10-04,2023-10-04,0,0,0,cadence,1,not_update_step,,
810,810,809,2023-10-05,2023-10-05,0,0,0,cadence,1,not_update_step,,
811,811,810,2023-10-06,2023-10-06,0,0,0,cadence,1,not_update_step,,
812,812,811,2023-10-09,2023-10-09,1,1,1,cadence,1,cadence_accept,-1.7648562788963318e-07,-6.054299556997555e-05
813,813,812,2023-10-10,2023-10-10,0,0,0,cadence,1,not_update_step,,
814,814,813,2023-10-11,2023-10-11,0,0,0,cadence,1,not_update_step,,
815,815,814,2023-10-12,2023-10-12,0,0,0,cadence,1,not_update_step,,
816,816,815,2023-10-13,2023-10-13,0,0,0,cadence,1,not_update_step,,
817,817,816,2023-10-16,2023-10-16,1,1,1,cadence,1,cadence_accept,-1.6926787793636322e-07,-5.1510898967837955e-05
818,818,817,2023-10-17,2023-10-17,0,0,0,cadence,1,not_update_step,,
819,819,818,2023-10-18,2023-10-18,0,0,0,cadence,1,not_update_step,,
820,820,819,2023-10-19,2023-10-19,0,0,0,cadence,1,not_update_step,,
821,821,820,2023-10-20,2023-10-20,0,0,0,cadence,1,not_update_step,,
822,822,821,2023-10-23,2023-10-23,1,1,1,cadence,1,cadence_accept,-8.940696716308594e-08,-2.9590757502039847e-05
823,823,822,2023-10-24,2023-10-24,0,0,0,cadence,1,not_update_step,,
824,824,823,2023-10-25,2023-10-25,0,0,0,cadence,1,not_update_step,,
825,825,824,2023-10-26,2023-10-26,0,0,0,cadence,1,not_update_step,,
826,826,825,2023-10-27,2023-10-27,0,0,0,cadence,1,not_update_step,,
827,827,826,2023-10-30,2023-10-30,1,1,1,cadence,1,cadence_accept,-6.356276571750641e-08,-1.9400290813676367e-05
828,828,827,2023-10-31,2023-10-31,0,0,0,cadence,1,not_update_step,,
829,829,828,2023-11-01,2023-11-01,0,0,0,cadence,1,not_update_step,,
830,830,829,2023-11-02,2023-11-02,0,0,0,cadence,1,not_update_step,,
831,831,830,2023-11-03,2023-11-03,0,0,0,cadence,1,not_update_step,,
832,832,831,2023-11-06,2023-11-06,1,1,1,cadence,1,cadence_accept,-3.632158041000366e-08,-1.553929728242187e-05
833,833,832,2023-11-07,2023-11-07,0,0,0,cadence,1,not_update_step,,
834,834,833,2023-11-08,2023-11-08,0,0,0,cadence,1,not_update_step,,
835,835,834,2023-11-09,2023-11-09,0,0,0,cadence,1,not_update_step,,
836,836,835,2023-11-10,2023-11-10,0,0,0,cadence,1,not_update_step,,
837,837,836,2023-11-13,2023-11-13,1,1,1,cadence,1,cadence_accept,7.683411240577698e-09,2.6120715214296514e-06
838,838,837,2023-11-14,2023-11-14,0,0,0,cadence,1,not_update_step,,
839,839,838,2023-11-15,2023-11-15,0,0,0,cadence,1,not_update_step,,
840,840,839,2023-11-16,2023-11-16,0,0,0,cadence,1,not_update_step,,
841,841,840,2023-11-17,2023-11-17,0,0,0,cadence,1,not_update_step,,
842,842,841,2023-11-20,2023-11-20,1,1,1,cadence,1,cadence_accept,1.461012288928032e-08,2.1045044918044967e-05
843,843,842,2023-11-21,2023-11-21,0,0,0,cadence,1,not_update_step,,
844,844,843,2023-11-22,2023-11-22,0,0,0,cadence,1,not_update_step,,
845,845,844,2023-11-24,2023-11-24,0,0,0,cadence,1,not_update_step,,
846,846,845,2023-11-27,2023-11-27,1,1,1,cadence,1,cadence_accept,-1.9208528101444244e-08,-5.2023628360577166e-05
847,847,846,2023-11-28,2023-11-28,0,0,0,cadence,1,not_update_step,,
848,848,847,2023-11-29,2023-11-29,0,0,0,cadence,1,not_update_step,,
849,849,848,2023-11-30,2023-11-30,0,0,0,cadence,1,not_update_step,,
850,850,849,2023-12-01,2023-12-01,0,0,0,cadence,1,not_update_step,,
851,851,850,2023-12-04,2023-12-04,1,1,1,cadence,1,cadence_accept,-8.847564458847046e-08,-3.9497233461012713e-05
852,852,851,2023-12-05,2023-12-05,0,0,0,cadence,1,not_update_step,,
853,853,852,2023-12-06,2023-12-06,0,0,0,cadence,1,not_update_step,,
854,854,853,2023-12-07,2023-12-07,0,0,0,cadence,1,not_update_step,,
855,855,854,2023-12-08,2023-12-08,0,0,0,cadence,1,not_update_step,,
856,856,855,2023-12-11,2023-12-11,1,1,1,cadence,1,cadence_accept,-8.940696716308594e-08,-3.977112544094519e-05
857,857,856,2023-12-12,2023-12-12,0,0,0,cadence,1,not_update_step,,
858,858,857,2023-12-13,2023-12-13,0,0,0,cadence,1,not_update_step,,
859,859,858,2023-12-14,2023-12-14,0,0,0,cadence,1,not_update_step,,
860,860,859,2023-12-15,2023-12-15,0,0,0,cadence,1,not_update_step,,
861,861,860,2023-12-18,2023-12-18,1,1,1,cadence,1,cadence_accept,-1.632142812013626e-07,-4.236009158590592e-05
862,862,861,2023-12-19,2023-12-19,0,0,0,cadence,1,not_update_step,,
863,863,862,2023-12-20,2023-12-20,0,0,0,cadence,1,not_update_step,,
864,864,863,2023-12-21,2023-12-21,0,0,0,cadence,1,not_update_step,,
865,865,864,2023-12-22,2023-12-22,0,0,0,cadence,1,not_update_step,,
866,866,865,2023-12-26,2023-12-26,1,1,1,cadence,1,cadence_accept,-2.682209014892578e-07,-5.849386818471646e-05
867,867,866,2023-12-27,2023-12-27,0,0,0,cadence,1,not_update_step,,
868,868,867,2023-12-28,2023-12-28,0,0,0,cadence,1,not_update_step,,
869,869,868,2023-12-29,2023-12-29,0,0,0,cadence,1,not_update_step,,
870,870,869,2024-01-02,2024-01-02,1,1,1,cadence,1,cadence_accept,-3.8137659430503845e-07,-7.332977337809811e-05
871,871,870,2024-01-03,2024-01-03,0,0,0,cadence,1,not_update_step,,
872,872,871,2024-01-04,2024-01-04,0,0,0,cadence,1,not_update_step,,
873,873,872,2024-01-05,2024-01-05,0,0,0,cadence,1,not_update_step,,
874,874,873,2024-01-08,2024-01-08,1,1,1,cadence,1,cadence_accept,-3.525055944919586e-07,-7.44383664426873e-05
875,875,874,2024-01-09,2024-01-09,0,0,0,cadence,1,not_update_step,,
876,876,875,2024-01-10,2024-01-10,0,0,0,cadence,1,not_update_step,,
877,877,876,2024-01-11,2024-01-11,0,0,0,cadence,1,not_update_step,,
878,878,877,2024-01-12,2024-01-12,0,0,0,cadence,1,not_update_step,,
879,879,878,2024-01-16,2024-01-16,1,1,1,cadence,1,cadence_accept,-4.6798959374427795e-07,-7.786489347251906e-05
880,880,879,2024-01-17,2024-01-17,0,0,0,cadence,1,not_update_step,,
881,881,880,2024-01-18,2024-01-18,0,0,0,cadence,1,not_update_step,,
882,882,881,2024-01-19,2024-01-19,0,0,0,cadence,1,not_update_step,,
883,883,882,2024-01-22,2024-01-22,1,1,1,cadence,1,cadence_accept,-4.5355409383773804e-07,-9.117522997446556e-05
884,884,883,2024-01-23,2024-01-23,0,0,0,cadence,1,not_update_step,,
885,885,884,2024-01-24,2024-01-24,0,0,0,cadence,1,not_update_step,,
886,886,885,2024-01-25,2024-01-25,0,0,0,cadence,1,not_update_step,,
887,887,886,2024-01-26,2024-01-26,0,0,0,cadence,1,not_update_step,,
888,888,887,2024-01-29,2024-01-29,1,1,1,cadence,1,cadence_accept,-5.830079317092896e-07,-0.00010617549586347983
889,889,888,2024-01-30,2024-01-30,0,0,0,cadence,1,not_update_step,,
890,890,889,2024-01-31,2024-01-31,0,0,0,cadence,1,not_update_step,,
891,891,890,2024-02-01,2024-02-01,0,0,0,cadence,1,not_update_step,,
892,892,891,2024-02-02,2024-02-02,0,0,0,cadence,1,not_update_step,,
893,893,892,2024-02-05,2024-02-05,1,1,1,cadence,1,cadence_accept,-6.365589797496796e-07,-0.0001261198906317425
894,894,893,2024-02-06,2024-02-06,0,0,0,cadence,1,not_update_step,,
895,895,894,2024-02-07,2024-02-07,0,0,0,cadence,1,not_update_step,,
896,896,895,2024-02-08,2024-02-08,0,0,0,cadence,1,not_update_step,,
897,897,896,2024-02-09,2024-02-09,0,0,0,cadence,1,not_update_step,,
898,898,897,2024-02-12,2024-02-12,1,1,1,cadence,1,cadence_accept,-8.381903171539307e-07,-0.0001373114389510387
899,899,898,2024-02-13,2024-02-13,0,0,0,cadence,1,not_update_step,,
900,900,899,2024-02-14,2024-02-14,0,0,0,cadence,1,not_update_step,,
901,901,900,2024-02-15,2024-02-15,0,0,0,cadence,1,not_update_step,,
902,902,901,2024-02-16,2024-02-16,0,0,0,cadence,1,not_update_step,,
903,903,902,2024-02-20,2024-02-20,1,1,1,cadence,1,cadence_accept,-1.0509975254535675e-06,-0.00015379746867694941
904,904,903,2024-02-21,2024-02-21,0,0,0,cadence,1,not_update_step,,
905,905,904,2024-02-22,2024-02-22,0,0,0,cadence,1,not_update_step,,
906,906,905,2024-02-23,2024-02-23,0,0,0,cadence,1,not_update_step,,
907,907,906,2024-02-26,2024-02-26,1,1,1,cadence,1,cadence_accept,-1.000240445137024e-06,-0.00014520847520542755
908,908,907,2024-02-27,2024-02-27,0,0,0,cadence,1,not_update_step,,
909,909,908,2024-02-28,2024-02-28,0,0,0,cadence,1,not_update_step,,
910,910,909,2024-02-29,2024-02-29,0,0,0,cadence,1,not_update_step,,
911,911,910,2024-03-01,2024-03-01,0,0,0,cadence,1,not_update_step,,
912,912,911,2024-03-04,2024-03-04,1,1,1,cadence,1,cadence_accept,-9.494833648204803e-07,-0.00014205017483143642
913,913,912,2024-03-05,2024-03-05,0,0,0,cadence,1,not_update_step,,
914,914,913,2024-03-06,2024-03-06,0,0,0,cadence,1,not_update_step,,
915,915,914,2024-03-07,2024-03-07,0,0,0,cadence,1,not_update_step,,
916,916,915,2024-03-08,2024-03-08,0,0,0,cadence,1,not_update_step,,
917,917,916,2024-03-11,2024-03-11,1,1,1,cadence,1,cadence_accept,-6.281770765781403e-07,-0.00011817315685320432
918,918,917,2024-03-12,2024-03-12,0,0,0,cadence,1,not_update_step,,
919,919,918,2024-03-13,2024-03-13,0,0,0,cadence,1,not_update_step,,
920,920,919,2024-03-14,2024-03-14,0,0,0,cadence,1,not_update_step,,
921,921,920,2024-03-15,2024-03-15,0,0,0,cadence,1,not_update_step,,
922,922,921,2024-03-18,2024-03-18,1,1,1,cadence,1,cadence_accept,-5.955807864665985e-07,-9.889268031697226e-05
923,923,922,2024-03-19,2024-03-19,0,0,0,cadence,1,not_update_step,,
924,924,923,2024-03-20,2024-03-20,0,0,0,cadence,1,not_update_step,,
925,925,924,2024-03-21,2024-03-21,0,0,0,cadence,1,not_update_step,,
926,926,925,2024-03-22,2024-03-22,0,0,0,cadence,1,not_update_step,,
927,927,926,2024-03-25,2024-03-25,1,1,1,cadence,1,cadence_accept,-5.066394805908203e-07,-7.997210383585764e-05
928,928,927,2024-03-26,2024-03-26,0,0,0,cadence,1,not_update_step,,
929,929,928,2024-03-27,2024-03-27,0,0,0,cadence,1,not_update_step,,
930,930,929,2024-03-28,2024-03-28,0,0,0,cadence,1,not_update_step,,
931,931,930,2024-04-01,2024-04-01,1,1,1,cadence,1,cadence_accept,-4.353933036327362e-07,-6.281571614720674e-05
932,932,931,2024-04-02,2024-04-02,0,0,0,cadence,1,not_update_step,,
933,933,932,2024-04-03,2024-04-03,0,0,0,cadence,1,not_update_step,,
934,934,933,2024-04-04,2024-04-04,0,0,0,cadence,1,not_update_step,,
935,935,934,2024-04-05,2024-04-05,0,0,0,cadence,1,not_update_step,,
936,936,935,2024-04-08,2024-04-08,1,1,1,cadence,1,cadence_accept,-3.67872416973114e-07,-5.699953576963258e-05
937,937,936,2024-04-09,2024-04-09,0,0,0,cadence,1,not_update_step,,
938,938,937,2024-04-10,2024-04-10,0,0,0,cadence,1,not_update_step,,
939,939,938,2024-04-11,2024-04-11,0,0,0,cadence,1,not_update_step,,
940,940,939,2024-04-12,2024-04-12,0,0,0,cadence,1,not_update_step,,
941,941,940,2024-04-15,2024-04-15,1,1,1,cadence,1,cadence_accept,-2.0721927285194397e-07,-4.174759366498069e-05
942,942,941,2024-04-16,2024-04-16,0,0,0,cadence,1,not_update_step,,
943,943,942,2024-04-17,2024-04-17,0,0,0,cadence,1,not_update_step,,
944,944,943,2024-04-18,2024-04-18,0,0,0,cadence,1,not_update_step,,
945,945,944,2024-04-19,2024-04-19,0,0,0,cadence,1,not_update_step,,
946,946,945,2024-04-22,2024-04-22,1,1,1,cadence,1,cadence_accept,-1.9371509552001953e-07,-4.192687870815654e-05
947,947,946,2024-04-23,2024-04-23,0,0,0,cadence,1,not_update_step,,
948,948,947,2024-04-24,2024-04-24,0,0,0,cadence,1,not_update_step,,
949,949,948,2024-04-25,2024-04-25,0,0,0,cadence,1,not_update_step,,
950,950,949,2024-04-26,2024-04-26,0,0,0,cadence,1,not_update_step,,
951,951,950,2024-04-29,2024-04-29,1,1,1,cadence,1,cadence_accept,-3.026798367500305e-09,-7.74861305588371e-07
952,952,951,2024-04-30,2024-04-30,0,0,0,cadence,1,not_update_step,,
953,953,952,2024-05-01,2024-05-01,0,0,0,cadence,1,not_update_step,,
954,954,953,2024-05-02,2024-05-02,0,0,0,cadence,1,not_update_step,,
955,955,954,2024-05-03,2024-05-03,0,0,0,cadence,1,not_update_step,,
956,956,955,2024-05-06,2024-05-06,1,1,1,cadence,1,cadence_accept,1.2223608791828156e-07,3.736001468209723e-05
957,957,956,2024-05-07,2024-05-07,0,0,0,cadence,1,not_update_step,,
958,958,957,2024-05-08,2024-05-08,0,0,0,cadence,1,not_update_step,,
959,959,958,2024-05-09,2024-05-09,0,0,0,cadence,1,not_update_step,,
960,960,959,2024-05-10,2024-05-10,0,0,0,cadence,1,not_update_step,,
961,961,960,2024-05-13,2024-05-13,1,1,1,cadence,1,cadence_accept,2.5564804673194885e-07,6.136481380341911e-05
962,962,961,2024-05-14,2024-05-14,0,0,0,cadence,1,not_update_step,,
963,963,962,2024-05-15,2024-05-15,0,0,0,cadence,1,not_update_step,,
964,964,963,2024-05-16,2024-05-16,0,0,0,cadence,1,not_update_step,,
965,965,964,2024-05-17,2024-05-17,0,0,0,cadence,1,not_update_step,,
966,966,965,2024-05-20,2024-05-20,1,1,1,cadence,1,cadence_accept,3.9581209421157837e-07,9.430707045597768e-05
967,967,966,2024-05-21,2024-05-21,0,0,0,cadence,1,not_update_step,,
968,968,967,2024-05-22,2024-05-22,0,0,0,cadence,1,not_update_step,,
969,969,968,2024-05-23,2024-05-23,0,0,0,cadence,1,not_update_step,,
970,970,969,2024-05-24,2024-05-24,0,0,0,cadence,1,not_update_step,,
971,971,970,2024-05-28,2024-05-28,1,1,1,cadence,1,cadence_accept,5.192123353481293e-07,0.00011776292683089465
972,972,971,2024-05-29,2024-05-29,0,0,0,cadence,1,not_update_step,,
973,973,972,2024-05-30,2024-05-30,0,0,0,cadence,1,not_update_step,,
974,974,973,2024-05-31,2024-05-31,0,0,0,cadence,1,not_update_step,,
975,975,974,2024-06-03,2024-06-03,1,1,1,cadence,1,cadence_accept,7.390044629573822e-07,0.00016756184316339904
976,976,975,2024-06-04,2024-06-04,0,0,0,cadence,1,not_update_step,,
977,977,976,2024-06-05,2024-06-05,0,0,0,cadence,1,not_update_step,,
978,978,977,2024-06-06,2024-06-06,0,0,0,cadence,1,not_update_step,,
979,979,978,2024-06-07,2024-06-07,0,0,0,cadence,1,not_update_step,,
980,980,979,2024-06-10,2024-06-10,1,1,1,cadence,1,cadence_accept,5.823094397783279e-07,0.00017075047731392038
981,981,980,2024-06-11,2024-06-11,0,0,0,cadence,1,not_update_step,,
982,982,981,2024-06-12,2024-06-12,0,0,0,cadence,1,not_update_step,,
983,983,982,2024-06-13,2024-06-13,0,0,0,cadence,1,not_update_step,,
984,984,983,2024-06-14,2024-06-14,0,0,0,cadence,1,not_update_step,,
985,985,984,2024-06-17,2024-06-17,1,1,1,cadence,1,cadence_accept,6.281770765781403e-07,0.000149883159985677
986,986,985,2024-06-18,2024-06-18,0,0,0,cadence,1,not_update_step,,
987,987,986,2024-06-20,2024-06-20,0,0,0,cadence,1,not_update_step,,
988,988,987,2024-06-21,2024-06-21,0,0,0,cadence,1,not_update_step,,
989,989,988,2024-06-24,2024-06-24,1,1,1,cadence,1,cadence_accept,5.722977221012115e-07,0.00013418819252127744
990,990,989,2024-06-25,2024-06-25,0,0,0,cadence,1,not_update_step,,
991,991,990,2024-06-26,2024-06-26,0,0,0,cadence,1,not_update_step,,
992,992,991,2024-06-27,2024-06-27,0,0,0,cadence,1,not_update_step,,
993,993,992,2024-06-28,2024-06-28,0,0,0,cadence,1,not_update_step,,
994,994,993,2024-07-01,2024-07-01,1,1,1,cadence,1,cadence_accept,6.752088665962219e-07,0.00012768724407300413
995,995,994,2024-07-02,2024-07-02,0,0,0,cadence,1,not_update_step,,
996,996,995,2024-07-03,2024-07-03,0,0,0,cadence,1,not_update_step,,
997,997,996,2024-07-05,2024-07-05,0,0,0,cadence,1,not_update_step,,
998,998,997,2024-07-08,2024-07-08,1,1,1,cadence,1,cadence_accept,4.1583552956581116e-07,0.00011322582920255788
999,999,998,2024-07-09,2024-07-09,0,0,0,cadence,1,not_update_step,,
1000,1000,999,2024-07-10,2024-07-10,0,0,0,cadence,1,not_update_step,,
1001,1001,1000,2024-07-11,2024-07-11,0,0,0,cadence,1,not_update_step,,
1002,1002,1001,2024-07-12,2024-07-12,0,0,0,cadence,1,not_update_step,,
1003,1003,1002,2024-07-15,2024-07-15,1,1,1,cadence,1,cadence_accept,3.8230791687965393e-07,0.00010266908992974668
1004,1004,1003,2024-07-16,2024-07-16,0,0,0,cadence,1,not_update_step,,
1005,1005,1004,2024-07-17,2024-07-17,0,0,0,cadence,1,not_update_step,,
1006,1006,1005,2024-07-18,2024-07-18,0,0,0,cadence,1,not_update_step,,
1007,1007,1006,2024-07-19,2024-07-19,0,0,0,cadence,1,not_update_step,,
1008,1008,1007,2024-07-22,2024-07-22,1,1,1,cadence,1,cadence_accept,5.080364644527435e-07,0.00015182598927977094
1009,1009,1008,2024-07-23,2024-07-23,0,0,0,cadence,1,not_update_step,,
1010,1010,1009,2024-07-24,2024-07-24,0,0,0,cadence,1,not_update_step,,
1011,1011,1010,2024-07-25,2024-07-25,0,0,0,cadence,1,not_update_step,,
1012,1012,1011,2024-07-26,2024-07-26,0,0,0,cadence,1,not_update_step,,
1013,1013,1012,2024-07-29,2024-07-29,1,1,1,cadence,1,cadence_accept,2.551823854446411e-07,0.00012888163309097758
1014,1014,1013,2024-07-30,2024-07-30,0,0,0,cadence,1,not_update_step,,
1015,1015,1014,2024-07-31,2024-07-31,0,0,0,cadence,1,not_update_step,,
1016,1016,1015,2024-08-01,2024-08-01,0,0,0,cadence,1,not_update_step,,
1017,1017,1016,2024-08-02,2024-08-02,0,0,0,cadence,1,not_update_step,,
1018,1018,1017,2024-08-05,2024-08-05,1,1,1,cadence,1,cadence_accept,1.8812716007232666e-07,0.00020888800335328142
1019,1019,1018,2024-08-06,2024-08-06,0,0,0,cadence,1,not_update_step,,
1020,1020,1019,2024-08-07,2024-08-07,0,0,0,cadence,1,not_update_step,,
1021,1021,1020,2024-08-08,2024-08-08,0,0,0,cadence,1,not_update_step,,
1022,1022,1021,2024-08-09,2024-08-09,0,0,0,cadence,1,not_update_step,,
1023,1023,1022,2024-08-12,2024-08-12,1,1,1,cadence,1,cadence_accept,3.498280420899391e-08,5.5402269709145116e-05
1024,1024,1023,2024-08-13,2024-08-13,0,0,0,cadence,1,not_update_step,,
1025,1025,1024,2024-08-14,2024-08-14,0,0,0,cadence,1,not_update_step,,
1026,1026,1025,2024-08-15,2024-08-15,0,0,0,cadence,1,not_update_step,,
1027,1027,1026,2024-08-16,2024-08-16,0,0,0,cadence,1,not_update_step,,
1028,1028,1027,2024-08-19,2024-08-19,1,1,1,cadence,1,cadence_accept,7.648486644029617e-08,5.487783788406785e-05
1029,1029,1028,2024-08-20,2024-08-20,0,0,0,cadence,1,not_update_step,,
1030,1030,1029,2024-08-21,2024-08-21,0,0,0,cadence,1,not_update_step,,
1031,1031,1030,2024-08-22,2024-08-22,0,0,0,cadence,1,not_update_step,,
1032,1032,1031,2024-08-23,2024-08-23,0,0,0,cadence,1,not_update_step,,
1033,1033,1032,2024-08-26,2024-08-26,1,1,1,cadence,1,cadence_accept,2.2212043404579163e-07,9.894886019781245e-05
1034,1034,1033,2024-08-27,2024-08-27,0,0,0,cadence,1,not_update_step,,
1035,1035,1034,2024-08-28,2024-08-28,0,0,0,cadence,1,not_update_step,,
1036,1036,1035,2024-08-29,2024-08-29,0,0,0,cadence,1,not_update_step,,
1037,1037,1036,2024-08-30,2024-08-30,0,0,0,cadence,1,not_update_step,,
1038,1038,1037,2024-09-03,2024-09-03,1,1,1,cadence,1,cadence_accept,4.470348358154297e-07,0.00015036876760453477
1039,1039,1038,2024-09-04,2024-09-04,0,0,0,cadence,1,not_update_step,,
1040,1040,1039,2024-09-05,2024-09-05,0,0,0,cadence,1,not_update_step,,
1041,1041,1040,2024-09-06,2024-09-06,0,0,0,cadence,1,not_update_step,,
1042,1042,1041,2024-09-09,2024-09-09,1,1,1,cadence,1,cadence_accept,3.9814040064811707e-07,0.00018872503647187838
1043,1043,1042,2024-09-10,2024-09-10,0,0,0,cadence,1,not_update_step,,
1044,1044,1043,2024-09-11,2024-09-11,0,0,0,cadence,1,not_update_step,,
1045,1045,1044,2024-09-12,2024-09-12,0,0,0,cadence,1,not_update_step,,
1046,1046,1045,2024-09-13,2024-09-13,0,0,0,cadence,1,not_update_step,,
1047,1047,1046,2024-09-16,2024-09-16,1,1,1,cadence,1,cadence_accept,3.234017640352249e-07,0.00013706256658599356
1048,1048,1047,2024-09-17,2024-09-17,0,0,0,cadence,1,not_update_step,,
1049,1049,1048,2024-09-18,2024-09-18,0,0,0,cadence,1,not_update_step,,
1050,1050,1049,2024-09-19,2024-09-19,0,0,0,cadence,1,not_update_step,,
1051,1051,1050,2024-09-20,2024-09-20,0,0,0,cadence,1,not_update_step,,
1052,1052,1051,2024-09-23,2024-09-23,1,1,1,cadence,1,cadence_accept,2.9010698199272156e-07,0.00013243705540250046
1053,1053,1052,2024-09-24,2024-09-24,0,0,0,cadence,1,not_update_step,,
1054,1054,1053,2024-09-25,2024-09-25,0,0,0,cadence,1,not_update_step,,
1055,1055,1054,2024-09-26,2024-09-26,0,0,0,cadence,1,not_update_step,,
1056,1056,1055,2024-09-27,2024-09-27,0,0,0,cadence,1,not_update_step,,
1057,1057,1056,2024-09-30,2024-09-30,1,1,1,cadence,1,cadence_accept,2.0186416804790497e-07,9.87946482672e-05
1058,1058,1057,2024-10-01,2024-10-01,0,0,0,cadence,1,not_update_step,,
1059,1059,1058,2024-10-02,2024-10-02,0,0,0,cadence,1,not_update_step,,
1060,1060,1059,2024-10-03,2024-10-03,0,0,0,cadence,1,not_update_step,,
1061,1061,1060,2024-10-04,2024-10-04,0,0,0,cadence,1,not_update_step,,
1062,1062,1061,2024-10-07,2024-10-07,1,1,1,cadence,1,cadence_accept,1.371372491121292e-07,6.044470056376659e-05
1063,1063,1062,2024-10-08,2024-10-08,0,0,0,cadence,1,not_update_step,,
1064,1064,1063,2024-10-09,2024-10-09,0,0,0,cadence,1,not_update_step,,
1065,1065,1064,2024-10-10,2024-10-10,0,0,0,cadence,1,not_update_step,,
1066,1066,1065,2024-10-11,2024-10-11,0,0,0,cadence,1,not_update_step,,
1067,1067,1066,2024-10-14,2024-10-14,1,1,1,cadence,1,cadence_accept,3.1688250601291656e-07,8.32159383066376e-05
1068,1068,1067,2024-10-15,2024-10-15,0,0,0,cadence,1,not_update_step,,
1069,1069,1068,2024-10-16,2024-10-16,0,0,0,cadence,1,not_update_step,,
1070,1070,1069,2024-10-17,2024-10-17,0,0,0,cadence,1,not_update_step,,
1071,1071,1070,2024-10-18,2024-10-18,0,0,0,cadence,1,not_update_step,,
1072,1072,1071,2024-10-21,2024-10-21,1,1,1,cadence,1,cadence_accept,3.4598633646965027e-07,7.240861456343878e-05
1073,1073,1072,2024-10-22,2024-10-22,0,0,0,cadence,1,not_update_step,,
1074,1074,1073,2024-10-23,2024-10-23,0,0,0,cadence,1,not_update_step,,
1075,1075,1074,2024-10-24,2024-10-24,0,0,0,cadence,1,not_update_step,,
1076,1076,1075,2024-10-25,2024-10-25,0,0,0,cadence,1,not_update_step,,
1077,1077,1076,2024-10-28,2024-10-28,1,1,1,cadence,1,cadence_accept,3.466848284006119e-07,9.066662312622351e-05
1078,1078,1077,2024-10-29,2024-10-29,0,0,0,cadence,1,not_update_step,,
1079,1079,1078,2024-10-30,2024-10-30,0,0,0,cadence,1,not_update_step,,
1080,1080,1079,2024-10-31,2024-10-31,0,0,0,cadence,1,not_update_step,,
1081,1081,1080,2024-11-01,2024-11-01,0,0,0,cadence,1,not_update_step,,
1082,1082,1081,2024-11-04,2024-11-04,1,1,1,cadence,1,cadence_accept,3.7206336855888367e-07,9.329859213704719e-05
1083,1083,1082,2024-11-05,2024-11-05,0,0,0,cadence,1,not_update_step,,
1084,1084,1083,2024-11-06,2024-11-06,0,0,0,cadence,1,not_update_step,,
1085,1085,1084,2024-11-07,2024-11-07,0,0,0,cadence,1,not_update_step,,
1086,1086,1085,2024-11-08,2024-11-08,0,0,0,cadence,1,not_update_step,,
1087,1087,1086,2024-11-11,2024-11-11,1,1,1,cadence,1,cadence_accept,4.544854164123535e-07,8.167271065572887e-05
1088,1088,1087,2024-11-12,2024-11-12,0,0,0,cadence,1,not_update_step,,
1089,1089,1088,2024-11-13,2024-11-13,0,0,0,cadence,1,not_update_step,,
1090,1090,1089,2024-11-14,2024-11-14,0,0,0,cadence,1,not_update_step,,
1091,1091,1090,2024-11-15,2024-11-15,0,0,0,cadence,1,not_update_step,,
1092,1092,1091,2024-11-18,2024-11-18,1,1,1,cadence,1,cadence_accept,3.105960786342621e-07,6.422423906188312e-05
1093,1093,1092,2024-11-19,2024-11-19,0,0,0,cadence,1,not_update_step,,
1094,1094,1093,2024-11-20,2024-11-20,0,0,0,cadence,1,not_update_step,,
1095,1095,1094,2024-11-21,2024-11-21,0,0,0,cadence,1,not_update_step,,
1096,1096,1095,2024-11-22,2024-11-22,0,0,0,cadence,1,not_update_step,,
1097,1097,1096,2024-11-25,2024-11-25,1,1,1,cadence,1,cadence_accept,4.2282044887542725e-07,7.595455975272347e-05
1098,1098,1097,2024-11-26,2024-11-26,0,0,0,cadence,1,not_update_step,,
1099,1099,1098,2024-11-27,2024-11-27,0,0,0,cadence,1,not_update_step,,
1100,1100,1099,2024-11-29,2024-11-29,0,0,0,cadence,1,not_update_step,,
1101,1101,1100,2024-12-02,2024-12-02,1,1,1,cadence,1,cadence_accept,7.59027898311615e-07,8.561269697307896e-05
1102,1102,1101,2024-12-03,2024-12-03,0,0,0,cadence,1,not_update_step,,
1103,1103,1102,2024-12-04,2024-12-04,0,0,0,cadence,1,not_update_step,,
1104,1104,1103,2024-12-05,2024-12-05,0,0,0,cadence,1,not_update_step,,
1105,1105,1104,2024-12-06,2024-12-06,0,0,0,cadence,1,not_update_step,,
1106,1106,1105,2024-12-09,2024-12-09,1,1,1,cadence,1,cadence_accept,9.117648005485535e-07,8.716704347698074e-05
1107,1107,1106,2024-12-10,2024-12-10,0,0,0,cadence,1,not_update_step,,
1108,1108,1107,2024-12-11,2024-12-11,0,0,0,cadence,1,not_update_step,,
1109,1109,1108,2024-12-12,2024-12-12,0,0,0,cadence,1,not_update_step,,
1110,1110,1109,2024-12-13,2024-12-13,0,0,0,cadence,1,not_update_step,,
1111,1111,1110,2024-12-16,2024-12-16,1,1,1,cadence,1,cadence_accept,7.748603820800781e-07,7.849612740635827e-05
1112,1112,1111,2024-12-17,2024-12-17,0,0,0,cadence,1,not_update_step,,
1113,1113,1112,2024-12-18,2024-12-18,0,0,0,cadence,1,not_update_step,,
1114,1114,1113,2024-12-19,2024-12-19,0,0,0,cadence,1,not_update_step,,
1115,1115,1114,2024-12-20,2024-12-20,0,0,0,cadence,1,not_update_step,,
1116,1116,1115,2024-12-23,2024-12-23,1,1,1,cadence,1,cadence_accept,6.537884473800659e-07,7.736367516656127e-05
1117,1117,1116,2024-12-24,2024-12-24,0,0,0,cadence,1,not_update_step,,
1118,1118,1117,2024-12-26,2024-12-26,0,0,0,cadence,1,not_update_step,,
1119,1119,1118,2024-12-27,2024-12-27,0,0,0,cadence,1,not_update_step,,
1120,1120,1119,2024-12-30,2024-12-30,1,1,1,cadence,1,cadence_accept,5.280598998069763e-07,7.306456225971134e-05
1121,1121,1120,2024-12-31,2024-12-31,0,0,0,cadence,1,not_update_step,,
