epoch,train_loss,val_loss,train_mean_return,train_mean_log1p_return,train_cvar,train_turnover,train_volatility,train_vol_excess,train_weight_path,train_diversify,val_mean_return,val_mean_log1p_return,val_cvar,val_turnover,val_volatility,val_vol_excess,val_weight_path,val_diversify,train_diag_grad_norm_pre_mean,train_diag_grad_norm_pre_max,train_diag_grad_norm_post_mean,train_diag_grad_norm_post_max,train_diag_nan_loss_batches,train_diag_nan_grad_batches,train_diag_skipped_nan_batches,train_term_breakdown,val_term_breakdown,lr
1,0.10351978987455368,0.06530551612377167,0.001478043229629596,0.001223092491272837,-0.0032852987836425505,0.00033740868093445897,0.0005165269443144401,0.10335514942804973,1.630406150828397e-07,0.0,0.002574509708210826,0.002375013427808881,-0.001133309444412589,1.0941041637124727e-06,0.0003995546721853316,0.06731337308883667,1.21481416506114e-12,0.0,0.5389051735401154,0.6430010795593262,0.5389051735401154,0.6430010795593262,0,0,0,"{'mean': {'raw': -0.001478043229629596, 'lambda': 1.0, 'weighted': -0.001478043229629596}, 'log_growth': {'raw': -0.001223092491272837, 'lambda': 0.0, 'weighted': 0.0}, 'cvar': {'raw': 0.0032852987836425505, 'lambda': 0.5, 'weighted': 0.0016426493918212752}, 'turnover': {'raw': 0.00033740868093445897, 'lambda': 0.0001, 'weighted': 3.3740867877440905e-08}, 'volatility': {'raw': 0.0005165269443144401, 'lambda': 0.0, 'weighted': 0.0}, 'vol_excess': {'raw': 0.10335514942804973, 'lambda': 1.0, 'weighted': 0.10335514942804973}, 'weight_path': {'raw': 1.630406150828397e-07, 'lambda': 0.0, 'weighted': 0.0}, 'diversify': {'raw': 0.0, 'lambda': 0.0, 'weighted': 0.0}}","{'mean': {'raw': -0.002574509708210826, 'lambda': 1.0, 'weighted': -0.002574509708210826}, 'log_growth': {'raw': -0.002375013427808881, 'lambda': 0.0, 'weighted': 0.0}, 'cvar': {'raw': 0.001133309444412589, 'lambda': 0.5, 'weighted': 0.0005666547222062945}, 'turnover': {'raw': 1.0941041637124727e-06, 'lambda': 0.0001, 'weighted': 1.0941041128642581e-10}, 'volatility': {'raw': 0.0003995546721853316, 'lambda': 0.0, 'weighted': 0.0}, 'vol_excess': {'raw': 0.06731337308883667, 'lambda': 1.0, 'weighted': 0.06731337308883667}, 'weight_path': {'raw': 1.21481416506114e-12, 'lambda': 0.0, 'weighted': 0.0}, 'diversify': {'raw': 0.0, 'lambda': 0.0, 'weighted': 0.0}}",0.0003
2,0.09975680677841108,0.061307813972234726,0.0014628569673125942,0.001213113156457742,-0.003209671354852617,0.0013821681883806984,0.0005057470116298646,0.09961468974749248,1.663263636449604e-06,0.0,0.0025436878204345703,0.002349103568121791,-0.0010778838768601418,2.28432463700301e-06,0.0003895426634699106,0.06331256031990051,5.272989510307635e-12,0.0,0.5730692148208618,0.7166814804077148,0.5730692148208618,0.7166814804077148,0,0,0,"{'mean': {'raw': -0.0014628569673125942, 'lambda': 1.0, 'weighted': -0.0014628569673125942}, 'log_growth': {'raw': -0.001213113156457742, 'lambda': 0.0, 'weighted': 0.0}, 'cvar': {'raw': 0.003209671354852617, 'lambda': 0.5, 'weighted': 0.0016048356774263084}, 'turnover': {'raw': 0.0013821681883806984, 'lambda': 0.0001, 'weighted': 1.3821681221770632e-07}, 'volatility': {'raw': 0.0005057470116298646, 'lambda': 0.0, 'weighted': 0.0}, 'vol_excess': {'raw': 0.09961468974749248, 'lambda': 1.0, 'weighted': 0.09961468974749248}, 'weight_path': {'raw': 1.663263636449604e-06, 'lambda': 0.0, 'weighted': 0.0}, 'diversify': {'raw': 0.0, 'lambda': 0.0, 'weighted': 0.0}}","{'mean': {'raw': -0.0025436878204345703, 'lambda': 1.0, 'weighted': -0.0025436878204345703}, 'log_growth': {'raw': -0.002349103568121791, 'lambda': 0.0, 'weighted': 0.0}, 'cvar': {'raw': 0.0010778838768601418, 'lambda': 0.5, 'weighted': 0.0005389419384300709}, 'turnover': {'raw': 2.28432463700301e-06, 'lambda': 0.0001, 'weighted': 2.2843245350845365e-10}, 'volatility': {'raw': 0.0003895426634699106, 'lambda': 0.0, 'weighted': 0.0}, 'vol_excess': {'raw': 0.06331256031990051, 'lambda': 1.0, 'weighted': 0.06331256031990051}, 'weight_path': {'raw': 5.272989510307635e-12, 'lambda': 0.0, 'weighted': 0.0}, 'diversify': {'raw': 0.0, 'lambda': 0.0, 'weighted': 0.0}}",0.0003
3,0.09522431654234727,0.05653064325451851,0.0014438598494355877,0.0012003230901124577,-0.003119877694795529,0.002644891928260525,0.0004929184700207164,0.09510797262191772,5.4709450220495155e-06,0.0,0.0025067476090043783,0.002317956415936351,-0.0010129857109859586,3.555058128767996e-06,0.00037774333031848073,0.05853089690208435,1.2763523744852012e-11,0.0,0.6204054256280264,0.762927770614624,0.6204054256280264,0.762927770614624,0,0,0,"{'mean': {'raw': -0.0014438598494355877, 'lambda': 1.0, 'weighted': -0.0014438598494355877}, 'log_growth': {'raw': -0.0012003230901124577, 'lambda': 0.0, 'weighted': 0.0}, 'cvar': {'raw': 0.003119877694795529, 'lambda': 0.5, 'weighted': 0.0015599388473977645}, 'turnover': {'raw': 0.002644891928260525, 'lambda': 0.0001, 'weighted': 2.644891926214162e-07}, 'volatility': {'raw': 0.0004929184700207164, 'lambda': 0.0, 'weighted': 0.0}, 'vol_excess': {'raw': 0.09510797262191772, 'lambda': 1.0, 'weighted': 0.09510797262191772}, 'weight_path': {'raw': 5.4709450220495155e-06, 'lambda': 0.0, 'weighted': 0.0}, 'diversify': {'raw': 0.0, 'lambda': 0.0, 'weighted': 0.0}}","{'mean': {'raw': -0.0025067476090043783, 'lambda': 1.0, 'weighted': -0.0025067476090043783}, 'log_growth': {'raw': -0.002317956415936351, 'lambda': 0.0, 'weighted': 0.0}, 'cvar': {'raw': 0.0010129857109859586, 'lambda': 0.5, 'weighted': 0.0005064928554929793}, 'turnover': {'raw': 3.555058128767996e-06, 'lambda': 0.0001, 'weighted': 3.555057914716997e-10}, 'volatility': {'raw': 0.00037774333031848073, 'lambda': 0.0, 'weighted': 0.0}, 'vol_excess': {'raw': 0.05853089690208435, 'lambda': 1.0, 'weighted': 0.05853089690208435}, 'weight_path': {'raw': 1.2763523744852012e-11, 'lambda': 0.0, 'weighted': 0.0}, 'diversify': {'raw': 0.0, 'lambda': 0.0, 'weighted': 0.0}}",0.0003
4,0.08968593288833897,0.0508994497358799,0.0014239753363654017,0.0011879037289569776,-0.0030088591932629547,0.003883839196835955,0.00047748954966664314,0.08960509300231934,1.2120369016580904e-05,0.0,0.002463042736053467,0.0022809721995145082,-0.0009383601136505604,4.647602054319577e-06,0.0003640649083536118,0.05289331078529358,2.1886315676455936e-11,0.0,0.6722214718659719,0.8343248963356018,0.6722214718659719,0.8343248963356018,0,0,0,"{'mean': {'raw': -0.0014239753363654017, 'lambda': 1.0, 'weighted': -0.0014239753363654017}, 'log_growth': {'raw': -0.0011879037289569776, 'lambda': 0.0, 'weighted': 0.0}, 'cvar': {'raw': 0.0030088591932629547, 'lambda': 0.5, 'weighted': 0.0015044295966314773}, 'turnover': {'raw': 0.003883839196835955, 'lambda': 0.0001, 'weighted': 3.8838391939558886e-07}, 'volatility': {'raw': 0.00047748954966664314, 'lambda': 0.0, 'weighted': 0.0}, 'vol_excess': {'raw': 0.08960509300231934, 'lambda': 1.0, 'weighted': 0.08960509300231934}, 'weight_path': {'raw': 1.2120369016580904e-05, 'lambda': 0.0, 'weighted': 0.0}, 'diversify': {'raw': 0.0, 'lambda': 0.0, 'weighted': 0.0}}","{'mean': {'raw': -0.002463042736053467, 'lambda': 1.0, 'weighted': -0.002463042736053467}, 'log_growth': {'raw': -0.0022809721995145082, 'lambda': 0.0, 'weighted': 0.0}, 'cvar': {'raw': 0.0009383601136505604, 'lambda': 0.5, 'weighted': 0.0004691800568252802}, 'turnover': {'raw': 4.647602054319577e-06, 'lambda': 0.0001, 'weighted': 4.6476020254537787e-10}, 'volatility': {'raw': 0.0003640649083536118, 'lambda': 0.0, 'weighted': 0.0}, 'vol_excess': {'raw': 0.05289331078529358, 'lambda': 1.0, 'weighted': 0.05289331078529358}, 'weight_path': {'raw': 2.1886315676455936e-11, 'lambda': 0.0, 'weighted': 0.0}, 'diversify': {'raw': 0.0, 'lambda': 0.0, 'weighted': 0.0}}",0.0003
5,0.08408735928727158,0.04487006738781929,0.0013987881829962134,0.0011703472506875794,-0.002899967599660158,0.00538708937043945,0.0004617591330315918,0.08403562506039937,2.2872124948965695e-05,0.0,0.00241604121401906,0.002241038018837571,-0.0008607186609879136,5.306685579853365e-06,0.0003496957942843437,0.04685574769973755,2.8529165141399915e-11,0.0,0.5363823830460509,0.860769510269165,0.5363823830460509,0.860769510269165,0,0,0,"{'mean': {'raw': -0.0013987881829962134, 'lambda': 1.0, 'weighted': -0.0013987881829962134}, 'log_growth': {'raw': -0.0011703472506875794, 'lambda': 0.0, 'weighted': 0.0}, 'cvar': {'raw': 0.002899967599660158, 'lambda': 0.5, 'weighted': 0.001449983799830079}, 'turnover': {'raw': 0.00538708937043945, 'lambda': 0.0001, 'weighted': 5.387089269485538e-07}, 'volatility': {'raw': 0.0004617591330315918, 'lambda': 0.0, 'weighted': 0.0}, 'vol_excess': {'raw': 0.08403562506039937, 'lambda': 1.0, 'weighted': 0.08403562506039937}, 'weight_path': {'raw': 2.2872124948965695e-05, 'lambda': 0.0, 'weighted': 0.0}, 'diversify': {'raw': 0.0, 'lambda': 0.0, 'weighted': 0.0}}","{'mean': {'raw': -0.00241604121401906, 'lambda': 1.0, 'weighted': -0.00241604121401906}, 'log_growth': {'raw': -0.002241038018837571, 'lambda': 0.0, 'weighted': 0.0}, 'cvar': {'raw': 0.0008607186609879136, 'lambda': 0.5, 'weighted': 0.0004303593304939568}, 'turnover': {'raw': 5.306685579853365e-06, 'lambda': 0.0001, 'weighted': 5.306685646466747e-10}, 'volatility': {'raw': 0.0003496957942843437, 'lambda': 0.0, 'weighted': 0.0}, 'vol_excess': {'raw': 0.04685574769973755, 'lambda': 1.0, 'weighted': 0.04685574769973755}, 'weight_path': {'raw': 2.8529165141399915e-11, 'lambda': 0.0, 'weighted': 0.0}, 'diversify': {'raw': 0.0, 'lambda': 0.0, 'weighted': 0.0}}",0.0003
6,0.0785030783736147,0.03831269219517708,0.001366939744912088,0.0011477475442613165,-0.0027714307652786374,0.007214518263936043,0.0004426163262299572,0.07848358154296875,4.1537208744557574e-05,0.0,0.002364665037021041,0.002197195077314973,-0.0007789506926201284,5.493301159731345e-06,0.00033439305843785405,0.04028788208961487,3.048631833091342e-11,0.0,0.5835215835832059,0.9547692537307739,0.5835215835832059,0.9547692537307739,0,0,0,"{'mean': {'raw': -0.001366939744912088, 'lambda': 1.0, 'weighted': -0.001366939744912088}, 'log_growth': {'raw': -0.0011477475442613165, 'lambda': 0.0, 'weighted': 0.0}, 'cvar': {'raw': 0.0027714307652786374, 'lambda': 0.5, 'weighted': 0.0013857153826393187}, 'turnover': {'raw': 0.007214518263936043, 'lambda': 0.0001, 'weighted': 7.214518215429658e-07}, 'volatility': {'raw': 0.0004426163262299572, 'lambda': 0.0, 'weighted': 0.0}, 'vol_excess': {'raw': 0.07848358154296875, 'lambda': 1.0, 'weighted': 0.07848358154296875}, 'weight_path': {'raw': 4.1537208744557574e-05, 'lambda': 0.0, 'weighted': 0.0}, 'diversify': {'raw': 0.0, 'lambda': 0.0, 'weighted': 0.0}}","{'mean': {'raw': -0.002364665037021041, 'lambda': 1.0, 'weighted': -0.002364665037021041}, 'log_growth': {'raw': -0.002197195077314973, 'lambda': 0.0, 'weighted': 0.0}, 'cvar': {'raw': 0.0007789506926201284, 'lambda': 0.5, 'weighted': 0.0003894753463100642}, 'turnover': {'raw': 5.493301159731345e-06, 'lambda': 0.0001, 'weighted': 5.49330081422994e-10}, 'volatility': {'raw': 0.00033439305843785405, 'lambda': 0.0, 'weighted': 0.0}, 'vol_excess': {'raw': 0.04028788208961487, 'lambda': 1.0, 'weighted': 0.04028788208961487}, 'weight_path': {'raw': 3.048631833091342e-11, 'lambda': 0.0, 'weighted': 0.0}, 'diversify': {'raw': 0.0, 'lambda': 0.0, 'weighted': 0.0}}",0.0003
7,0.07335244157002307,0.031135626137256622,0.0013357102094839017,0.0011252083155947428,-0.00265014353984346,0.009181932546198368,0.0004247674854317059,0.0733621617158254,7.022599796376501e-05,0.0,0.002308097667992115,0.0021486913319677114,-0.0006926740170456469,5.503443389898166e-06,0.0003180322237312794,0.03309738636016846,2.922806788263621e-11,0.0,0.6080776282275716,0.9622913599014282,0.6080776282275716,0.9622913599014282,0,0,0,"{'mean': {'raw': -0.0013357102094839017, 'lambda': 1.0, 'weighted': -0.0013357102094839017}, 'log_growth': {'raw': -0.0011252083155947428, 'lambda': 0.0, 'weighted': 0.0}, 'cvar': {'raw': 0.00265014353984346, 'lambda': 0.5, 'weighted': 0.00132507176992173}, 'turnover': {'raw': 0.009181932546198368, 'lambda': 0.0001, 'weighted': 9.181932227875222e-07}, 'volatility': {'raw': 0.0004247674854317059, 'lambda': 0.0, 'weighted': 0.0}, 'vol_excess': {'raw': 0.0733621617158254, 'lambda': 1.0, 'weighted': 0.0733621617158254}, 'weight_path': {'raw': 7.022599796376501e-05, 'lambda': 0.0, 'weighted': 0.0}, 'diversify': {'raw': 0.0, 'lambda': 0.0, 'weighted': 0.0}}","{'mean': {'raw': -0.002308097667992115, 'lambda': 1.0, 'weighted': -0.002308097667992115}, 'log_growth': {'raw': -0.0021486913319677114, 'lambda': 0.0, 'weighted': 0.0}, 'cvar': {'raw': 0.0006926740170456469, 'lambda': 0.5, 'weighted': 0.00034633700852282345}, 'turnover': {'raw': 5.503443389898166e-06, 'lambda': 0.0001, 'weighted': 5.503443256671403e-10}, 'volatility': {'raw': 0.0003180322237312794, 'lambda': 0.0, 'weighted': 0.0}, 'vol_excess': {'raw': 0.03309738636016846, 'lambda': 1.0, 'weighted': 0.03309738636016846}, 'weight_path': {'raw': 2.922806788263621e-11, 'lambda': 0.0, 'weighted': 0.0}, 'diversify': {'raw': 0.0, 'lambda': 0.0, 'weighted': 0.0}}",0.0003
8,0.06687888236289534,0.023309865966439247,0.001305606837073962,0.001105404788783441,-0.002500559048106273,0.010449682672818502,0.0004034734981056924,0.06693316499392192,8.80776375803786e-05,0.0,0.0022459786850959063,0.002095147268846631,-0.0006024747272022069,5.861851605004631e-06,0.00030065514147281647,0.02525460720062256,3.050067143295365e-11,0.0,0.6445072650288542,1.0353808403015137,0.6445072650288542,1.0353808403015137,0,0,0,"{'mean': {'raw': -0.001305606837073962, 'lambda': 1.0, 'weighted': -0.001305606837073962}, 'log_growth': {'raw': -0.001105404788783441, 'lambda': 0.0, 'weighted': 0.0}, 'cvar': {'raw': 0.002500559048106273, 'lambda': 0.5, 'weighted': 0.0012502795240531366}, 'turnover': {'raw': 0.010449682672818502, 'lambda': 0.0001, 'weighted': 1.0449682198062267e-06}, 'volatility': {'raw': 0.0004034734981056924, 'lambda': 0.0, 'weighted': 0.0}, 'vol_excess': {'raw': 0.06693316499392192, 'lambda': 1.0, 'weighted': 0.06693316499392192}, 'weight_path': {'raw': 8.80776375803786e-05, 'lambda': 0.0, 'weighted': 0.0}, 'diversify': {'raw': 0.0, 'lambda': 0.0, 'weighted': 0.0}}","{'mean': {'raw': -0.0022459786850959063, 'lambda': 1.0, 'weighted': -0.0022459786850959063}, 'log_growth': {'raw': -0.002095147268846631, 'lambda': 0.0, 'weighted': 0.0}, 'cvar': {'raw': 0.0006024747272022069, 'lambda': 0.5, 'weighted': 0.0003012373636011034}, 'turnover': {'raw': 5.861851605004631e-06, 'lambda': 0.0001, 'weighted': 5.861851559707532e-10}, 'volatility': {'raw': 0.00030065514147281647, 'lambda': 0.0, 'weighted': 0.0}, 'vol_excess': {'raw': 0.02525460720062256, 'lambda': 1.0, 'weighted': 0.02525460720062256}, 'weight_path': {'raw': 3.050067143295365e-11, 'lambda': 0.0, 'weighted': 0.0}, 'diversify': {'raw': 0.0, 'lambda': 0.0, 'weighted': 0.0}}",0.0003
9,0.06074541622850423,0.014840543270111084,0.0012752540254344542,0.0010849739192053676,-0.0023479749991868934,0.012671947168807188,0.00038325554244996357,0.060845414797465004,0.00012691281881416216,0.0,0.0021781788673251867,0.0020363719668239355,-0.0005094720399938524,6.94815389579162e-06,0.0002823929535225034,0.01676398515701294,4.130961545056877e-11,0.0,0.6683469065465033,1.0759613513946533,0.6683469065465033,1.0759613513946533,0,0,0,"{'mean': {'raw': -0.0012752540254344542, 'lambda': 1.0, 'weighted': -0.0012752540254344542}, 'log_growth': {'raw': -0.0010849739192053676, 'lambda': 0.0, 'weighted': 0.0}, 'cvar': {'raw': 0.0023479749991868934, 'lambda': 0.5, 'weighted': 0.0011739874995934467}, 'turnover': {'raw': 0.012671947168807188, 'lambda': 0.0001, 'weighted': 1.2671946857760001e-06}, 'volatility': {'raw': 0.00038325554244996357, 'lambda': 0.0, 'weighted': 0.0}, 'vol_excess': {'raw': 0.060845414797465004, 'lambda': 1.0, 'weighted': 0.060845414797465004}, 'weight_path': {'raw': 0.00012691281881416216, 'lambda': 0.0, 'weighted': 0.0}, 'diversify': {'raw': 0.0, 'lambda': 0.0, 'weighted': 0.0}}","{'mean': {'raw': -0.0021781788673251867, 'lambda': 1.0, 'weighted': -0.0021781788673251867}, 'log_growth': {'raw': -0.0020363719668239355, 'lambda': 0.0, 'weighted': 0.0}, 'cvar': {'raw': 0.0005094720399938524, 'lambda': 0.5, 'weighted': 0.0002547360199969262}, 'turnover': {'raw': 6.94815389579162e-06, 'lambda': 0.0001, 'weighted': 6.948153719044114e-10}, 'volatility': {'raw': 0.0002823929535225034, 'lambda': 0.0, 'weighted': 0.0}, 'vol_excess': {'raw': 0.01676398515701294, 'lambda': 1.0, 'weighted': 0.01676398515701294}, 'weight_path': {'raw': 4.130961545056877e-11, 'lambda': 0.0, 'weighted': 0.0}, 'diversify': {'raw': 0.0, 'lambda': 0.0, 'weighted': 0.0}}",0.0003
10,0.053889717518662415,0.005781825166195631,0.0012321041043226917,0.0010525303659960628,-0.0021987084570961692,0.015046648370722929,0.00036132911433621,0.054020961125691734,0.0001810473525741448,0.0,0.0021049187052994967,0.001972469035536051,-0.0004153953632339835,8.992656148620881e-06,0.0002634860575199127,0.0076790452003479,6.813054287402309e-11,0.0,0.6907418204161028,1.1099457740783691,0.6907418204161028,1.1099457740783691,0,0,0,"{'mean': {'raw': -0.0012321041043226917, 'lambda': 1.0, 'weighted': -0.0012321041043226917}, 'log_growth': {'raw': -0.0010525303659960628, 'lambda': 0.0, 'weighted': 0.0}, 'cvar': {'raw': 0.0021987084570961692, 'lambda': 0.5, 'weighted': 0.0010993542285480846}, 'turnover': {'raw': 0.015046648370722929, 'lambda': 0.0001, 'weighted': 1.5046648134860636e-06}, 'volatility': {'raw': 0.00036132911433621, 'lambda': 0.0, 'weighted': 0.0}, 'vol_excess': {'raw': 0.054020961125691734, 'lambda': 1.0, 'weighted': 0.054020961125691734}, 'weight_path': {'raw': 0.0001810473525741448, 'lambda': 0.0, 'weighted': 0.0}, 'diversify': {'raw': 0.0, 'lambda': 0.0, 'weighted': 0.0}}","{'mean': {'raw': -0.0021049187052994967, 'lambda': 1.0, 'weighted': -0.0021049187052994967}, 'log_growth': {'raw': -0.001972469035536051, 'lambda': 0.0, 'weighted': 0.0}, 'cvar': {'raw': 0.0004153953632339835, 'lambda': 0.5, 'weighted': 0.00020769768161699176}, 'turnover': {'raw': 8.992656148620881e-06, 'lambda': 0.0001, 'weighted': 8.992656064243931e-10}, 'volatility': {'raw': 0.0002634860575199127, 'lambda': 0.0, 'weighted': 0.0}, 'vol_excess': {'raw': 0.0076790452003479, 'lambda': 1.0, 'weighted': 0.0076790452003479}, 'weight_path': {'raw': 6.813054287402309e-11, 'lambda': 0.0, 'weighted': 0.0}, 'diversify': {'raw': 0.0, 'lambda': 0.0, 'weighted': 0.0}}",0.0003
11,0.045648157848821334,-0.0018654355080798268,0.0011850000979999702,0.0010173203772865236,-0.0020408774144016206,0.018602875371774037,0.00033684026372308534,0.045810858408610024,0.0002659484647059192,0.0,0.0020264899358153343,0.0019036035519093275,-0.00032210658537223935,1.1857735444209538e-05,0.0002441962715238333,0.0,1.1449242942607185e-10,0.0,0.7121505515339474,1.1396033763885498,0.7121505515339474,1.1396033763885498,0,0,0,"{'mean': {'raw': -0.0011850000979999702, 'lambda': 1.0, 'weighted': -0.0011850000979999702}, 'log_growth': {'raw': -0.0010173203772865236, 'lambda': 0.0, 'weighted': 0.0}, 'cvar': {'raw': 0.0020408774144016206, 'lambda': 0.5, 'weighted': 0.0010204387072008103}, 'turnover': {'raw': 0.018602875371774037, 'lambda': 0.0001, 'weighted': 1.8602874736946735e-06}, 'volatility': {'raw': 0.00033684026372308534, 'lambda': 0.0, 'weighted': 0.0}, 'vol_excess': {'raw': 0.045810858408610024, 'lambda': 1.0, 'weighted': 0.045810858408610024}, 'weight_path': {'raw': 0.0002659484647059192, 'lambda': 0.0, 'weighted': 0.0}, 'diversify': {'raw': 0.0, 'lambda': 0.0, 'weighted': 0.0}}","{'mean': {'raw': -0.0020264899358153343, 'lambda': 1.0, 'weighted': -0.0020264899358153343}, 'log_growth': {'raw': -0.0019036035519093275, 'lambda': 0.0, 'weighted': 0.0}, 'cvar': {'raw': 0.00032210658537223935, 'lambda': 0.5, 'weighted': 0.00016105329268611968}, 'turnover': {'raw': 1.1857735444209538e-05, 'lambda': 0.0001, 'weighted': 1.1857734794062935e-09}, 'volatility': {'raw': 0.0002441962715238333, 'lambda': 0.0, 'weighted': 0.0}, 'vol_excess': {'raw': 0.0, 'lambda': 1.0, 'weighted': 0.0}, 'weight_path': {'raw': 1.1449242942607185e-10, 'lambda': 0.0, 'weighted': 0.0}, 'diversify': {'raw': 0.0, 'lambda': 0.0, 'weighted': 0.0}}",0.0003
12,0.038345747898953654,-0.0018276075134053826,0.0011445115475604932,0.0009879056791154046,-0.001873606078637143,0.019961646447579067,0.0003143474944711973,0.03855145970980326,0.00031499285250902176,0.0,0.0019435245776548982,0.001830240827985108,-0.0002318310725968331,1.4899288544256706e-05,0.00022486083616968244,0.0,1.7954762676630764e-10,0.0,0.7214776597296199,1.158189296722412,0.7214776597296199,1.158189296722412,0,0,0,"{'mean': {'raw': -0.0011445115475604932, 'lambda': 1.0, 'weighted': -0.0011445115475604932}, 'log_growth': {'raw': -0.0009879056791154046, 'lambda': 0.0, 'weighted': 0.0}, 'cvar': {'raw': 0.001873606078637143, 'lambda': 0.5, 'weighted': 0.0009368030393185715}, 'turnover': {'raw': 0.019961646447579067, 'lambda': 0.0001, 'weighted': 1.9961645800018837e-06}, 'volatility': {'raw': 0.0003143474944711973, 'lambda': 0.0, 'weighted': 0.0}, 'vol_excess': {'raw': 0.03855145970980326, 'lambda': 1.0, 'weighted': 0.03855145970980326}, 'weight_path': {'raw': 0.00031499285250902176, 'lambda': 0.0, 'weighted': 0.0}, 'diversify': {'raw': 0.0, 'lambda': 0.0, 'weighted': 0.0}}","{'mean': {'raw': -0.0019435245776548982, 'lambda': 1.0, 'weighted': -0.0019435245776548982}, 'log_growth': {'raw': -0.001830240827985108, 'lambda': 0.0, 'weighted': 0.0}, 'cvar': {'raw': 0.0002318310725968331, 'lambda': 0.5, 'weighted': 0.00011591553629841655}, 'turnover': {'raw': 1.4899288544256706e-05, 'lambda': 0.0001, 'weighted': 1.4899288469649719e-09}, 'volatility': {'raw': 0.00022486083616968244, 'lambda': 0.0, 'weighted': 0.0}, 'vol_excess': {'raw': 0.0, 'lambda': 1.0, 'weighted': 0.0}, 'weight_path': {'raw': 1.7954762676630764e-10, 'lambda': 0.0, 'weighted': 0.0}, 'diversify': {'raw': 0.0, 'lambda': 0.0, 'weighted': 0.0}}",0.0003
13,0.03217877044032017,-0.0017856605118140578,0.0010970216632510226,0.0009505292303704967,-0.001735932135488838,0.023013847569624584,0.0002938048613335316,0.03240552544593811,0.0004171754214136551,0.0,0.0018610036931931973,0.001756745739839971,-0.00015068294305820018,1.7564490917720832e-05,0.00020672062237281352,0.0,2.512741681393038e-10,0.0,0.3305806901771575,0.9835740327835083,0.3305806901771575,0.9835740327835083,0,0,0,"{'mean': {'raw': -0.0010970216632510226, 'lambda': 1.0, 'weighted': -0.0010970216632510226}, 'log_growth': {'raw': -0.0009505292303704967, 'lambda': 0.0, 'weighted': 0.0}, 'cvar': {'raw': 0.001735932135488838, 'lambda': 0.5, 'weighted': 0.000867966067744419}, 'turnover': {'raw': 0.023013847569624584, 'lambda': 0.0001, 'weighted': 2.3013847112451913e-06}, 'volatility': {'raw': 0.0002938048613335316, 'lambda': 0.0, 'weighted': 0.0}, 'vol_excess': {'raw': 0.03240552544593811, 'lambda': 1.0, 'weighted': 0.03240552544593811}, 'weight_path': {'raw': 0.0004171754214136551, 'lambda': 0.0, 'weighted': 0.0}, 'diversify': {'raw': 0.0, 'lambda': 0.0, 'weighted': 0.0}}","{'mean': {'raw': -0.0018610036931931973, 'lambda': 1.0, 'weighted': -0.0018610036931931973}, 'log_growth': {'raw': -0.001756745739839971, 'lambda': 0.0, 'weighted': 0.0}, 'cvar': {'raw': 0.00015068294305820018, 'lambda': 0.5, 'weighted': 7.534147152910009e-05}, 'turnover': {'raw': 1.7564490917720832e-05, 'lambda': 0.0001, 'weighted': 1.7564490972787894e-09}, 'volatility': {'raw': 0.00020672062237281352, 'lambda': 0.0, 'weighted': 0.0}, 'vol_excess': {'raw': 0.0, 'lambda': 1.0, 'weighted': 0.0}, 'weight_path': {'raw': 2.512741681393038e-10, 'lambda': 0.0, 'weighted': 0.0}, 'diversify': {'raw': 0.0, 'lambda': 0.0, 'weighted': 0.0}}",0.0003
14,0.028369679814204574,-0.0017436050111427903,0.0010507074960817893,0.0009158916266945502,-0.001581601604508857,0.02310664765536785,0.000269798450365973,0.02862727642059326,0.00043518746194119257,0.0,0.0017857277998700738,0.0016892460407689214,-8.42416484374553e-05,1.944890209415462e-05,0.00019112255540676415,0.0,3.105730672636753e-10,0.0,0.3280062179546803,0.9766722917556763,0.3280062179546803,0.9766722917556763,0,0,0,"{'mean': {'raw': -0.0010507074960817893, 'lambda': 1.0, 'weighted': -0.0010507074960817893}, 'log_growth': {'raw': -0.0009158916266945502, 'lambda': 0.0, 'weighted': 0.0}, 'cvar': {'raw': 0.001581601604508857, 'lambda': 0.5, 'weighted': 0.0007908008022544285}, 'turnover': {'raw': 0.02310664765536785, 'lambda': 0.0001, 'weighted': 2.3106647404347314e-06}, 'volatility': {'raw': 0.000269798450365973, 'lambda': 0.0, 'weighted': 0.0}, 'vol_excess': {'raw': 0.02862727642059326, 'lambda': 1.0, 'weighted': 0.02862727642059326}, 'weight_path': {'raw': 0.00043518746194119257, 'lambda': 0.0, 'weighted': 0.0}, 'diversify': {'raw': 0.0, 'lambda': 0.0, 'weighted': 0.0}}","{'mean': {'raw': -0.0017857277998700738, 'lambda': 1.0, 'weighted': -0.0017857277998700738}, 'log_growth': {'raw': -0.0016892460407689214, 'lambda': 0.0, 'weighted': 0.0}, 'cvar': {'raw': 8.42416484374553e-05, 'lambda': 0.5, 'weighted': 4.212082421872765e-05}, 'turnover': {'raw': 1.944890209415462e-05, 'lambda': 0.0001, 'weighted': 1.9448902488505837e-09}, 'volatility': {'raw': 0.00019112255540676415, 'lambda': 0.0, 'weighted': 0.0}, 'vol_excess': {'raw': 0.0, 'lambda': 1.0, 'weighted': 0.0}, 'weight_path': {'raw': 3.105730672636753e-10, 'lambda': 0.0, 'weighted': 0.0}, 'diversify': {'raw': 0.0, 'lambda': 0.0, 'weighted': 0.0}}",0.0003
15,0.025099973485339433,-0.0017015539342537522,0.0009966712289800246,0.0008698620222276077,-0.001480993814766407,0.024673156440258026,0.000253672173130326,0.02535368005434672,0.0004919051910595348,0.0,0.0017162564909085631,0.001626561745069921,-2.9400907806120813e-05,2.065519402094651e-05,0.0001775310665834695,0.0,3.532025782959636e-10,0.0,0.32357085309922695,0.9632596373558044,0.32357085309922695,0.9632596373558044,0,0,0,"{'mean': {'raw': -0.0009966712289800246, 'lambda': 1.0, 'weighted': -0.0009966712289800246}, 'log_growth': {'raw': -0.0008698620222276077, 'lambda': 0.0, 'weighted': 0.0}, 'cvar': {'raw': 0.001480993814766407, 'lambda': 0.5, 'weighted': 0.0007404969073832035}, 'turnover': {'raw': 0.024673156440258026, 'lambda': 0.0001, 'weighted': 2.4673155015382995e-06}, 'volatility': {'raw': 0.000253672173130326, 'lambda': 0.0, 'weighted': 0.0}, 'vol_excess': {'raw': 0.02535368005434672, 'lambda': 1.0, 'weighted': 0.02535368005434672}, 'weight_path': {'raw': 0.0004919051910595348, 'lambda': 0.0, 'weighted': 0.0}, 'diversify': {'raw': 0.0, 'lambda': 0.0, 'weighted': 0.0}}","{'mean': {'raw': -0.0017162564909085631, 'lambda': 1.0, 'weighted': -0.0017162564909085631}, 'log_growth': {'raw': -0.001626561745069921, 'lambda': 0.0, 'weighted': 0.0}, 'cvar': {'raw': 2.9400907806120813e-05, 'lambda': 0.5, 'weighted': 1.4700453903060406e-05}, 'turnover': {'raw': 2.065519402094651e-05, 'lambda': 0.0001, 'weighted': 2.065519311145181e-09}, 'volatility': {'raw': 0.0001775310665834695, 'lambda': 0.0, 'weighted': 0.0}, 'vol_excess': {'raw': 0.0, 'lambda': 1.0, 'weighted': 0.0}, 'weight_path': {'raw': 3.532025782959636e-10, 'lambda': 0.0, 'weighted': 0.0}, 'diversify': {'raw': 0.0, 'lambda': 0.0, 'weighted': 0.0}}",0.0003
16,0.022342959011439234,-0.0016595640918239951,0.0009735209168866277,0.0008542299571369464,-0.0013699249393539503,0.026648351922631264,0.0002383408573223278,0.02262885371843974,0.0005594506510533392,0.0,0.001651547383517027,0.001567837898619473,1.6037520254030824e-05,2.130827124346979e-05,0.0001655652595218271,0.0,3.785061986061322e-10,0.0,0.31417280932267505,0.9357935190200806,0.31417280932267505,0.9357935190200806,0,0,0,"{'mean': {'raw': -0.0009735209168866277, 'lambda': 1.0, 'weighted': -0.0009735209168866277}, 'log_growth': {'raw': -0.0008542299571369464, 'lambda': 0.0, 'weighted': 0.0}, 'cvar': {'raw': 0.0013699249393539503, 'lambda': 0.5, 'weighted': 0.0006849624696769752}, 'turnover': {'raw': 0.026648351922631264, 'lambda': 0.0001, 'weighted': 2.6648351649782853e-06}, 'volatility': {'raw': 0.0002383408573223278, 'lambda': 0.0, 'weighted': 0.0}, 'vol_excess': {'raw': 0.02262885371843974, 'lambda': 1.0, 'weighted': 0.02262885371843974}, 'weight_path': {'raw': 0.0005594506510533392, 'lambda': 0.0, 'weighted': 0.0}, 'diversify': {'raw': 0.0, 'lambda': 0.0, 'weighted': 0.0}}","{'mean': {'raw': -0.001651547383517027, 'lambda': 1.0, 'weighted': -0.001651547383517027}, 'log_growth': {'raw': -0.001567837898619473, 'lambda': 0.0, 'weighted': 0.0}, 'cvar': {'raw': -1.6037520254030824e-05, 'lambda': 0.5, 'weighted': -8.018760127015412e-06}, 'turnover': {'raw': 2.130827124346979e-05, 'lambda': 0.0001, 'weighted': 2.130827070345731e-09}, 'volatility': {'raw': 0.0001655652595218271, 'lambda': 0.0, 'weighted': 0.0}, 'vol_excess': {'raw': 0.0, 'lambda': 1.0, 'weighted': 0.0}, 'weight_path': {'raw': 3.785061986061322e-10, 'lambda': 0.0, 'weighted': 0.0}, 'diversify': {'raw': 0.0, 'lambda': 0.0, 'weighted': 0.0}}",0.0003
17,0.0199236996510687,-0.0016177038196474314,0.0009367772824286172,0.0008250752677364895,-0.0012642345391213894,0.02784944015244643,0.00022296092841619006,0.02022557457288106,0.0006128548605677983,0.0,0.0015908824279904366,0.0015124883502721786,5.364690150599927e-05,2.1471169020514935e-05,0.0001549551816424355,0.0,3.867810238755709e-10,0.0,0.30230048260030645,0.9006507396697998,0.30230048260030645,0.9006507396697998,0,0,0,"{'mean': {'raw': -0.0009367772824286172, 'lambda': 1.0, 'weighted': -0.0009367772824286172}, 'log_growth': {'raw': -0.0008250752677364895, 'lambda': 0.0, 'weighted': 0.0}, 'cvar': {'raw': 0.0012642345391213894, 'lambda': 0.5, 'weighted': 0.0006321172695606947}, 'turnover': {'raw': 0.02784944015244643, 'lambda': 0.0001, 'weighted': 2.78494394478912e-06}, 'volatility': {'raw': 0.00022296092841619006, 'lambda': 0.0, 'weighted': 0.0}, 'vol_excess': {'raw': 0.02022557457288106, 'lambda': 1.0, 'weighted': 0.02022557457288106}, 'weight_path': {'raw': 0.0006128548605677983, 'lambda': 0.0, 'weighted': 0.0}, 'diversify': {'raw': 0.0, 'lambda': 0.0, 'weighted': 0.0}}","{'mean': {'raw': -0.0015908824279904366, 'lambda': 1.0, 'weighted': -0.0015908824279904366}, 'log_growth': {'raw': -0.0015124883502721786, 'lambda': 0.0, 'weighted': 0.0}, 'cvar': {'raw': -5.364690150599927e-05, 'lambda': 0.5, 'weighted': -2.6823450752999634e-05}, 'turnover': {'raw': 2.1471169020514935e-05, 'lambda': 0.0001, 'weighted': 2.147116928696846e-09}, 'volatility': {'raw': 0.0001549551816424355, 'lambda': 0.0, 'weighted': 0.0}, 'vol_excess': {'raw': 0.0, 'lambda': 1.0, 'weighted': 0.0}, 'weight_path': {'raw': 3.867810238755709e-10, 'lambda': 0.0, 'weighted': 0.0}, 'diversify': {'raw': 0.0, 'lambda': 0.0, 'weighted': 0.0}}",0.0003
18,0.01805466419318691,-0.0015761088579893112,0.0009036724707887819,0.000796824503292252,-0.0012045354281629745,0.029540712634722393,0.0002131903359744077,0.018353114525477093,0.0007186020181203882,0.0,0.0015338247176259756,0.001460168045014143,8.457244257442653e-05,2.123228296113666e-05,0.000145512938615866,0.0,3.801041426054752e-10,0.0,0.2917484175413847,0.8688510656356812,0.2917484175413847,0.8688510656356812,0,0,0,"{'mean': {'raw': -0.0009036724707887819, 'lambda': 1.0, 'weighted': -0.0009036724707887819}, 'log_growth': {'raw': -0.000796824503292252, 'lambda': 0.0, 'weighted': 0.0}, 'cvar': {'raw': 0.0012045354281629745, 'lambda': 0.5, 'weighted': 0.0006022677140814873}, 'turnover': {'raw': 0.029540712634722393, 'lambda': 0.0001, 'weighted': 2.954071230002834e-06}, 'volatility': {'raw': 0.0002131903359744077, 'lambda': 0.0, 'weighted': 0.0}, 'vol_excess': {'raw': 0.018353114525477093, 'lambda': 1.0, 'weighted': 0.018353114525477093}, 'weight_path': {'raw': 0.0007186020181203882, 'lambda': 0.0, 'weighted': 0.0}, 'diversify': {'raw': 0.0, 'lambda': 0.0, 'weighted': 0.0}}","{'mean': {'raw': -0.0015338247176259756, 'lambda': 1.0, 'weighted': -0.0015338247176259756}, 'log_growth': {'raw': -0.001460168045014143, 'lambda': 0.0, 'weighted': 0.0}, 'cvar': {'raw': -8.457244257442653e-05, 'lambda': 0.5, 'weighted': -4.2286221287213266e-05}, 'turnover': {'raw': 2.123228296113666e-05, 'lambda': 0.0001, 'weighted': 2.1232282598759866e-09}, 'volatility': {'raw': 0.000145512938615866, 'lambda': 0.0, 'weighted': 0.0}, 'vol_excess': {'raw': 0.0, 'lambda': 1.0, 'weighted': 0.0}, 'weight_path': {'raw': 3.801041426054752e-10, 'lambda': 0.0, 'weighted': 0.0}, 'diversify': {'raw': 0.0, 'lambda': 0.0, 'weighted': 0.0}}",0.0003
19,0.015438769575363645,-0.0015349744353443384,0.0008642706913330281,0.0007636298262999238,-0.001130365480397207,0.028568071002761524,0.00020061800266072774,0.015735000371932983,0.0006871779332868755,0.0,0.0014801244251430035,0.0014106942107900977,0.00010970429866574705,2.0726969523821026e-05,0.00013710162602365017,0.0,3.634714751399315e-10,0.0,0.2771409396082163,0.8251076340675354,0.2771409396082163,0.8251076340675354,0,0,0,"{'mean': {'raw': -0.0008642706913330281, 'lambda': 1.0, 'weighted': -0.0008642706913330281}, 'log_growth': {'raw': -0.0007636298262999238, 'lambda': 0.0, 'weighted': 0.0}, 'cvar': {'raw': 0.001130365480397207, 'lambda': 0.5, 'weighted': 0.0005651827401986035}, 'turnover': {'raw': 0.028568071002761524, 'lambda': 0.0001, 'weighted': 2.8568069865286816e-06}, 'volatility': {'raw': 0.00020061800266072774, 'lambda': 0.0, 'weighted': 0.0}, 'vol_excess': {'raw': 0.015735000371932983, 'lambda': 1.0, 'weighted': 0.015735000371932983}, 'weight_path': {'raw': 0.0006871779332868755, 'lambda': 0.0, 'weighted': 0.0}, 'diversify': {'raw': 0.0, 'lambda': 0.0, 'weighted': 0.0}}","{'mean': {'raw': -0.0014801244251430035, 'lambda': 1.0, 'weighted': -0.0014801244251430035}, 'log_growth': {'raw': -0.0014106942107900977, 'lambda': 0.0, 'weighted': 0.0}, 'cvar': {'raw': -0.00010970429866574705, 'lambda': 0.5, 'weighted': -5.485214933287352e-05}, 'turnover': {'raw': 2.0726969523821026e-05, 'lambda': 0.0001, 'weighted': 2.0726969029993825e-09}, 'volatility': {'raw': 0.00013710162602365017, 'lambda': 0.0, 'weighted': 0.0}, 'vol_excess': {'raw': 0.0, 'lambda': 1.0, 'weighted': 0.0}, 'weight_path': {'raw': 3.634714751399315e-10, 'lambda': 0.0, 'weighted': 0.0}, 'diversify': {'raw': 0.0, 'lambda': 0.0, 'weighted': 0.0}}",0.0003
20,0.01351404310359309,-0.0014944914728403091,0.0008350579397908101,0.0007394389491916323,-0.0010632822813931853,0.02901208959519863,0.00019048314910226813,0.013814558585484823,0.000678312499076128,0.0,0.0014295934233814478,0.0013639339013025165,0.00012980007159058005,1.9953122318838723e-05,0.00012960776803083718,0.0,3.3774608110270776e-10,0.0,0.26498165416220826,0.7888997197151184,0.26498165416220826,0.7888997197151184,0,0,0,"{'mean': {'raw': -0.0008350579397908101, 'lambda': 1.0, 'weighted': -0.0008350579397908101}, 'log_growth': {'raw': -0.0007394389491916323, 'lambda': 0.0, 'weighted': 0.0}, 'cvar': {'raw': 0.0010632822813931853, 'lambda': 0.5, 'weighted': 0.0005316411406965926}, 'turnover': {'raw': 0.02901208959519863, 'lambda': 0.0001, 'weighted': 2.9012088968253615e-06}, 'volatility': {'raw': 0.00019048314910226813, 'lambda': 0.0, 'weighted': 0.0}, 'vol_excess': {'raw': 0.013814558585484823, 'lambda': 1.0, 'weighted': 0.013814558585484823}, 'weight_path': {'raw': 0.000678312499076128, 'lambda': 0.0, 'weighted': 0.0}, 'diversify': {'raw': 0.0, 'lambda': 0.0, 'weighted': 0.0}}","{'mean': {'raw': -0.0014295934233814478, 'lambda': 1.0, 'weighted': -0.0014295934233814478}, 'log_growth': {'raw': -0.0013639339013025165, 'lambda': 0.0, 'weighted': 0.0}, 'cvar': {'raw': -0.00012980007159058005, 'lambda': 0.5, 'weighted': -6.490003579529002e-05}, 'turnover': {'raw': 1.9953122318838723e-05, 'lambda': 0.0001, 'weighted': 1.99531213773696e-09}, 'volatility': {'raw': 0.00012960776803083718, 'lambda': 0.0, 'weighted': 0.0}, 'vol_excess': {'raw': 0.0, 'lambda': 1.0, 'weighted': 0.0}, 'weight_path': {'raw': 3.3774608110270776e-10, 'lambda': 0.0, 'weighted': 0.0}, 'diversify': {'raw': 0.0, 'lambda': 0.0, 'weighted': 0.0}}",0.0003
21,0.011592487649371227,-0.0014549043262377381,0.0008363939996343106,0.0007439757706985498,-0.0009952612696603562,0.02831915145119031,0.00018411324466190612,0.011928419272104899,0.000650853772337238,0.0,0.001382154761813581,0.0013198527740314603,0.00014550283958669752,1.9017392332898453e-05,0.00012294399493839592,0.0,3.0750510471300174e-10,0.0,0.24919166571150222,0.7412680387496948,0.24919166571150222,0.7412680387496948,0,0,0,"{'mean': {'raw': -0.0008363939996343106, 'lambda': 1.0, 'weighted': -0.0008363939996343106}, 'log_growth': {'raw': -0.0007439757706985498, 'lambda': 0.0, 'weighted': 0.0}, 'cvar': {'raw': 0.0009952612696603562, 'lambda': 0.5, 'weighted': 0.0004976306348301781}, 'turnover': {'raw': 0.02831915145119031, 'lambda': 0.0001, 'weighted': 2.8319151018270836e-06}, 'volatility': {'raw': 0.00018411324466190612, 'lambda': 0.0, 'weighted': 0.0}, 'vol_excess': {'raw': 0.011928419272104899, 'lambda': 1.0, 'weighted': 0.011928419272104899}, 'weight_path': {'raw': 0.000650853772337238, 'lambda': 0.0, 'weighted': 0.0}, 'diversify': {'raw': 0.0, 'lambda': 0.0, 'weighted': 0.0}}","{'mean': {'raw': -0.001382154761813581, 'lambda': 1.0, 'weighted': -0.001382154761813581}, 'log_growth': {'raw': -0.0013198527740314603, 'lambda': 0.0, 'weighted': 0.0}, 'cvar': {'raw': -0.00014550283958669752, 'lambda': 0.5, 'weighted': -7.275141979334876e-05}, 'turnover': {'raw': 1.9017392332898453e-05, 'lambda': 0.0001, 'weighted': 1.9017392105524777e-09}, 'volatility': {'raw': 0.00012294399493839592, 'lambda': 0.0, 'weighted': 0.0}, 'vol_excess': {'raw': 0.0, 'lambda': 1.0, 'weighted': 0.0}, 'weight_path': {'raw': 3.0750510471300174e-10, 'lambda': 0.0, 'weighted': 0.0}, 'diversify': {'raw': 0.0, 'lambda': 0.0, 'weighted': 0.0}}",0.0003
22,0.010007774884191653,-0.0014164691092446446,0.0007688621044508182,0.0006807376921642572,-0.0009882853967913736,0.028189333776632946,0.0001754418117343448,0.010279675324757894,0.0006596861057914793,0.0,0.001337773515842855,0.0012784525752067566,0.00015739462105557323,1.797977165551856e-05,0.0001170353643829003,0.0,2.752743588629869e-10,0.0,0.23550362527991334,0.7005088925361633,0.23550362527991334,0.7005088925361633,0,0,0,"{'mean': {'raw': -0.0007688621044508182, 'lambda': 1.0, 'weighted': -0.0007688621044508182}, 'log_growth': {'raw': -0.0006807376921642572, 'lambda': 0.0, 'weighted': 0.0}, 'cvar': {'raw': 0.0009882853967913736, 'lambda': 0.5, 'weighted': 0.0004941426983956868}, 'turnover': {'raw': 0.028189333776632946, 'lambda': 0.0001, 'weighted': 2.8189333534101024e-06}, 'volatility': {'raw': 0.0001754418117343448, 'lambda': 0.0, 'weighted': 0.0}, 'vol_excess': {'raw': 0.010279675324757894, 'lambda': 1.0, 'weighted': 0.010279675324757894}, 'weight_path': {'raw': 0.0006596861057914793, 'lambda': 0.0, 'weighted': 0.0}, 'diversify': {'raw': 0.0, 'lambda': 0.0, 'weighted': 0.0}}","{'mean': {'raw': -0.001337773515842855, 'lambda': 1.0, 'weighted': -0.001337773515842855}, 'log_growth': {'raw': -0.0012784525752067566, 'lambda': 0.0, 'weighted': 0.0}, 'cvar': {'raw': -0.00015739462105557323, 'lambda': 0.5, 'weighted': -7.869731052778661e-05}, 'turnover': {'raw': 1.797977165551856e-05, 'lambda': 0.0001, 'weighted': 1.7979771005371958e-09}, 'volatility': {'raw': 0.0001170353643829003, 'lambda': 0.0, 'weighted': 0.0}, 'vol_excess': {'raw': 0.0, 'lambda': 1.0, 'weighted': 0.0}, 'weight_path': {'raw': 2.752743588629869e-10, 'lambda': 0.0, 'weighted': 0.0}, 'diversify': {'raw': 0.0, 'lambda': 0.0, 'weighted': 0.0}}",0.0003
23,0.008209633873775601,-0.0013794454280287027,0.0007706118728189418,0.0006861975707579404,-0.0009125136469568437,0.029588662087917328,0.00016796301012315476,0.00852103034655253,0.0007300862732032934,0.0,0.0012964400229975581,0.0012397556565701962,0.00016601438983343542,1.688098745944444e-05,0.00011181573063367978,0.0,2.4268501097601813e-10,0.0,0.22039654618129134,0.6554619073867798,0.22039654618129134,0.6554619073867798,0,0,0,"{'mean': {'raw': -0.0007706118728189418, 'lambda': 1.0, 'weighted': -0.0007706118728189418}, 'log_growth': {'raw': -0.0006861975707579404, 'lambda': 0.0, 'weighted': 0.0}, 'cvar': {'raw': 0.0009125136469568437, 'lambda': 0.5, 'weighted': 0.00045625682347842184}, 'turnover': {'raw': 0.029588662087917328, 'lambda': 0.0001, 'weighted': 2.958866086070581e-06}, 'volatility': {'raw': 0.00016796301012315476, 'lambda': 0.0, 'weighted': 0.0}, 'vol_excess': {'raw': 0.00852103034655253, 'lambda': 1.0, 'weighted': 0.00852103034655253}, 'weight_path': {'raw': 0.0007300862732032934, 'lambda': 0.0, 'weighted': 0.0}, 'diversify': {'raw': 0.0, 'lambda': 0.0, 'weighted': 0.0}}","{'mean': {'raw': -0.0012964400229975581, 'lambda': 1.0, 'weighted': -0.0012964400229975581}, 'log_growth': {'raw': -0.0012397556565701962, 'lambda': 0.0, 'weighted': 0.0}, 'cvar': {'raw': -0.00016601438983343542, 'lambda': 0.5, 'weighted': -8.300719491671771e-05}, 'turnover': {'raw': 1.688098745944444e-05, 'lambda': 0.0001, 'weighted': 1.6880986608569515e-09}, 'volatility': {'raw': 0.00011181573063367978, 'lambda': 0.0, 'weighted': 0.0}, 'vol_excess': {'raw': 0.0, 'lambda': 1.0, 'weighted': 0.0}, 'weight_path': {'raw': 2.4268501097601813e-10, 'lambda': 0.0, 'weighted': 0.0}, 'diversify': {'raw': 0.0, 'lambda': 0.0, 'weighted': 0.0}}",0.0003
24,0.006856241515682389,-0.0013440735638141632,0.0007469562454692399,0.0006659014907199889,-0.0008738744169628868,0.028851217900713284,0.00016113223440091437,0.007163375616073608,0.000671460545466592,0.0,0.0012581400806084275,0.001203778781928122,0.00017187029880005866,1.5733909094706178e-05,0.00010722292790887877,0.0,2.1105892034078977e-10,0.0,0.20716430114892623,0.6158894300460815,0.20716430114892623,0.6158894300460815,0,0,0,"{'mean': {'raw': -0.0007469562454692399, 'lambda': 1.0, 'weighted': -0.0007469562454692399}, 'log_growth': {'raw': -0.0006659014907199889, 'lambda': 0.0, 'weighted': 0.0}, 'cvar': {'raw': 0.0008738744169628868, 'lambda': 0.5, 'weighted': 0.0004369372084814434}, 'turnover': {'raw': 0.028851217900713284, 'lambda': 0.0001, 'weighted': 2.885121754540402e-06}, 'volatility': {'raw': 0.00016113223440091437, 'lambda': 0.0, 'weighted': 0.0}, 'vol_excess': {'raw': 0.007163375616073608, 'lambda': 1.0, 'weighted': 0.007163375616073608}, 'weight_path': {'raw': 0.000671460545466592, 'lambda': 0.0, 'weighted': 0.0}, 'diversify': {'raw': 0.0, 'lambda': 0.0, 'weighted': 0.0}}","{'mean': {'raw': -0.0012581400806084275, 'lambda': 1.0, 'weighted': -0.0012581400806084275}, 'log_growth': {'raw': -0.001203778781928122, 'lambda': 0.0, 'weighted': 0.0}, 'cvar': {'raw': -0.00017187029880005866, 'lambda': 0.5, 'weighted': -8.593514940002933e-05}, 'turnover': {'raw': 1.5733909094706178e-05, 'lambda': 0.0001, 'weighted': 1.5733908620418902e-09}, 'volatility': {'raw': 0.00010722292790887877, 'lambda': 0.0, 'weighted': 0.0}, 'vol_excess': {'raw': 0.0, 'lambda': 1.0, 'weighted': 0.0}, 'weight_path': {'raw': 2.1105892034078977e-10, 'lambda': 0.0, 'weighted': 0.0}, 'diversify': {'raw': 0.0, 'lambda': 0.0, 'weighted': 0.0}}",0.0003
25,0.005813300182732443,-0.0013104011304676533,0.0007554033169678102,0.000676648342050612,-0.0008210852635481084,0.029084370161096256,0.00015650309554378813,0.006155252456665039,0.0006609304109588265,0.0,0.0012226782273501158,0.001170364092104137,0.0001754488912411034,1.4630209989263676e-05,0.00010317951091565192,0.0,1.8234419529861157e-10,0.0,0.1959692925835649,0.5823834538459778,0.1959692925835649,0.5823834538459778,0,0,0,"{'mean': {'raw': -0.0007554033169678102, 'lambda': 1.0, 'weighted': -0.0007554033169678102}, 'log_growth': {'raw': -0.000676648342050612, 'lambda': 0.0, 'weighted': 0.0}, 'cvar': {'raw': 0.0008210852635481084, 'lambda': 0.5, 'weighted': 0.0004105426317740542}, 'turnover': {'raw': 0.029084370161096256, 'lambda': 0.0001, 'weighted': 2.9084369543852517e-06}, 'volatility': {'raw': 0.00015650309554378813, 'lambda': 0.0, 'weighted': 0.0}, 'vol_excess': {'raw': 0.006155252456665039, 'lambda': 1.0, 'weighted': 0.006155252456665039}, 'weight_path': {'raw': 0.0006609304109588265, 'lambda': 0.0, 'weighted': 0.0}, 'diversify': {'raw': 0.0, 'lambda': 0.0, 'weighted': 0.0}}","{'mean': {'raw': -0.0012226782273501158, 'lambda': 1.0, 'weighted': -0.0012226782273501158}, 'log_growth': {'raw': -0.001170364092104137, 'lambda': 0.0, 'weighted': 0.0}, 'cvar': {'raw': -0.0001754488912411034, 'lambda': 0.5, 'weighted': -8.77244456205517e-05}, 'turnover': {'raw': 1.4630209989263676e-05, 'lambda': 0.0001, 'weighted': 1.4630209266286442e-09}, 'volatility': {'raw': 0.00010317951091565192, 'lambda': 0.0, 'weighted': 0.0}, 'vol_excess': {'raw': 0.0, 'lambda': 1.0, 'weighted': 0.0}, 'weight_path': {'raw': 1.8234419529861157e-10, 'lambda': 0.0, 'weighted': 0.0}, 'diversify': {'raw': 0.0, 'lambda': 0.0, 'weighted': 0.0}}",0.0003
26,0.004597957517641286,-0.001278608338907361,0.0007149228040361777,0.0006379368132911623,-0.0008252454087293396,0.028221861148873966,0.0001530296819206948,0.0048974355061848955,0.000639534341947486,0.0,0.001190027454867959,0.0011395105393603444,0.00017716448928695172,1.3539109204430133e-05,9.963439515559003e-05,0.0,1.5629773864045404e-10,0.0,0.17999305956376097,0.5344632863998413,0.17999305956376097,0.5344632863998413,0,0,0,"{'mean': {'raw': -0.0007149228040361777, 'lambda': 1.0, 'weighted': -0.0007149228040361777}, 'log_growth': {'raw': -0.0006379368132911623, 'lambda': 0.0, 'weighted': 0.0}, 'cvar': {'raw': 0.0008252454087293396, 'lambda': 0.5, 'weighted': 0.0004126227043646698}, 'turnover': {'raw': 0.028221861148873966, 'lambda': 0.0001, 'weighted': 2.822186085419768e-06}, 'volatility': {'raw': 0.0001530296819206948, 'lambda': 0.0, 'weighted': 0.0}, 'vol_excess': {'raw': 0.0048974355061848955, 'lambda': 1.0, 'weighted': 0.0048974355061848955}, 'weight_path': {'raw': 0.000639534341947486, 'lambda': 0.0, 'weighted': 0.0}, 'diversify': {'raw': 0.0, 'lambda': 0.0, 'weighted': 0.0}}","{'mean': {'raw': -0.001190027454867959, 'lambda': 1.0, 'weighted': -0.001190027454867959}, 'log_growth': {'raw': -0.0011395105393603444, 'lambda': 0.0, 'weighted': 0.0}, 'cvar': {'raw': -0.00017716448928695172, 'lambda': 0.5, 'weighted': -8.858224464347586e-05}, 'turnover': {'raw': 1.3539109204430133e-05, 'lambda': 0.0001, 'weighted': 1.353910872303743e-09}, 'volatility': {'raw': 9.963439515559003e-05, 'lambda': 0.0, 'weighted': 0.0}, 'vol_excess': {'raw': 0.0, 'lambda': 1.0, 'weighted': 0.0}, 'weight_path': {'raw': 1.5629773864045404e-10, 'lambda': 0.0, 'weighted': 0.0}, 'diversify': {'raw': 0.0, 'lambda': 0.0, 'weighted': 0.0}}",0.0003
27,0.003844580768297116,-0.0012486866908147931,0.0006895667902426794,0.000615433343530943,-0.000797050102846697,0.027555303648114204,0.0001473214773189587,0.004132866859436035,0.0006072464166209102,3.8739104638807476e-05,0.0011599903227761388,0.0011110517662018538,0.0001773952681105584,1.252664969797479e-05,9.65235594776459e-05,0.0,1.3366370510414782e-10,0.0,0.17270485878301164,0.5133721232414246,0.17270485878301164,0.5133721232414246,0,0,0,"{'mean': {'raw': -0.0006895667902426794, 'lambda': 1.0, 'weighted': -0.0006895667902426794}, 'log_growth': {'raw': -0.000615433343530943, 'lambda': 0.0, 'weighted': 0.0}, 'cvar': {'raw': 0.000797050102846697, 'lambda': 0.5, 'weighted': 0.0003985250514233485}, 'turnover': {'raw': 0.027555303648114204, 'lambda': 0.0001, 'weighted': 2.755530204012757e-06}, 'volatility': {'raw': 0.0001473214773189587, 'lambda': 0.0, 'weighted': 0.0}, 'vol_excess': {'raw': 0.004132866859436035, 'lambda': 1.0, 'weighted': 0.004132866859436035}, 'weight_path': {'raw': 0.0006072464166209102, 'lambda': 0.0, 'weighted': 0.0}, 'diversify': {'raw': 3.8739104638807476e-05, 'lambda': 0.0, 'weighted': 0.0}}","{'mean': {'raw': -0.0011599903227761388, 'lambda': 1.0, 'weighted': -0.0011599903227761388}, 'log_growth': {'raw': -0.0011110517662018538, 'lambda': 0.0, 'weighted': 0.0}, 'cvar': {'raw': -0.0001773952681105584, 'lambda': 0.5, 'weighted': -8.86976340552792e-05}, 'turnover': {'raw': 1.252664969797479e-05, 'lambda': 0.0001, 'weighted': 1.2526649717514715e-09}, 'volatility': {'raw': 9.65235594776459e-05, 'lambda': 0.0, 'weighted': 0.0}, 'vol_excess': {'raw': 0.0, 'lambda': 1.0, 'weighted': 0.0}, 'weight_path': {'raw': 1.3366370510414782e-10, 'lambda': 0.0, 'weighted': 0.0}, 'diversify': {'raw': 0.0, 'lambda': 0.0, 'weighted': 0.0}}",0.0003
28,0.003042633722846707,-0.0012205808889120817,0.0006752946307339395,0.0006025837501510978,-0.0007817103469278663,0.026539542401830356,0.00014444543194258586,0.0033244192600250244,0.0005441932589747012,0.0007282931280011932,0.0011323523940518498,0.0010848031379282475,0.00017645928892306983,1.154379697254626e-05,9.378861432196572e-05,0.0,1.136548286040373e-10,0.0,0.16250971370997527,0.4823594391345978,0.16250971370997527,0.4823594391345978,0,0,0,"{'mean': {'raw': -0.0006752946307339395, 'lambda': 1.0, 'weighted': -0.0006752946307339395}, 'log_growth': {'raw': -0.0006025837501510978, 'lambda': 0.0, 'weighted': 0.0}, 'cvar': {'raw': 0.0007817103469278663, 'lambda': 0.5, 'weighted': 0.00039085517346393317}, 'turnover': {'raw': 0.026539542401830356, 'lambda': 0.0001, 'weighted': 2.6539541977399494e-06}, 'volatility': {'raw': 0.00014444543194258586, 'lambda': 0.0, 'weighted': 0.0}, 'vol_excess': {'raw': 0.0033244192600250244, 'lambda': 1.0, 'weighted': 0.0033244192600250244}, 'weight_path': {'raw': 0.0005441932589747012, 'lambda': 0.0, 'weighted': 0.0}, 'diversify': {'raw': 0.0007282931280011932, 'lambda': 0.0, 'weighted': 0.0}}","{'mean': {'raw': -0.0011323523940518498, 'lambda': 1.0, 'weighted': -0.0011323523940518498}, 'log_growth': {'raw': -0.0010848031379282475, 'lambda': 0.0, 'weighted': 0.0}, 'cvar': {'raw': -0.00017645928892306983, 'lambda': 0.5, 'weighted': -8.822964446153492e-05}, 'turnover': {'raw': 1.154379697254626e-05, 'lambda': 0.0001, 'weighted': 1.154379702938968e-09}, 'volatility': {'raw': 9.378861432196572e-05, 'lambda': 0.0, 'weighted': 0.0}, 'vol_excess': {'raw': 0.0, 'lambda': 1.0, 'weighted': 0.0}, 'weight_path': {'raw': 1.136548286040373e-10, 'lambda': 0.0, 'weighted': 0.0}, 'diversify': {'raw': 0.0, 'lambda': 0.0, 'weighted': 0.0}}",0.0003
29,0.002239710185676813,-0.0011942628771066666,0.0006892157252877951,0.0006183078221511096,-0.0007338216722322007,0.027205882593989372,0.00014083089869624624,0.0025592943032582602,0.0006249943495883296,0.0027023779693990946,0.001106953015550971,0.001060627168044448,0.00017462181858718395,1.0647699127730448e-05,9.13828844204545e-05,0.0,9.664220118610345e-11,0.00046847097110003233,0.15131809803036353,0.4495536983013153,0.15131809803036353,0.4495536983013153,0,0,0,"{'mean': {'raw': -0.0006892157252877951, 'lambda': 1.0, 'weighted': -0.0006892157252877951}, 'log_growth': {'raw': -0.0006183078221511096, 'lambda': 0.0, 'weighted': 0.0}, 'cvar': {'raw': 0.0007338216722322007, 'lambda': 0.5, 'weighted': 0.00036691083611610037}, 'turnover': {'raw': 0.027205882593989372, 'lambda': 0.0001, 'weighted': 2.720588175482893e-06}, 'volatility': {'raw': 0.00014083089869624624, 'lambda': 0.0, 'weighted': 0.0}, 'vol_excess': {'raw': 0.0025592943032582602, 'lambda': 1.0, 'weighted': 0.0025592943032582602}, 'weight_path': {'raw': 0.0006249943495883296, 'lambda': 0.0, 'weighted': 0.0}, 'diversify': {'raw': 0.0027023779693990946, 'lambda': 0.0, 'weighted': 0.0}}","{'mean': {'raw': -0.001106953015550971, 'lambda': 1.0, 'weighted': -0.001106953015550971}, 'log_growth': {'raw': -0.001060627168044448, 'lambda': 0.0, 'weighted': 0.0}, 'cvar': {'raw': -0.00017462181858718395, 'lambda': 0.5, 'weighted': -8.731090929359198e-05}, 'turnover': {'raw': 1.0647699127730448e-05, 'lambda': 0.0001, 'weighted': 1.0647699388854903e-09}, 'volatility': {'raw': 9.13828844204545e-05, 'lambda': 0.0, 'weighted': 0.0}, 'vol_excess': {'raw': 0.0, 'lambda': 1.0, 'weighted': 0.0}, 'weight_path': {'raw': 9.664220118610345e-11, 'lambda': 0.0, 'weighted': 0.0}, 'diversify': {'raw': 0.00046847097110003233, 'lambda': 0.0, 'weighted': 0.0}}",0.0003
30,0.0012676964979618788,-0.0011698182206600904,0.0006402567184219757,0.0005705341075857481,-0.0007584356353618205,0.025684259831905365,0.000138436861258621,0.0015261669953664143,0.0005329171932923297,0.005978722280512254,0.0010837585432454944,0.0010385047644376755,0.00017212118837051094,9.82661367743276e-06,8.927605813369155e-05,0.0,8.218703495543878e-11,0.006688936613500118,0.13839956275963536,0.41076207160949707,0.13839956275963536,0.41076207160949707,0,0,0,"{'mean': {'raw': -0.0006402567184219757, 'lambda': 1.0, 'weighted': -0.0006402567184219757}, 'log_growth': {'raw': -0.0005705341075857481, 'lambda': 0.0, 'weighted': 0.0}, 'cvar': {'raw': 0.0007584356353618205, 'lambda': 0.5, 'weighted': 0.00037921781768091023}, 'turnover': {'raw': 0.025684259831905365, 'lambda': 0.0001, 'weighted': 2.5684259981062496e-06}, 'volatility': {'raw': 0.000138436861258621, 'lambda': 0.0, 'weighted': 0.0}, 'vol_excess': {'raw': 0.0015261669953664143, 'lambda': 1.0, 'weighted': 0.0015261669953664143}, 'weight_path': {'raw': 0.0005329171932923297, 'lambda': 0.0, 'weighted': 0.0}, 'diversify': {'raw': 0.005978722280512254, 'lambda': 0.0, 'weighted': 0.0}}","{'mean': {'raw': -0.0010837585432454944, 'lambda': 1.0, 'weighted': -0.0010837585432454944}, 'log_growth': {'raw': -0.0010385047644376755, 'lambda': 0.0, 'weighted': 0.0}, 'cvar': {'raw': -0.00017212118837051094, 'lambda': 0.5, 'weighted': -8.606059418525547e-05}, 'turnover': {'raw': 9.82661367743276e-06, 'lambda': 0.0001, 'weighted': 9.826613966978925e-10}, 'volatility': {'raw': 8.927605813369155e-05, 'lambda': 0.0, 'weighted': 0.0}, 'vol_excess': {'raw': 0.0, 'lambda': 1.0, 'weighted': 0.0}, 'weight_path': {'raw': 8.218703495543878e-11, 'lambda': 0.0, 'weighted': 0.0}, 'diversify': {'raw': 0.006688936613500118, 'lambda': 0.0, 'weighted': 0.0}}",0.0003
31,0.0007669336628168821,-0.001147170434705913,0.0006356559655008217,0.0005670519506869217,-0.0007404002050558726,0.024311345691482227,0.0001361909307888709,0.0010299583276112874,0.00047059829618471366,0.010093130792180697,0.0010625961003825068,0.0010182831902056932,0.00016915056039579213,9.06922923604725e-06,8.742883801460266e-05,0.0,7.001204477274925e-11,0.012364409863948822,0.13133855594787747,0.38915500044822693,0.13133855594787747,0.38915500044822693,0,0,0,"{'mean': {'raw': -0.0006356559655008217, 'lambda': 1.0, 'weighted': -0.0006356559655008217}, 'log_growth': {'raw': -0.0005670519506869217, 'lambda': 0.0, 'weighted': 0.0}, 'cvar': {'raw': 0.0007404002050558726, 'lambda': 0.5, 'weighted': 0.0003702001025279363}, 'turnover': {'raw': 0.024311345691482227, 'lambda': 0.0001, 'weighted': 2.4311345138509446e-06}, 'volatility': {'raw': 0.0001361909307888709, 'lambda': 0.0, 'weighted': 0.0}, 'vol_excess': {'raw': 0.0010299583276112874, 'lambda': 1.0, 'weighted': 0.0010299583276112874}, 'weight_path': {'raw': 0.00047059829618471366, 'lambda': 0.0, 'weighted': 0.0}, 'diversify': {'raw': 0.010093130792180697, 'lambda': 0.0, 'weighted': 0.0}}","{'mean': {'raw': -0.0010625961003825068, 'lambda': 1.0, 'weighted': -0.0010625961003825068}, 'log_growth': {'raw': -0.0010182831902056932, 'lambda': 0.0, 'weighted': 0.0}, 'cvar': {'raw': -0.00016915056039579213, 'lambda': 0.5, 'weighted': -8.457528019789606e-05}, 'turnover': {'raw': 9.06922923604725e-06, 'lambda': 0.0001, 'weighted': 9.069229256475353e-10}, 'volatility': {'raw': 8.742883801460266e-05, 'lambda': 0.0, 'weighted': 0.0}, 'vol_excess': {'raw': 0.0, 'lambda': 1.0, 'weighted': 0.0}, 'weight_path': {'raw': 7.001204477274925e-11, 'lambda': 0.0, 'weighted': 0.0}, 'diversify': {'raw': 0.012364409863948822, 'lambda': 0.0, 'weighted': 0.0}}",0.0003
