epoch,train_loss,val_loss,train_mean_return,train_cvar,train_turnover,train_volatility,train_weight_path,val_mean_return,val_cvar,val_turnover,val_volatility,val_weight_path
1,0.004492293344810605,1.1583295551439126,0.010223361229608681,0.010494054496203635,0.054718167605725204,0.03991385156802029,0.0028408057141033087,0.07028889663827916,0.07058717349233727,1.4355871826410294e-05,2.5278240247280337,4.820672749872301e-10
2,0.0029197779526426034,0.9933786030548314,0.009872843241530725,0.010136424256912009,0.0560255040499297,0.03570988114700991,0.00289640023203736,0.06536257802508771,0.06563382409512997,1.4103095357616743e-05,2.183116193380556,4.975968526110819e-10
3,0.001812349454584447,0.853693519330894,0.009148529206868261,0.009384527601386335,0.05487081543965773,0.03129475115565583,0.002797571751712398,0.06086140125989914,0.06112903434162339,1.6023909362653892e-05,1.8902388126734877,6.753894480719206e-10
4,0.0017397158504040403,0.7525322418659925,0.008793000904419883,0.00903523368337615,0.05044832012870095,0.03009008636978582,0.0024540878578343177,0.05736773864676555,0.05763471336103976,1.639511901885271e-05,1.677434636367252,5.616060209471622e-10
5,-7.706586356190118e-05,0.6693195224894831,0.008125308001498606,0.008353505495258352,0.050034633752974594,0.024439510731926104,0.002358814447440884,0.05431411345489323,0.054581046725312866,1.691460298995177e-05,1.5018482308344876,5.851332751660721e-10
6,5.736379799517718e-05,0.588914075633511,0.007834135956892913,0.00806880342266099,0.048611772669987244,0.02384163438347803,0.00223264064301144,0.05117811014254888,0.05144299753010273,1.736858393996954e-05,1.331627405292238,6.076784260973985e-10
7,-0.0015441182225582782,0.5550315296277404,0.007334288199093531,0.007544237845153971,0.04906337132508105,0.019114303436998107,0.0023120506666600704,0.049792991019785404,0.05005301426475247,1.7610106927653153e-05,1.2597020817144464,6.285847398146416e-10
8,-0.0008910955353216691,0.48631909815594554,0.007288057801567696,0.007493259797973389,0.04871006242253564,0.020276989359196952,0.002262241588058797,0.04684825808120271,0.04709144573037823,2.4172943085432053e-05,1.1134261335246265,1.2029008900071858e-09
9,-5.735947475345297e-05,0.41939554014243186,0.0070520803088914945,0.007254509657452052,0.04569955373352224,0.021234392474236138,0.00208974341777238,0.04377379392584165,0.04399922505641977,1.6923528164625168e-05,0.9703378649962057,5.892453192046787e-10
10,-0.0026965581544738434,0.39144748689917225,0.0063117409749379886,0.006514214963482862,0.04809382591735233,0.013734502850142731,0.002294486113400622,0.04241810583819946,0.042636966643234096,1.6982977588971455e-05,0.910368133901405,6.024425032909638e-10
11,-0.002657129000660709,0.3478349519427866,0.006124224333854561,0.006317950123709373,0.04738921130245382,0.013242212975455914,0.0022514194292439656,0.040202800456124045,0.04041096304232875,2.3248411404589813e-05,0.8164864705565075,1.1497223913655337e-09
12,-0.0026957505403763867,0.3281616582535207,0.006149394765750251,0.00634236580861563,0.04774694991382686,0.013239641200264239,0.002319925126026977,0.03915844291138152,0.03936187042078624,1.984760941316684e-05,0.7740020586231063,8.183406544996311e-10
13,-0.0023304645649411464,0.30723694727445644,0.005984746041411365,0.006185178626434539,0.048512693494558334,0.013483557615968906,0.002408413470468738,0.0380130778454865,0.03821186884306371,1.954174755762021e-05,0.7287119127892462,7.984359839952049e-10
14,-0.0028746112842451444,0.2750188468489796,0.005541544047776948,0.0057262315160848875,0.04813529618761756,0.011049975295133085,0.002470718336884271,0.03617106929110984,0.036361298058182,1.3607554137706757e-05,0.6587411474368613,3.970174189404929e-10
15,-0.002994833006100221,0.25219913199543953,0.005304822327823124,0.005500039583156732,0.049138236113569954,0.010109682707645168,0.0025400541384111752,0.03480093565303832,0.03498373514351746,1.3439838464061419e-05,0.6089838777649371,3.919597239369447e-10
16,-0.0027986981863663955,0.23374188931969306,0.005285002222411673,0.005468410725535994,0.04761565307324583,0.010430994401262566,0.0025068211411549287,0.03364721561471621,0.033826360401387014,1.3266806490719318e-05,0.5686045426021641,4.533136088724632e-10
17,-0.003289060347015038,0.21781052967223027,0.0050250096352432265,0.005218412605410611,0.04808033122257753,0.00868016681025355,0.002642205408350988,0.032614777446724474,0.03279116152164837,1.2881665801008543e-05,0.5336417781727505,4.1113668025616334e-10
18,-0.003343170008685609,0.20230632302506515,0.004778314777385359,0.004962958226149733,0.05084774169054898,0.007822489189989441,0.002944688545539975,0.03157367145953079,0.031747976900078356,1.16125059624513e-05,0.49950796108169015,3.1815391062413784e-10
19,-0.0031179239581847055,0.19293940307882926,0.0048923270065146926,0.005080696396445009,0.05041822350837968,0.008618857277641919,0.002808899597518823,0.030925577661643427,0.031098623216773074,1.1409943302472433e-05,0.478828582308779,2.9169801759228636e-10
20,-0.0033276116168549793,0.19408994121477008,0.004686264887409793,0.0048749451578425414,0.051026170565323395,0.007581445781397633,0.0030013831035996027,0.03100606892257929,0.03117925856107225,1.1378860411544641e-05,0.4813712741524796,2.819928179853548e-10
21,-0.0034981249006126413,0.18636806945626935,0.004643927825699476,0.00482600244735791,0.05052677101709626,0.007106922353242143,0.002903886139392853,0.03046166675630957,0.03063382301479578,1.1383012558023134e-05,0.4642932857532287,2.8389553670867446e-10
22,-0.003448614035733044,0.17597486455148706,0.004565099902472205,0.004745801545637237,0.04981478743932464,0.006968225792330817,0.0029206172012808647,0.029711005006295938,0.029881296524157126,7.831142283976078e-06,0.4412530166543244,1.4485274091313727e-10
23,-0.0034396088925528934,0.16860432845229903,0.004495714174647053,0.004686281407802281,0.051869870248166,0.0067874848629633725,0.003164895217527043,0.029165468372715015,0.02933277585543692,1.5418860130012035e-05,0.42487236887730734,5.771729390720756e-10
24,-0.0034974261388097975,0.1683877396862954,0.004358652645764364,0.0045462180860340595,0.053545900705185806,0.006257312240698163,0.0032486904158510947,0.02914929696513961,0.029316523112356663,1.6806685986618202e-05,0.42439058812063496,7.149274505735548e-10
25,-0.0031981881184037775,0.15458395890891552,0.004802618617594073,0.004986213243682869,0.05353519083424048,0.008183711232876785,0.003279121084646745,0.02809419482946396,0.028255798659908276,2.078552885601918e-05,0.39361210426189547,1.1061012846388014e-09
26,-0.003712782011875375,0.1512187484962245,0.004447048096070913,0.004632260205901482,0.05059221251444383,0.006090080116171686,0.0029720957179299808,0.02783003499886642,0.027990234627698857,2.1261745132505894e-05,0.3860877924016677,1.1833588923574705e-09
27,-0.0034899705470624294,0.15136151884992918,0.004331323286433789,0.004518984383056787,0.0527193851091645,0.006190500678547489,0.0032251903956586666,0.027841325500048697,0.02800158620811999,2.2065980980793636e-05,0.3864072755992917,1.3089055765173423e-09
28,-0.00317095892122862,0.14675164067496857,0.00445370338010517,0.004636893117673357,0.051816228438507424,0.007191396741704507,0.003109229686246677,0.02747491126259168,0.027633180026896298,2.26716510951519e-05,0.37608628181624226,1.4100611049154093e-09
29,-0.0032359614719594406,0.139271263537618,0.004443674943600358,0.00462282303487882,0.05592509596185251,0.007026343915971334,0.0036047007676891303,0.026868022590254743,0.027022852484757703,1.6769821134706337e-05,0.35930142367821344,8.631662791932134e-10
30,-0.0036518504864282227,0.13647904184957346,0.004129989931243472,0.004313303348184986,0.05131888084790923,0.005258695033923935,0.0031155084090476685,0.0266373324363182,0.02679083775728941,1.1893241511036953e-05,0.3530235839546852,3.8018436547086293e-10
31,-0.002737569088243287,0.1318354750983417,0.004563367068344219,0.004744991247372871,0.05167044021866538,0.008385621617146006,0.0031572773375294423,0.026248701382428408,0.026400033190536003,1.2402170492957035e-05,0.34256837357679615,4.1725722876861937e-10
32,-0.003478430962952023,0.13146570530564836,0.004124593582342972,0.004300006448333575,0.052349494262175125,0.005581235880857672,0.0031274905512956057,0.02621750518058737,0.026368655380792916,1.368931649873654e-05,0.3417350784390389,5.386052344865296e-10
33,-0.0033672462079928005,0.1303870698902756,0.004225076938217337,0.004407848400825804,0.05667143755338409,0.006111458862009881,0.003582590725272894,0.02612615586258471,0.026276805942567687,1.4197993247459332e-05,0.33930326209277456,5.89670719660281e-10
34,-0.0035807838483544237,0.1332786549658825,0.004028635370725004,0.004209866368910298,0.05455108799717643,0.005093964693184138,0.0034706082449040628,0.02637022725927333,0.026522220267603796,1.4583929441869259e-05,0.3458199818439122,6.302844912653427e-10
35,-0.003620451688468827,0.13543174935815236,0.004070520287231458,0.004246207488573749,0.0525153557007963,0.005135203853238967,0.0031879110769792037,0.02655032932913552,0.026703318619790178,1.554879903172453e-05,0.35066748270279885,7.372428593536521e-10
36,-0.0031825198093429208,0.1287419794825837,0.004121935000346804,0.004302725195884705,0.05614723231304775,0.006169610318135132,0.003579736856574362,0.02598613155229638,0.02613599233639737,1.5882057293007772e-05,0.33559221128477174,7.799347834236414e-10
37,-0.0035231800072572446,0.12671620662634572,0.004068997672716664,0.004250969399105419,0.05379825999790972,0.0053311480746329335,0.003484552895480936,0.025812484207563102,0.025961377386314172,1.6379480560620625e-05,0.331018768294598,8.427770333459724e-10
38,-0.0035044814047234304,0.129572377850612,0.003911057391881265,0.004091208292679353,0.05637681789018891,0.004892366827830715,0.0035901323849843307,0.026056958672900993,0.026207198621705174,1.7117631311217945e-05,0.33746586333290907,9.395103954072208e-10
39,-0.003562664506138059,0.1339791512582451,0.004110514839835973,0.004293350619263947,0.05423149906776168,0.005377537279194009,0.003337441710755229,0.026429072216463585,0.026581362859966855,1.837928236151735e-05,0.3473978036781773,1.1157456440239837e-09
40,-0.0032147020948204126,0.1273141105969747,0.004359227494040335,0.004543336304116317,0.05470256507396698,0.006820762953297658,0.0034184084400873294,0.025863942146922152,0.0260131146836405,1.852396720399459e-05,0.332369206638153,1.143156162323559e-09
41,-0.0028373180274766955,0.12445835466496646,0.004327192934314636,0.004517808122645048,0.055630653757940636,0.007485696581583893,0.0036766706881198015,0.025617415240655344,0.025765398594861228,1.908722333610058e-05,0.32591694694080314,1.2288255598254712e-09
42,-0.003505927955054424,0.12412143234784405,0.0040067104114727544,0.004185224883258343,0.0560276135802269,0.005174873259172521,0.0035545458720827646,0.025588157237507403,0.02573605568613857,1.9484917478015024e-05,0.3251552235354514,1.288862202149706e-09
43,-0.003610953204439614,0.12184377627757688,0.003873582191193815,0.004059319414822808,0.05278185721148144,0.004573402599569156,0.0030920024622570386,0.02538928366266191,0.025536577100865543,1.9556939757118624e-05,0.32000268574483925,1.3052260013542612e-09
44,-0.003632253787310963,0.1281692166812718,0.004033088059672577,0.0042238702934066005,0.054923257367177444,0.005013871492172422,0.0034131328998641534,0.02593733121951421,0.026086897938512266,2.094670586908857e-05,0.33429998953700607,1.5276217328145474e-09
45,-0.003412378105250272,0.13082288927398622,0.00394500258103521,0.004136323611336676,0.049853058023886246,0.005191012749988163,0.0029456978663802147,0.026163321880934138,0.026314115229373176,2.1790290096153814e-05,0.34028652079966076,1.6732240778101943e-09
46,-0.0033691482279788365,0.12848277933274707,0.003971257141198625,0.004154442619024353,0.0543833618814295,0.005347106999992816,0.003383130110292272,0.025964185207461316,0.026113899036621053,2.1981405249486368e-05,0.335007826310175,1.7114007988539015e-09
47,-0.003522817823316225,0.13244707505994788,0.003933606431184506,0.004120211804878305,0.0531346354294907,0.004930517965641973,0.0032198340420357204,0.02630058687645942,0.026452156831510365,2.325254414851467e-05,0.34394746383380453,1.9408985529878464e-09
48,-0.003504968267489775,0.12969780542577306,0.0041611365238416265,0.0043441979002884845,0.05228536406701261,0.005645438490319066,0.0031933983449231496,0.026067864731885493,0.026218145930518705,2.3800840911765892e-05,0.3377494716066091,2.143866713784822e-09
49,-0.002720694466171897,0.12704209083070359,0.004289300794797865,0.004466638979713686,0.054664451967586174,0.007592246740056329,0.0033594003920866685,0.025840828893706203,0.02598987069601814,2.8202368412166834e-05,0.3317557146049997,2.885600795347424e-09
50,-0.003580649954859506,0.12585429668736955,0.003940383808433332,0.00411921355407685,0.05334137278524312,0.004827361547292888,0.003258310491219163,0.025738521905926365,0.025887005535575252,2.8649383845428627e-05,0.32907263206288917,2.996377368447156e-09
51,-0.0035562441758388145,0.12845032926027974,0.003910529924641279,0.004094634369142692,0.054742031476714394,0.004791590321639722,0.003335284407843243,0.025961572537198663,0.026111273560673,2.9255830061932404e-05,0.3349350713057599,3.141295816059634e-09
52,-0.003518357587216253,0.12738186512918523,0.0038434068820523944,0.004026597916063937,0.0546671138568358,0.004665081271510148,0.0034091727681119332,0.02587005643484493,0.02601925275909404,2.9534586550047e-05,0.33252308487377985,3.2162175145344918e-09
53,-0.0033211787390014665,0.1277518899490436,0.004182774372483519,0.004365241239694032,0.052729119631377136,0.006077264515624847,0.0031115753068165345,0.025901836847576003,0.026051215090168018,3.0396874838819105e-05,0.33335867007554043,3.4291437837434082e-09
54,-0.002837389464151453,0.1252503424960499,0.004361035524528812,0.004550338701599024,0.055648627267642456,0.007585814704229547,0.0034331283532083035,0.02568639159047355,0.025834585384776194,3.0936343440165125e-05,0.3277080348925665,3.567126150016975e-09
55,-0.0036254376464057714,0.12664493386788914,0.00386117461708967,0.004045298746363683,0.05140978504310955,0.004505905018463222,0.002927661788734523,0.02580679553405692,0.025955650644997757,3.181791786725322e-05,0.33085911539092194,3.795000462029445e-09
56,-0.003396204352611676,0.12372832415470232,0.004088172371583906,0.0042682722269091755,0.054703276943076744,0.005640590009120801,0.003386776830831712,0.025554319261573255,0.025702091089139383,3.181388213609656e-05,0.32426738148690976,3.80304025308457e-09
57,-0.003600300998104186,0.1242820469584937,0.003897092789305713,0.0040817005117952995,0.054601415653120385,0.004663697850694668,0.0033300536981021815,0.025602482880155247,0.025750425915854674,3.238059192275008e-05,0.3255194765806664,3.9576833662143445e-09
58,-0.0033403242030710153,0.12438520168264706,0.0040395146881399505,0.004219600155589764,0.05507978356697343,0.005606281219198453,0.003418299602344632,0.025611448644970853,0.02575941345033546,3.2814258399109043e-05,0.3257527000993529,4.074364845507716e-09
59,-0.003508446452377195,0.1265725335882356,0.0039026890458031135,0.004082568741234189,0.051373944702473556,0.004860186746968379,0.0029616787056015296,0.025800616946071386,0.02594945824239403,3.393359171847502e-05,0.33069576240328996,4.377227469376521e-09
60,-0.0035432433783584697,0.12911115563474596,0.003998231370298361,0.0041828016348352485,0.0556976470080289,0.005080969767401588,0.003340495940805836,0.026018184570906062,0.02616823053297897,3.505847416818142e-05,0.33642689658881864,4.693600767306331e-09
61,-0.0034776006888767533,0.1319903840776533,0.003909245895391161,0.004088530761443756,0.052873427217656914,0.004940612465857571,0.003169096709991043,0.026262397839066882,0.026413776640159387,3.584569397692879e-05,0.3429193358509413,4.926108706134376e-09
62,-0.0032129037373868578,0.13096002345749488,0.004276801281693307,0.004462964748117057,0.0568012110888958,0.0065786938774346545,0.003528562162748792,0.026175314172481496,0.0263262145454064,3.6244765700151525e-05,0.3405968875740655,5.051912665976488e-09
63,-0.003495007869787514,0.1265375098058333,0.004221906530967151,0.004399959236087108,0.05545264855027199,0.005841950809223239,0.003576163604686206,0.025797655805945396,0.025946484063751996,3.617670154199004e-05,0.3306168005462193,5.045112179876317e-09
64,-0.0026828408888170748,0.1234488181071356,0.00435820550641934,0.004542515885656361,0.05560653961517594,0.007881428117715668,0.003478647887029431,0.02553009063315888,0.025677810229050618,3.62952317421635e-05,0.3236356203778996,5.0856166685283215e-09
65,-0.003268751665018499,0.12266380130313337,0.0042143732584504915,0.0043993859700011935,0.0538264350457625,0.006279191430869766,0.0033613308544524693,0.025461597950197756,0.025609132600948215,3.6793683345119156e-05,0.3218599138223605,5.237563271975887e-09
66,-0.003526403878243979,0.12010902088756363,0.003868790240217508,0.004052778787974437,0.05545587871562351,0.004725743011063473,0.0035871060099452734,0.025237135938368738,0.025384002559197445,3.7237380941708885e-05,0.3160763012953491,5.3739655688408066e-09
67,-0.0035722354553978553,0.12316592736169696,0.003912326191890646,0.004096508327744563,0.05274946648966183,0.004765480318879286,0.0032953863159160724,0.025505505967885256,0.025653180317021906,3.789580659940839e-05,0.32299604442960117,5.577948769541763e-09
68,-0.003473243312989573,0.12315298884641379,0.003780592037153176,0.003961374708028002,0.054035247388211166,0.004564597365970258,0.003338870528916066,0.025504405804288883,0.025652066571637988,3.855233080685139e-05,0.32296685556745314,5.7939324449307605e-09
69,-0.002481418661773205,0.12611091924676052,0.00451418130912564,0.004697004428387366,0.055595593357628044,0.008750704281820535,0.0035321823829276996,0.02576104799906413,0.02590970687257747,3.960303729400039e-05,0.32965363354742294,6.126654739091464e-09
70,-0.0035802206151526084,0.11917151669816424,0.003929006443782287,0.0041112576780671425,0.05378551374782215,0.004797438502216458,0.003168311668559909,0.025154224247671664,0.02530083933379501,3.4917398200680814e-05,0.31395231669497053,4.769611372523741e-09
71,-0.003467822267504578,0.1224631123477593,0.0038868932910686867,0.004068541089178656,0.0547373735091903,0.004895057684651957,0.0033899244471368465,0.02544416879148533,0.025591673135447007,3.592237286890546e-05,0.3214062256665784,5.05789010674107e-09
72,-0.0034684779397635298,0.12345237284898758,0.004065664411014454,0.004259885204109279,0.052675808017904106,0.005443095306294377,0.003138413102450696,0.02553052098179857,0.025678294400374096,3.408904497822126e-05,0.32364408274831175,4.764553196423549e-09
73,-0.0030419325981215065,0.12264973631439109,0.004156605139459399,0.004339233559386974,0.05299190194769339,0.006557341862803282,0.0031920574309135027,0.025460510592286784,0.025608088859977823,3.7250283639878035e-05,0.32182858026984223,5.458620222498212e-09
74,-0.003510779246095229,0.12648345231233785,0.003836718594274399,0.004017689699222418,0.05294414846734567,0.0046583181260344145,0.0033097832506014543,0.025793169663908582,0.025942030712030828,3.8320800134291254e-05,0.330495277021934,5.787944346025142e-09
75,-0.0035359410632571035,0.12832415022421628,0.0039020660015839067,0.004080058160153302,0.053005932745608414,0.0048010702977824785,0.0031803973781114273,0.025951176532544196,0.026100899480904143,3.92545674306651e-05,0.33465153750391136,6.091435504155622e-09
76,-0.0034054736355425452,0.1245049173400427,0.003955277291507545,0.004133518293118951,0.05295106667009267,0.005221904189304702,0.003154138018461791,0.025622120825573802,0.025770178879611194,3.921917717282971e-05,0.32602424735038465,6.081575539459057e-09
77,-0.0035785739151337607,0.1260863528586924,0.003902537436012856,0.004094246023503894,0.05136857859113,0.0047312970319498245,0.003011126367544586,0.025758969675128657,0.025907663783679407,3.99579294025898e-05,0.32959829593649675,6.325681312091547e-09
78,-0.0034542297626930204,0.12085801960589986,0.004149613087065518,0.004342804027890617,0.05151529948819767,0.005722647420374084,0.003101862035691738,0.02530330466106534,0.02545041552123924,3.945908974856138e-05,0.31777306860749377,6.179840047101e-09
79,-0.0034953393147919665,0.12300821160897613,0.0037799869182477282,0.003965486970793625,0.05143964798613028,0.004523892705699175,0.0030088344250213017,0.025491865701042116,0.02563956581677,4.0751590859144926e-05,0.3226397096756652,6.6030073260966065e-09
80,-0.003459883652712134,0.12870413383158544,0.004007996470053596,0.004187378429130397,0.05335029316219417,0.00527227368134349,0.0033019075424156404,0.025983714110528428,0.026133647421374917,4.232680657878518e-05,0.3355093223484194,7.146084612941195e-09
81,-0.0035038335746238854,0.1254744182806462,0.004289919436401265,0.004473282685715028,0.05156183649193157,0.006034537130538162,0.0030254833823577924,0.02570617982807259,0.02585459570400417,4.27452614530921e-05,0.32821577587067924,7.30580040908535e-09
82,-0.0034442842019912364,0.12397551691780488,0.003932784390847452,0.004120802813717587,0.05146943168206648,0.0050869017246771946,0.0030373885211619463,0.025576180041146774,0.025724141354051728,4.226524227609237e-05,0.32482751933760784,7.1547313259164485e-09
83,-0.003638040951707146,0.12444075662642717,0.004005724775858901,0.0041918323735113845,0.053841745988889175,0.004915775733851743,0.003278900699859316,0.025616561761125922,0.025764651751766603,3.948252803335587e-05,0.3258792929482297,6.5111045444155025e-09
84,-0.0027034447134197267,0.1242535241569082,0.0043221711027647625,0.004509761196624657,0.05364478447220542,0.00773582981425782,0.0032741825561970472,0.025600394311671455,0.025748457293957472,4.3564573085556425e-05,0.3254562905591835,7.6073275086704e-09
85,-0.002886575276286087,0.12205088239473601,0.004215822608040815,0.0043911223236302085,0.05069031430916353,0.00703889433961277,0.0029233263974839992,0.025408296923463542,0.02555580441063891,4.659224456797043e-05,0.3204741487449307,8.711014724364455e-09
86,-0.0033653620947999034,0.11640220818420251,0.004011594357011331,0.004196594352833927,0.0536574778909033,0.00547768404662334,0.0032162527680735698,0.02490751169777165,0.025053545832633972,4.353430510188142e-05,0.30767298188826925,7.709285062181456e-09
87,-0.003571817402685569,0.1184863521096607,0.003804331841158935,0.003983268302611329,0.052436759187416596,0.0044371995973051526,0.0030521489256484942,0.02509365517956515,0.025240259439063568,4.431034903973341e-05,0.3124002702412933,7.987086547700528e-09
88,-0.0028927703070538964,0.11688750035439928,0.0041767785706642,0.0043670073130422015,0.05176693471995267,0.006924083191155329,0.0029354482381181283,0.024951001745648682,0.025097168671588104,4.6346239590396486e-05,0.30877416346144554,8.63465388079021e-09
89,-0.0036217119777575135,0.11808733933139592,0.0038552691906013274,0.004039572096768428,0.0494503571905873,0.004496249474786137,0.0027354070281779223,0.025058144082625706,0.02520462676572303,4.7585383678476013e-05,0.31149558167817304,9.119909568274428e-09
90,-0.003129948848667978,0.11581180217520644,0.003960242759521035,0.004145796384281394,0.049723050811074,0.005795909431154459,0.0026508603583682666,0.024854553824601073,0.02500043627029906,4.797062138095498e-05,0.3063331260515649,9.272471975426319e-09
91,-0.0033679136395221576,0.11816670415767778,0.004044058502503586,0.004219807136740366,0.05068414996970783,0.005561397793247703,0.002812354656105692,0.02506528057468434,0.025211793060104053,4.93300030939281e-05,0.31167575257859426,9.80992117168474e-09
92,-0.0032093291943469508,0.12260867069320132,0.004134521835525943,0.00432173829970204,0.05044615167108449,0.006161480181617662,0.0027736363170499153,0.025457233578587573,0.025604925855683785,5.0568332274754844e-05,0.32173672189189045,1.032152378381094e-08
93,-0.0034351386533341033,0.11630854716834922,0.003963093989031305,0.004140392776620997,0.050094734877347946,0.005185739301272075,0.0027272234120490875,0.024899258899192016,0.025045266607776284,5.02983263383309e-05,0.30746087370062014,1.0215130667271902e-08
94,-0.0033442616695538163,0.11425104776086907,0.0042534066596999764,0.004440281899984588,0.052880503575910225,0.006247391015428796,0.003022657749666409,0.024713869361827772,0.02485932580505808,5.075108492746949e-05,0.3027891450910829,1.0558978876436717e-08
95,-0.0035652203633534637,0.11721068562474102,0.003960682539565658,0.004137880877930333,0.05060827630487355,0.004918139000603167,0.0027210215445269237,0.024980073018620413,0.025126322250192363,5.1226990763098e-05,0.30950781931702903,1.0630106572762088e-08
96,-0.003600811765698547,0.12171543342992663,0.003938532540236007,0.004122328457676552,0.05057055130600929,0.0047870907629575495,0.002826449926942587,0.02537909511011094,0.025526545708999038,5.270779365673661e-05,0.31971559471761185,1.1265801920975113e-08
97,-0.0035622234413908286,0.11559915111865848,0.003987825094637546,0.004171645924956961,0.05142237347635356,0.005011994607312689,0.0028500556310808115,0.024835632415488362,0.02498143387492746,5.250416385630766e-05,0.30585099033487495,1.1184082400935344e-08
98,-0.003563662694597786,0.11773931972372036,0.003924705678152598,0.004104972171427851,0.05124975808642127,0.004816242838966322,0.0028257830153134737,0.025027386378496885,0.025173770884672802,5.2973550433913864e-05,0.3107071601286104,1.1382520407702637e-08
99,-0.0033948178783744383,0.12148348397264878,0.0038979142951906065,0.004080535309516232,0.05064223537390882,0.0050760458530434835,0.0027674880217422137,0.025358795343587797,0.02550616297715654,5.4749834816902876e-05,0.319190713033701,1.2174930693239125e-08
100,-0.003556807808556848,0.12527258639844754,0.003858373180264607,0.004040953151574781,0.05026993765072389,0.004633457599662837,0.0028625644574111157,0.025689147451582055,0.02583756127084295,5.558722962935766e-05,0.32776101761070703,1.2550778194508894e-08
101,-0.003406844827126902,0.12152228143531829,0.004225819752636281,0.004414971896701239,0.05030092393810099,0.006042310041349,0.002757108283483169,0.02536219571872304,0.025509576701248687,5.511931764582793e-05,0.31927852250131156,1.2352163736295552e-08
102,-0.003500774629752744,0.12690412466569492,0.0038975832126611335,0.004082588632379405,0.051730948415669525,0.004865286674017129,0.0028645179065113716,0.025829912396147847,0.025979088425325852,5.723764964689811e-05,0.33144713858200703,1.3324090275546041e-08
103,-0.003580001267519864,0.12544679812466106,0.003925354167057032,0.004116051481105387,0.05396179380741986,0.004795346354182006,0.003093396800316193,0.025704245587500434,0.025852747339134414,5.709440059339007e-05,0.32815481824218296,1.3260618677198485e-08
104,-0.0025382207981734114,0.11866545289133985,0.004439021042675118,0.004624457368415527,0.04899756339463321,0.008415725074221635,0.002664869333702055,0.025109848473221064,0.02525648397083084,5.646086841200789e-05,0.31280708523263456,1.2957846943587962e-08
105,-0.00335614092364267,0.11707008765855183,0.0038311649616596037,0.004016416777052324,0.049657651307907974,0.004955999003538058,0.0026715734592554245,0.024967650999315083,0.02511385560501367,5.7169197437663875e-05,0.3091893214950687,1.3288982358972135e-08
106,-0.0035969297274608503,0.12098432246906062,0.0039199043107642365,0.004103691359473901,0.04761578718369657,0.0047396183290402405,0.0024945314931259913,0.025314955157227814,0.025462228416775663,5.7954787431905665e-05,0.3180607696219037,1.364889001820302e-08
107,-0.003529540030285716,0.12208699566933016,0.004009062244387513,0.004186043060723354,0.04844422367486087,0.005134879849554802,0.002595010869712992,0.025411810182655852,0.02555938185347865,5.893744916344682e-05,0.32055699175301317,1.4134924934220786e-08
108,-0.003691097795539959,0.127707042110463,0.004133909570307217,0.004315477166197856,0.051810353317044,0.005190177122792441,0.0028084149076180024,0.025898894023460645,0.026048499431150656,6.038175585369269e-05,0.3332603472954361,1.4846326242453264e-08
109,-0.0029814273002557456,0.12738368605884412,0.004327655021122403,0.004516101913891775,0.04872394454750148,0.0071983030092352155,0.00254607932980765,0.025871141037593286,0.026020586141385138,6.074743578210473e-05,0.33253021825657925,1.5080748501835235e-08
110,-0.0034124330850318074,0.12425955221988261,0.0041579361264170575,0.004345430802045898,0.04730483957312324,0.005826497535798064,0.0023907828144729137,0.025601447327062488,0.025749617295029264,6.620613082001607e-05,0.32547161067244207,1.7874079105695273e-08
111,-0.0032078283362683246,0.12157957787470271,0.004397368778220632,0.004577478478578004,0.048912560736591164,0.006946255676501261,0.002607290908186273,0.02536725198539595,0.025514688653250534,6.118577827389042e-05,0.31940832858526846,1.5264575381479517e-08
112,-0.0034283992294645445,0.11391480833602448,0.00390999328175729,0.004090274398384447,0.04944269359111786,0.005043053658896083,0.0026031847492876377,0.024683592647003632,0.024828959605656564,6.007775664329529e-05,0.3020257471919952,1.4721879419236453e-08
113,-0.003491509578783404,0.1150210970857491,0.0038838794042186982,0.0040654146842743185,0.04864589836109768,0.0048399168874973175,0.002540233904834498,0.024783664266578853,0.024929346477923293,6.0394968992720045e-05,0.3045388595564873,1.4874331100145355e-08
114,-0.0027017854048277845,0.13011306423383454,0.004274876026267355,0.004453277696897699,0.04992546276612715,0.007588952079293615,0.0026101625778458333,0.026104253833182156,0.026255002012476325,6.170407868921757e-05,0.3386896257652552,1.5524667181428715e-08
115,-0.003493500532137907,0.11917569709476084,0.003833500435575843,0.004015586100815033,0.04962578889998523,0.0046851475357967,0.002565431662581184,0.025155236207259197,0.02530206274241209,6.08919265990456e-05,0.31396392712485977,1.511345715243806e-08
116,-0.00286111429291354,0.1165420290781185,0.004144085973331874,0.00432816912970421,0.04982153190807863,0.006883630868370264,0.0025862221690741453,0.024920448389214773,0.025066582951694727,6.128548799703519e-05,0.3079915206884228,1.5306748461322666e-08
117,-0.0036308943235781044,0.1130628048364694,0.0038894257370636546,0.004073294281790202,0.05086263811046427,0.004579642966828859,0.0027077794921669092,0.02460630137162904,0.0247515004593879,6.117019802331924e-05,0.30008970311367494,1.525191587840406e-08
118,-0.0034235707187855787,0.11567072058096528,0.003942315038081936,0.0041268016264604575,0.04974527318369259,0.005153835569878786,0.0025289417456158185,0.02484224911313504,0.024988182238303125,6.128659394259255e-05,0.30601410437520826,1.5313748491507795e-08
119,-0.0028202825448137114,0.11984848677335928,0.00437229557428509,0.004554237101481042,0.04702548073096709,0.007648388751311524,0.00234523142518645,0.02521486549327771,0.025361929515687127,6.27796786526839e-05,0.31548863140536315,1.607110533541345e-08
120,-0.003159120795316994,0.11010466861383368,0.003984803503209894,0.004170014808716422,0.04746352610262958,0.005811415482391815,0.0023603654381903734,0.024335497835030157,0.02447988244239241,6.0453894548118114e-05,0.2933601958793588,1.4854341164512638e-08
121,-0.0027184265544003047,0.10632796011244257,0.004190965492109006,0.004378233993933959,0.04862797971476208,0.007313072365915022,0.0025700453922829843,0.02398446334215502,0.02412779415802409,5.957218430315455e-05,0.2847526240342025,1.4332385944726411e-08
122,-0.003610251788896593,0.118630031356588,0.003841240337351337,0.004032114713812585,0.050418153405189514,0.004483498169230932,0.002550955353812738,0.025106852175667882,0.02525358006823808,6.42529921606183e-05,0.31272733681544196,1.7151239243654952e-08
123,-0.0031708790629636496,0.12049701650782178,0.004047079276378182,0.004234469752356579,0.04962690242312171,0.0059764384786831215,0.0025337231980467386,0.02527229697443545,0.02541955521640678,7.286171118418376e-05,0.31695816765810986,2.1421267130487347e-08
124,-0.0035530468343164434,0.12540258017058173,0.0038536077058366077,0.004032009265343236,0.050652136179533874,0.004622479974138762,0.002601394196972251,0.025700781145133078,0.025849442502173286,7.60306332570811e-05,0.3280561523739986,2.3292850907334166e-08
125,-0.0017697292337702079,0.11989916461364676,0.004636399786580692,0.004826861613599414,0.04842361604625529,0.010550029694885861,0.00244005339812826,0.02521973297310372,0.025366905339372654,8.116765335823099e-05,0.31560468659396673,2.6608631742419675e-08
126,-0.003406671833627942,0.13120121194515377,0.003982650306583805,0.0041765323205089026,0.04981569471684369,0.0053180366548159245,0.002446433762088418,0.02619707417519142,0.026348567218519747,8.767499821260571e-05,0.34114513424477383,3.102572539622391e-08
127,-0.0036120628779330714,0.1268791916857784,0.003948139312507754,0.004123051693155007,0.04909024353731762,0.0047849113735455,0.00237715993584557,0.025828325965752203,0.025977785155798,8.773423420886199e-05,0.33139280284619116,3.0644187631878594e-08
128,-0.003506702646105127,0.14282345193593451,0.004039757609875364,0.004217753133905882,0.050858714363791725,0.005273181785014458,0.002549150408330289,0.027159975608810782,0.02731686756790926,9.504348660508792e-05,0.3672837111759388,3.586799598072806e-08
129,-0.0037090193522586064,0.1451370590754474,0.004041156720962714,0.004229632396758957,0.050101214850490745,0.004883388463481838,0.0024911612272262573,0.027347039431333542,0.027505010172414284,9.651730457941692e-05,0.3724731854623921,3.6906432872759375e-08
130,-0.0028888474017466333,0.15724998398218304,0.004491140298672359,0.004678951809182763,0.05179466374895789,0.007872659947844857,0.00259422112933614,0.028303403756581247,0.02846657034630577,0.00010221948226292928,0.39957332291669445,4.133248883893733e-08
131,-0.00261974279419519,0.11761344833454739,0.004622050170754929,0.004801789118739014,0.05216761034998027,0.008795454268031543,0.0025799267036332326,0.025016777450218797,0.02516337817845245,9.488487072909872e-05,0.31042381093235843,3.5645385310090205e-08
132,-0.0035398793353868478,0.11292123732467492,0.0037858295201493256,0.00396297490012578,0.05192529782652855,0.004443958980449348,0.0026581060903316193,0.024593939461434882,0.02473927999380976,9.460562917714317e-05,0.2997696171247905,3.5418854812026744e-08
133,-0.003486496094741266,0.11222554013753931,0.004050834077960727,0.00423933676740324,0.04992621493610469,0.005357520599235696,0.002534123624420979,0.024530507313708465,0.024675644662541647,9.51049344924589e-05,0.2981877080722673,3.57716440172832e-08
134,-0.00362722634665922,0.11607080426377554,0.0038573130785318262,0.004034004176818681,0.050364644012667915,0.004483611201893919,0.002467360516840761,0.024878721878242988,0.025024921167641878,9.825847034032147e-05,0.30692396363883745,3.817181237764089e-08
135,-0.003589121937032112,0.11773006074751417,0.0037964532543397086,0.00397611842808229,0.049430122091011566,0.004380422403549098,0.0023616959383203225,0.025027251763579745,0.02517391318300118,9.92145505733788e-05,0.31068851589467766,3.888906500530235e-08
136,-0.003504742423749783,0.13113886083010584,0.003917604642496867,0.004102513786743988,0.050789362327619034,0.004917568982240151,0.0025578913575207644,0.02619185174504916,0.02634334626297156,0.00010519833692039053,0.34100475530673674,4.369627504274831e-08
137,-0.0033814523260595956,0.11822344110502551,0.004054750538092445,0.004225627492732284,0.05160833658142523,0.005561376719428649,0.00262755593708293,0.025071282715847094,0.025218071804071467,0.00010237798172359665,0.3118075014426722,4.134795972277061e-08
138,-0.003571616946084594,0.11972903382653992,0.0038532794887115333,0.004028817226009613,0.04856516048312187,0.004581957273661497,0.002358839889480309,0.025204903174502153,0.02535211221159746,0.00010302393153930704,0.31521996313676937,4.186911913469279e-08
139,-0.0035953419759276917,0.12140001395406823,0.003919645011509684,0.0041030959374356,0.0485922054133632,0.004741496724653354,0.002435664582828229,0.025352240695307653,0.025499894594152767,0.00010561211577927072,0.3190043877621065,4.3991339756151625e-08
140,-0.0036011730818162587,0.12509906206590435,0.00391539827846414,0.004097610833758319,0.05086856470866637,0.0047153856424053875,0.0025098139885812998,0.025674922741018236,0.025823597912676632,0.00010840790734315912,0.3273715582084454,4.632672319833849e-08
141,-0.0035411548398604446,0.1302920413824419,0.003872794501314109,0.004058820608241314,0.0495480288836089,0.0047117087815422565,0.002406437521461736,0.02612025865043203,0.02627140124483655,0.000111313012894243,0.3390959840423117,4.8793310725159245e-08
142,-0.003624467052180659,0.12712578052499643,0.0041976799310015685,0.004373491593551907,0.053778295828537506,0.005508594373002945,0.0028364018918099728,0.025849836490427453,0.025999483264361817,0.00011188721206660072,0.3319506925981841,4.9320988182444125e-08
143,-0.003161398683335971,0.12594303830216327,0.004098134125921537,0.004280866578813981,0.04894887554374608,0.00614406782022508,0.0023996532598341055,0.02574802826469143,0.025897124937425058,0.00011343522540604074,0.32927923538469867,5.0709128155782914e-08
144,-0.0036451268401420252,0.13317280825382719,0.004000587238062342,0.004182409209368581,0.05052698471329429,0.004882722798687279,0.0025093026501549916,0.02636362538517763,0.02651614563850065,0.00011612053882951538,0.3455889870165265,5.3123377104687584e-08
145,-0.0034729789159345355,0.12776313008119664,0.004050506262997674,0.004229974340308796,0.05227250402623957,0.005374044725613203,0.002649124923416159,0.02590468289175381,0.026054657840480406,0.00011586591911812623,0.33339025328314165,5.288100624056824e-08
146,-0.0034361908910796046,0.12857615330722183,0.003985989182679491,0.004170535788448019,0.05236764726313678,0.005259108156844211,0.002752847440371459,0.025974317803047597,0.026124695548787713,0.00011705283153181274,0.33522561435044435,5.39234576990566e-08
147,-0.0036455599845133043,0.14312423827747503,0.004031869371167638,0.0042074262799525804,0.05088235607201403,0.00496934460997264,0.002621100516989827,0.027184920851141214,0.027342059649527073,0.00012409574507425228,0.36796035804097,6.060516473856599e-08
148,-0.003394217209213159,0.1368092861569797,0.0042555593165823,0.004441259767521511,0.0534799149767919,0.006152700587170495,0.0027373212347315116,0.026667289552278817,0.026821520916807156,0.00012378177295128504,0.35377466008018627,6.03029567021925e-08
149,-0.003634068120101636,0.14346687569438168,0.004057102900167758,0.004226100911513309,0.05244779925454746,0.005061150097886143,0.0026540063025260515,0.027212863671593368,0.027370226375448208,0.00012697717950989804,0.3687296770537311,6.344629828921218e-08
150,-0.0034640161849727683,0.1526752180264642,0.004341085695407607,0.004521604092918675,0.0513728525150906,0.006264961147363382,0.0025368456474759364,0.02794729662127793,0.028108724276535213,0.00012695005473991236,0.38935371558424475,6.450478432877087e-08
151,-0.003230952054516158,0.13284352836975208,0.004506487753877247,0.004692737859758464,0.05282182754440741,0.007232705517460338,0.002697783120145852,0.026336184586398304,0.02648858291407426,0.000125453380557398,0.34484798363700975,6.203528831368506e-08
152,-0.0029585546263578262,0.11980734505535413,0.004230100841430778,0.004411216602999379,0.050825494934212075,0.006943623351451772,0.00260433239269663,0.0252122535991172,0.025359540013596416,0.00012197095202282071,0.3153987104645542,5.867067898179812e-08
153,-0.003534715511539782,0.12316616131768872,0.00381940966789526,0.0040054102428257465,0.051958434622396125,0.0045638589793022466,0.002739085286686366,0.02550737579197933,0.02565556966389219,0.0001242850945952038,0.3230026266052543,6.0842163899603e-08
154,-0.0035288278965956783,0.12051459347518782,0.0038054160540923476,0.003986556696790186,0.052509343420917336,0.004528686029847118,0.0027256911959160457,0.025274807509655755,0.025422275415621698,0.00012568368886907896,0.3170010521595638,6.218854764483694e-08
155,-0.0036044067912205883,0.12419242066486429,0.0038737785891333424,0.00404188203075054,0.05194476043636149,0.004569691787764896,0.002724330724132332,0.025596808176487684,0.02574526898873349,0.0001286572660319507,0.32532369347124285,6.513511152661522e-08
156,-0.003711061478084461,0.13175039338724068,0.0038962312656539407,0.004080436266535385,0.051963956179943954,0.004439837932295632,0.002726326273246245,0.026244254705185693,0.026396153184274834,0.00013166223652660847,0.3423854156838691,6.816113303405776e-08
157,-0.003553196015259759,0.14938233233988285,0.004177275436549363,0.004357076657470316,0.05147645554759286,0.005594425177233378,0.0025739810133183546,0.02768733911216259,0.027847362410587568,0.0001400632318109274,0.38198667486237053,7.714510275036446e-08
158,-0.0025896756401793523,0.12820643869539103,0.004476379581981085,0.004662220980125395,0.05150296674533324,0.00842481157054532,0.002581491240892898,0.02594303716129313,0.026093290459054213,0.0001323023073685666,0.33439222078110714,6.871669218829386e-08
159,-0.002762214656368914,0.1313777536076183,0.004392883708615872,0.004573393184480004,0.049607433040033684,0.007824323274359234,0.0024311049756678667,0.026212756948856015,0.026364484064591426,0.0001362333035406967,0.3415454876764367,7.287449458696453e-08
160,-0.0034955797283063557,0.1252058569031457,0.004041337799704211,0.004210896004224196,0.05102479965849356,0.005291690035929522,0.0025850257158956742,0.02568470686674118,0.02583351021166891,0.00013432706085344157,0.3276146183707169,7.09294264803854e-08
161,-0.0036447354359552264,0.12308573614185055,0.004029291663424705,0.004207298460559369,0.050154833969744766,0.004965880172014956,0.0024997931058433924,0.02550051175057888,0.02564869518391788,0.0001350278810908397,0.3228211639240423,7.160902271152736e-08
162,-0.003367695195431059,0.12505617660159865,0.004076334584335034,0.004261051854965362,0.049410627646879715,0.0056679671410661695,0.002408888614313169,0.025671917518290382,0.02582069082806508,0.00013803634404515228,0.32727684146811953,7.478105601421703e-08
163,-0.0030957806527360594,0.11164972477126867,0.004120897993826392,0.004305720043537969,0.04945507950403474,0.006345563032399778,0.0025022502946244044,0.024478765903040767,0.024623886332847178,0.00013412575935944915,0.2968808482158541,7.06056842621668e-08
164,-0.003198306367266923,0.10826717643067241,0.0038903527681461787,0.004082596101149896,0.04855930195613341,0.005456507752982857,0.0023458985908126288,0.024166873927849036,0.024311058999349672,0.00013316564339523515,0.28917912308922195,6.957217616824589e-08
165,-0.0034879969475282865,0.10883968789130449,0.0037834741789000955,0.00396985705116425,0.050800265913659874,0.0045501290739842016,0.002613011154938828,0.024220062846628327,0.024364415750217933,0.0001343562228915592,0.29048389791569207,7.077930301117401e-08
166,-0.003403411994854237,0.11147684006330867,0.004057537518251179,0.0042490583013700825,0.050092177973552185,0.005546792369965591,0.002491985193707726,0.024463055461334687,0.024608148029074073,0.00013613427290692925,0.29648790706172196,7.266891562570284e-08
167,-0.0035478053482207047,0.10738390350403886,0.003896996844559908,0.004082986217161471,0.05025821517814289,0.004770817950801839,0.002499572721055963,0.024084774505657453,0.024228732877721388,0.00013351750870545706,0.28716605729763006,6.996436733667603e-08
168,-0.0035468307482502,0.1136113164247945,0.0037413397274742074,0.003926971252605488,0.04947820001027801,0.004305610437851018,0.002416344994509762,0.024657675918812554,0.02480338040428857,0.00013675265169392029,0.3013413376635678,7.339883249339134e-08
169,-0.0035797930745915933,0.11767249531112611,0.0038339928234398194,0.004018786900401624,0.04812793806195259,0.0045170995515284385,0.002305472121489319,0.02502315503079444,0.0251699675184985,0.00014042924158275127,0.310561247531344,7.735160541718263e-08
170,-0.0033627581062980676,0.11722451460082084,0.0038901287903585894,0.004073356553404169,0.04929179732095112,0.005117754981752528,0.0024222030558369374,0.024983136216178536,0.025129831007992227,0.00014141079736873507,0.30954509935933555,7.845851731265914e-08
171,-0.003110661163439297,0.1255145174994444,0.004297142813977023,0.004484658166554503,0.05050432851368731,0.006847022133694158,0.0024923782964999027,0.025711831559116643,0.025860898235502344,0.00014624344961096844,0.3283135697808272,8.392477942228045e-08
172,-0.0035310562498952177,0.11657140726068367,0.0039131563283841715,0.004093868668529798,0.04963728412985802,0.004847644557726612,0.0024843061427501116,0.024924761848524213,0.025071297539398074,0.0001418256239655117,0.308063597335907,7.89905385545353e-08
173,-0.0033521500769314694,0.11986115508868049,0.004067881842440163,0.004252337220929225,0.04806549508463253,0.0056737277984873135,0.0022995980371805754,0.025217570286865037,0.025364982274671394,0.00014511462844287357,0.3155224015087394,8.272453063303449e-08
174,-0.003135543877843619,0.11707184719853103,0.00415858315219256,0.004339751004326073,0.051527485928752205,0.006374997414241079,0.002630994507026943,0.024969526721785467,0.025116208009421825,0.00014499349830051264,0.30919893686223077,8.260347309866727e-08
175,-0.003565138862044974,0.11563160398509353,0.003769751310094514,0.003950913034548814,0.04905467480421066,0.004349849854241422,0.0023864461109042168,0.02484033485719313,0.024986618974556524,0.0001461330490807692,0.30593047998020967,8.385264512374609e-08
176,-0.0035120798063210464,0.1215975241890798,0.0038260738206603987,0.0040013265467926185,0.05051256106658415,0.004618699770865284,0.0025620199951597237,0.025370637769810855,0.0255185355587552,0.0001486131416944166,0.3194548248454036,8.671477758070978e-08
177,-0.003550081111660058,0.11979554655651252,0.0037988583313893864,0.003981928658587011,0.050864667716351425,0.00446879385377873,0.002581659640947526,0.02521192914961527,0.02535937074571848,0.0001485964749008417,0.3153742900346212,8.659075471465864e-08
178,-0.00333256926916709,0.1261856680115064,0.004139449362727729,0.00432223739864474,0.04839286479082974,0.005925858238532039,0.0023033133369277825,0.025770010620666046,0.025919461506418884,0.00015225185779854655,0.32983078833543306,9.09071597258541e-08
179,-0.003535502394449643,0.12252688671772678,0.003986067072467201,0.004166159781479192,0.04850220273841511,0.00505713211234913,0.0022849386811933732,0.025452275372420747,0.02560046846823146,0.00015029685649399957,0.32155876006921363,8.859143463268992e-08
180,-0.0034398534493944185,0.12175026213905464,0.0038892217588991944,0.004069917628922584,0.048888741569085556,0.004958389335528905,0.002433757678690282,0.025384235157010455,0.02553221214717875,0.00015174599442010125,0.31980117620696547,9.028224212670466e-08
181,-0.003461622857933187,0.1190037934963281,0.004079349256988446,0.004268167511327192,0.05009374632076784,0.00549310368924952,0.0024900897617705846,0.025141872426805396,0.025289123800272744,0.00015223420147473613,0.3135804251990824,9.087564005009578e-08
182,-0.0035636113871904936,0.1301858835698416,0.003931966901291162,0.00411563583607362,0.04879484054717151,0.0048421137061351064,0.0023698462596671147,0.026112366972180705,0.026263711935219664,0.0001570168921413521,0.3388601916133969,9.670102940617653e-08
183,-0.0035152327142317186,0.12735248597649237,0.004124058484607799,0.0043011380211365495,0.048018097538839684,0.005508714191488583,0.00235733339055018,0.025870484261152644,0.026020516486217577,0.00015495381861304244,0.3324664257573507,9.419910422063064e-08
184,-0.0032750952734865928,0.1326663002061347,0.00410400983475318,0.004288572479378094,0.04789227382703261,0.005936358900560828,0.0023214359852400694,0.026322160731069744,0.026474698757131893,0.00015901902224868536,0.3444515764567768,9.916082414444342e-08
185,-0.003487097723832862,0.12530760727046678,0.004023733620256694,0.004203776753539304,0.049077795310453934,0.005266765321059872,0.0023385995617983017,0.025694341709216435,0.025843424373306334,0.00015775135640675822,0.3278473007061014,9.755489334869101e-08
186,-0.00355527432508428,0.117890622971269,0.004062812934121625,0.004246982142583213,0.04670609669251875,0.005252292982318481,0.002125756518745964,0.025043033917124074,0.025190013305594523,0.00015554802181820074,0.31105730341611587,9.493150325094273e-08
187,-0.00349120610256002,0.12201277519731472,0.003966385413977233,0.0041474545035849915,0.04725854369727048,0.005087920133188494,0.0022077522113580594,0.02540749361893783,0.025555594824254513,0.00015826921056335172,0.3203960957325762,9.822390249307016e-08
188,-0.0032202487901403483,0.1292720924053962,0.004213641172761775,0.00440225014410151,0.050392436710270966,0.006378447412068702,0.0025422317822548475,0.026034885396560032,0.026185852475464344,0.00016282401823749146,0.33679976548592094,1.0396835629459626e-07
189,-0.003245345057538626,0.11563584115356207,0.004064883051217872,0.0042549095762131565,0.05000056631185792,0.005883480883229905,0.002525003669275479,0.024841221010622878,0.02498759930798163,0.0001566028998543819,0.30594168242290226,9.625013793386945e-08
190,-0.003501531284365972,0.11092563982432087,0.0037121242150368,0.003886096327650276,0.049682350659912285,0.004296842127091209,0.002517185745422136,0.024413037579506636,0.024558119437036414,0.00015416580329959592,0.29523544086502324,9.338061583245387e-08
191,-0.003517823479011316,0.11624501082890977,0.0038189053924394434,0.00400057198500938,0.04747404225847938,0.004592788858148692,0.002260685718449002,0.024895958214377362,0.025042500579729676,0.0001612388102027277,0.30732439395796973,1.0138499343762912e-07
192,-0.003011243058029901,0.1180615311410899,0.004197781831449406,0.004385255155449902,0.048289636319333855,0.00674820850822884,0.002330138178711588,0.025058381841517985,0.02520539821125567,0.0001623282441869378,0.3114451892688521,1.0265521647549274e-07
193,-0.0030889921736988154,0.11975407996214926,0.004243167180737311,0.004430181891869076,0.04950338872996243,0.006728134731185326,0.002482346682385965,0.025208650428491335,0.02535613428335637,0.00016521429643034935,0.3152815569555969,1.0623534762999043e-07
194,-0.0036172970933628017,0.11667363776359707,0.0038645827179689977,0.004039197535762055,0.04784453016790477,0.0045237428864559415,0.0022848844528198242,0.024934467122269172,0.025081116628522675,0.00016537025415649018,0.30829729085962754,1.0637364766807877e-07
195,-0.0034196523907171054,0.1277230439009145,0.004079930008050393,0.004259426379576325,0.049321283332326195,0.005569631208676252,0.0024314521261575546,0.02590260309322427,0.026052865704211097,0.00017051501587654153,0.33330413782338536,1.1379841187893665e-07
196,-0.0030432268130508337,0.10877160918122779,0.004132951445750554,0.00430990214755928,0.04817433926192197,0.006479245530499611,0.0023558268069543624,0.02421433754110088,0.024358829444584746,0.00015155132859945297,0.29033068510519416,9.706669364580496e-08
197,-0.0035695229307748377,0.10811643411094944,0.0037971895931563763,0.003982917971866714,0.04832010614601048,0.004428114401393527,0.0023647105448286643,0.024153500562533736,0.024297816601271432,0.00014966776749740043,0.2888376658714454,9.450428706259117e-08
198,-0.0034215047807348046,0.11014858078366767,0.003860427400054918,0.004035448422655463,0.048605963587760925,0.004903102554222146,0.0023498024410483513,0.02434164910422017,0.024486542912200093,0.0001548168365843594,0.293466969410171,1.0416097969330924e-07
199,-0.0036063129029406064,0.11752481859487791,0.003913947114514568,0.004096350801939314,0.04633383351293477,0.00470192046817498,0.0021601138975132594,0.025010713764155906,0.025157623264628153,0.00017179279044891396,0.3102286461532155,1.2420019857017905e-07
200,-0.003664190933870321,0.12067189249986161,0.0038920816097577863,0.004080811631865799,0.049083122475580734,0.004526296692016662,0.0023978041611950507,0.025289864822601277,0.025437619304284453,0.00017202106149246296,0.3173610994417686,1.1521677834025468e-07
