epoch,train_loss,val_loss,train_mean_return,train_mean_log1p_return,train_discounted_log1p_return,train_cvar,train_turnover,train_volatility,train_vol_excess,train_weight_path,train_diversify,val_mean_return,val_mean_log1p_return,val_discounted_log1p_return,val_cvar,val_turnover,val_volatility,val_vol_excess,val_weight_path,val_diversify,train_diag_grad_norm_pre_mean,train_diag_grad_norm_pre_max,train_diag_grad_norm_post_mean,train_diag_grad_norm_post_max,train_diag_nan_loss_batches,train_diag_nan_grad_batches,train_diag_skipped_nan_batches,train_term_breakdown,val_term_breakdown,lr
1,0.1052825568864743,0.06954360753297806,0.0014784022932872176,0.0012232880108058453,-0.00017583913480242094,-0.0032881443621590734,0.00030432156442354125,0.000516857001154373,0.10346261660257976,1.3524591224722826e-07,0.0,0.002577526029199362,0.002377545926719904,-0.0012687218841165304,-0.0011387997074052691,1.992698798858328e-06,0.0004005427472293377,0.06770548224449158,3.441923829283766e-12,0.0,0.5322770774364471,0.6506043076515198,0.5322770774364471,0.6506043076515198,0,0,0,"{'mean': {'raw': -0.0014784022932872176, 'lambda': 0.0, 'weighted': 0.0}, 'log_growth': {'raw': 0.00017583913480242094, 'lambda': 1.0, 'weighted': 0.00017583913480242094}, 'cvar': {'raw': 0.0032881443621590734, 'lambda': 0.5, 'weighted': 0.0016440721810795367}, 'turnover': {'raw': 0.00030432156442354125, 'lambda': 0.0001, 'weighted': 3.043215457410042e-08}, 'volatility': {'raw': 0.000516857001154373, 'lambda': 0.0, 'weighted': 0.0}, 'vol_excess': {'raw': 0.10346261660257976, 'lambda': 1.0, 'weighted': 0.10346261660257976}, 'weight_path': {'raw': 1.3524591224722826e-07, 'lambda': 0.0, 'weighted': 0.0}, 'diversify': {'raw': 0.0, 'lambda': 0.1, 'weighted': 0.0}}","{'mean': {'raw': -0.002577526029199362, 'lambda': 0.0, 'weighted': 0.0}, 'log_growth': {'raw': 0.0012687218841165304, 'lambda': 1.0, 'weighted': 0.0012687218841165304}, 'cvar': {'raw': 0.0011387997074052691, 'lambda': 0.5, 'weighted': 0.0005693998537026346}, 'turnover': {'raw': 1.992698798858328e-06, 'lambda': 0.0001, 'weighted': 1.9926987837592947e-10}, 'volatility': {'raw': 0.0004005427472293377, 'lambda': 0.0, 'weighted': 0.0}, 'vol_excess': {'raw': 0.06770548224449158, 'lambda': 1.0, 'weighted': 0.06770548224449158}, 'weight_path': {'raw': 3.441923829283766e-12, 'lambda': 0.0, 'weighted': 0.0}, 'diversify': {'raw': 0.0, 'lambda': 0.1, 'weighted': 0.0}}",0.0003
2,0.10201327440639336,0.06586527824401855,0.0014645306703945,0.0012139284323590498,-0.00017081554202983776,-0.0032229017621527114,0.0012782722478732467,0.0005075389441723625,0.10023088256518047,1.3557765896621277e-06,0.0,0.0025495835579931736,0.002354065189138055,-0.0012439382262527943,-0.00108840293250978,4.087599336344283e-06,0.00039144622860476375,0.06407713890075684,1.4525395643227856e-11,0.0,0.5402356584866842,0.65341717004776,0.5402356584866842,0.65341717004776,0,0,0,"{'mean': {'raw': -0.0014645306703945, 'lambda': 0.0, 'weighted': 0.0}, 'log_growth': {'raw': 0.00017081554202983776, 'lambda': 1.0, 'weighted': 0.00017081554202983776}, 'cvar': {'raw': 0.0032229017621527114, 'lambda': 0.5, 'weighted': 0.0016114508810763557}, 'turnover': {'raw': 0.0012782722478732467, 'lambda': 0.0001, 'weighted': 1.2782722080828535e-07}, 'volatility': {'raw': 0.0005075389441723625, 'lambda': 0.0, 'weighted': 0.0}, 'vol_excess': {'raw': 0.10023088256518047, 'lambda': 1.0, 'weighted': 0.10023088256518047}, 'weight_path': {'raw': 1.3557765896621277e-06, 'lambda': 0.0, 'weighted': 0.0}, 'diversify': {'raw': 0.0, 'lambda': 0.1, 'weighted': 0.0}}","{'mean': {'raw': -0.0025495835579931736, 'lambda': 0.0, 'weighted': 0.0}, 'log_growth': {'raw': 0.0012439382262527943, 'lambda': 1.0, 'weighted': 0.0012439382262527943}, 'cvar': {'raw': 0.00108840293250978, 'lambda': 0.5, 'weighted': 0.00054420146625489}, 'turnover': {'raw': 4.087599336344283e-06, 'lambda': 0.0001, 'weighted': 4.087599148050458e-10}, 'volatility': {'raw': 0.00039144622860476375, 'lambda': 0.0, 'weighted': 0.0}, 'vol_excess': {'raw': 0.06407713890075684, 'lambda': 1.0, 'weighted': 0.06407713890075684}, 'weight_path': {'raw': 1.4525395643227856e-11, 'lambda': 0.0, 'weighted': 0.0}, 'diversify': {'raw': 0.0, 'lambda': 0.1, 'weighted': 0.0}}",0.0003
3,0.09786451995993654,0.0613744743168354,0.001449634398644169,0.001204705525500079,-0.0001627804401020209,-0.003137818460042278,0.00253031876248618,0.0004958234882603089,0.09613257646560669,5.232598899359194e-06,0.0,0.0025153777096420527,0.002325242618098855,-0.0012137128505855799,-0.0010280086426064372,6.398917321348563e-06,0.0003804806328844279,0.05964675545692444,3.569413167814339e-11,0.0,0.5927217404047648,0.7088900208473206,0.5927217404047648,0.7088900208473206,0,0,0,"{'mean': {'raw': -0.001449634398644169, 'lambda': 0.0, 'weighted': 0.0}, 'log_growth': {'raw': 0.0001627804401020209, 'lambda': 1.0, 'weighted': 0.0001627804401020209}, 'cvar': {'raw': 0.003137818460042278, 'lambda': 0.5, 'weighted': 0.001568909230021139}, 'turnover': {'raw': 0.00253031876248618, 'lambda': 0.0001, 'weighted': 2.530318710114443e-07}, 'volatility': {'raw': 0.0004958234882603089, 'lambda': 0.0, 'weighted': 0.0}, 'vol_excess': {'raw': 0.09613257646560669, 'lambda': 1.0, 'weighted': 0.09613257646560669}, 'weight_path': {'raw': 5.232598899359194e-06, 'lambda': 0.0, 'weighted': 0.0}, 'diversify': {'raw': 0.0, 'lambda': 0.1, 'weighted': 0.0}}","{'mean': {'raw': -0.0025153777096420527, 'lambda': 0.0, 'weighted': 0.0}, 'log_growth': {'raw': 0.0012137128505855799, 'lambda': 1.0, 'weighted': 0.0012137128505855799}, 'cvar': {'raw': 0.0010280086426064372, 'lambda': 0.5, 'weighted': 0.0005140043213032186}, 'turnover': {'raw': 6.398917321348563e-06, 'lambda': 0.0001, 'weighted': 6.39891695186634e-10}, 'volatility': {'raw': 0.0003804806328844279, 'lambda': 0.0, 'weighted': 0.0}, 'vol_excess': {'raw': 0.05964675545692444, 'lambda': 1.0, 'weighted': 0.05964675545692444}, 'weight_path': {'raw': 3.569413167814339e-11, 'lambda': 0.0, 'weighted': 0.0}, 'diversify': {'raw': 0.0, 'lambda': 0.1, 'weighted': 0.0}}",0.0003
4,0.09265940069841842,0.05599181726574898,0.001426522348386546,0.0011886165981801848,-0.00016795482952147722,-0.0030386204986522594,0.003788009208316604,0.0004812853585463017,0.0909717579682668,1.1565191319580967e-05,0.0,0.0024742393288761377,0.0022904607467353344,-0.0011775284074246883,-0.0009572696289978921,8.914951649785507e-06,0.00036754042957909405,0.05433565378189087,6.95099186542869e-11,0.0,0.6347240606943766,0.7752325534820557,0.6347240606943766,0.7752325534820557,0,0,0,"{'mean': {'raw': -0.001426522348386546, 'lambda': 0.0, 'weighted': 0.0}, 'log_growth': {'raw': 0.00016795482952147722, 'lambda': 1.0, 'weighted': 0.00016795482952147722}, 'cvar': {'raw': 0.0030386204986522594, 'lambda': 0.5, 'weighted': 0.0015193102493261297}, 'turnover': {'raw': 0.003788009208316604, 'lambda': 0.0001, 'weighted': 3.788009147835207e-07}, 'volatility': {'raw': 0.0004812853585463017, 'lambda': 0.0, 'weighted': 0.0}, 'vol_excess': {'raw': 0.0909717579682668, 'lambda': 1.0, 'weighted': 0.0909717579682668}, 'weight_path': {'raw': 1.1565191319580967e-05, 'lambda': 0.0, 'weighted': 0.0}, 'diversify': {'raw': 0.0, 'lambda': 0.1, 'weighted': 0.0}}","{'mean': {'raw': -0.0024742393288761377, 'lambda': 0.0, 'weighted': 0.0}, 'log_growth': {'raw': 0.0011775284074246883, 'lambda': 1.0, 'weighted': 0.0011775284074246883}, 'cvar': {'raw': 0.0009572696289978921, 'lambda': 0.5, 'weighted': 0.00047863481449894607}, 'turnover': {'raw': 8.914951649785507e-06, 'lambda': 0.0001, 'weighted': 8.914951554750417e-10}, 'volatility': {'raw': 0.00036754042957909405, 'lambda': 0.0, 'weighted': 0.0}, 'vol_excess': {'raw': 0.05433565378189087, 'lambda': 1.0, 'weighted': 0.05433565378189087}, 'weight_path': {'raw': 6.95099186542869e-11, 'lambda': 0.0, 'weighted': 0.0}, 'diversify': {'raw': 0.0, 'lambda': 0.1, 'weighted': 0.0}}",0.0003
5,0.08649339689873159,0.04964350908994675,0.0013979422898652654,0.0011682037341718872,-0.00015675746059666076,-0.0029258986081307134,0.005294523822764556,0.00046438823725717765,0.08487315972646077,2.3181589009861153e-05,0.0,0.002425513695925474,0.0022490990813821554,-0.00113490573130548,-0.0008761644130572677,1.1566109606064856e-05,0.0003525635984260589,0.0480705201625824,1.1728785997977553e-10,0.0,0.6866825520992279,0.8472955822944641,0.6866825520992279,0.8472955822944641,0,0,0,"{'mean': {'raw': -0.0013979422898652654, 'lambda': 0.0, 'weighted': 0.0}, 'log_growth': {'raw': 0.00015675746059666076, 'lambda': 1.0, 'weighted': 0.00015675746059666076}, 'cvar': {'raw': 0.0029258986081307134, 'lambda': 0.5, 'weighted': 0.0014629493040653567}, 'turnover': {'raw': 0.005294523822764556, 'lambda': 0.0001, 'weighted': 5.294523740910032e-07}, 'volatility': {'raw': 0.00046438823725717765, 'lambda': 0.0, 'weighted': 0.0}, 'vol_excess': {'raw': 0.08487315972646077, 'lambda': 1.0, 'weighted': 0.08487315972646077}, 'weight_path': {'raw': 2.3181589009861153e-05, 'lambda': 0.0, 'weighted': 0.0}, 'diversify': {'raw': 0.0, 'lambda': 0.1, 'weighted': 0.0}}","{'mean': {'raw': -0.002425513695925474, 'lambda': 0.0, 'weighted': 0.0}, 'log_growth': {'raw': 0.00113490573130548, 'lambda': 1.0, 'weighted': 0.00113490573130548}, 'cvar': {'raw': 0.0008761644130572677, 'lambda': 0.5, 'weighted': 0.00043808220652863383}, 'turnover': {'raw': 1.1566109606064856e-05, 'lambda': 0.0001, 'weighted': 1.1566109181515571e-09}, 'volatility': {'raw': 0.0003525635984260589, 'lambda': 0.0, 'weighted': 0.0}, 'vol_excess': {'raw': 0.0480705201625824, 'lambda': 1.0, 'weighted': 0.0480705201625824}, 'weight_path': {'raw': 1.1728785997977553e-10, 'lambda': 0.0, 'weighted': 0.0}, 'diversify': {'raw': 0.0, 'lambda': 0.1, 'weighted': 0.0}}",0.0003
6,0.08110986735361318,0.04283826798200607,0.0013752477243542671,0.0011542957314910989,-0.00015004332332561413,-0.002789549296721816,0.006860686310877402,0.0004463663159792001,0.07956436276435852,3.704826425140103e-05,0.0,0.0023730138782411814,0.002204332733526826,-0.0010892634745687246,-0.0007920343778096139,1.4163280866341665e-05,0.00033685140078887343,0.04135298728942871,1.764249718538835e-10,0.0,0.5632256192620844,0.8918572068214417,0.5632256192620844,0.8918572068214417,0,0,0,"{'mean': {'raw': -0.0013752477243542671, 'lambda': 0.0, 'weighted': 0.0}, 'log_growth': {'raw': 0.00015004332332561413, 'lambda': 1.0, 'weighted': 0.00015004332332561413}, 'cvar': {'raw': 0.002789549296721816, 'lambda': 0.5, 'weighted': 0.001394774648360908}, 'turnover': {'raw': 0.006860686310877402, 'lambda': 0.0001, 'weighted': 6.860686122915164e-07}, 'volatility': {'raw': 0.0004463663159792001, 'lambda': 0.0, 'weighted': 0.0}, 'vol_excess': {'raw': 0.07956436276435852, 'lambda': 1.0, 'weighted': 0.07956436276435852}, 'weight_path': {'raw': 3.704826425140103e-05, 'lambda': 0.0, 'weighted': 0.0}, 'diversify': {'raw': 0.0, 'lambda': 0.1, 'weighted': 0.0}}","{'mean': {'raw': -0.0023730138782411814, 'lambda': 0.0, 'weighted': 0.0}, 'log_growth': {'raw': 0.0010892634745687246, 'lambda': 1.0, 'weighted': 0.0010892634745687246}, 'cvar': {'raw': 0.0007920343778096139, 'lambda': 0.5, 'weighted': 0.00039601718890480697}, 'turnover': {'raw': 1.4163280866341665e-05, 'lambda': 0.0001, 'weighted': 1.4163280548373791e-09}, 'volatility': {'raw': 0.00033685140078887343, 'lambda': 0.0, 'weighted': 0.0}, 'vol_excess': {'raw': 0.04135298728942871, 'lambda': 1.0, 'weighted': 0.04135298728942871}, 'weight_path': {'raw': 1.764249718538835e-10, 'lambda': 0.0, 'weighted': 0.0}, 'diversify': {'raw': 0.0, 'lambda': 0.1, 'weighted': 0.0}}",0.0003
7,0.07529222522862256,0.03547687456011772,0.0013435228999393682,0.001132149462743352,-0.00015095753284792104,-0.002654847805388272,0.008533043476442495,0.0004265681830778097,0.07381299138069153,5.776026349243087e-05,0.0,0.0023158842232078314,0.0021553821861743927,-0.0010399364400655031,-0.00070433528162539,1.6821148165035993e-05,0.00032025453401729465,0.03408476710319519,2.49792686535244e-10,0.0,0.5999625935219228,0.9610785245895386,0.5999625935219228,0.9610785245895386,0,0,0,"{'mean': {'raw': -0.0013435228999393682, 'lambda': 0.0, 'weighted': 0.0}, 'log_growth': {'raw': 0.00015095753284792104, 'lambda': 1.0, 'weighted': 0.00015095753284792104}, 'cvar': {'raw': 0.002654847805388272, 'lambda': 0.5, 'weighted': 0.001327423902694136}, 'turnover': {'raw': 0.008533043476442495, 'lambda': 0.0001, 'weighted': 8.533043190557995e-07}, 'volatility': {'raw': 0.0004265681830778097, 'lambda': 0.0, 'weighted': 0.0}, 'vol_excess': {'raw': 0.07381299138069153, 'lambda': 1.0, 'weighted': 0.07381299138069153}, 'weight_path': {'raw': 5.776026349243087e-05, 'lambda': 0.0, 'weighted': 0.0}, 'diversify': {'raw': 0.0, 'lambda': 0.1, 'weighted': 0.0}}","{'mean': {'raw': -0.0023158842232078314, 'lambda': 0.0, 'weighted': 0.0}, 'log_growth': {'raw': 0.0010399364400655031, 'lambda': 1.0, 'weighted': 0.0010399364400655031}, 'cvar': {'raw': 0.00070433528162539, 'lambda': 0.5, 'weighted': 0.000352167640812695}, 'turnover': {'raw': 1.6821148165035993e-05, 'lambda': 0.0001, 'weighted': 1.6821147807988268e-09}, 'volatility': {'raw': 0.00032025453401729465, 'lambda': 0.0, 'weighted': 0.0}, 'vol_excess': {'raw': 0.03408476710319519, 'lambda': 1.0, 'weighted': 0.03408476710319519}, 'weight_path': {'raw': 2.49792686535244e-10, 'lambda': 0.0, 'weighted': 0.0}, 'diversify': {'raw': 0.0, 'lambda': 0.1, 'weighted': 0.0}}",0.0003
8,0.0698417229577899,0.02750084549188614,0.0013141711048471432,0.0011119382688775659,-0.0001434630248695612,-0.0025172920431941748,0.011017853704591593,0.00040791867650114,0.0684385101000468,9.569895337335765e-05,0.0,0.002253551036119461,0.002101689577102661,-0.0009865120518952608,-0.0006132327252998948,1.963707836694084e-05,0.0003027409256901592,0.026207715272903442,3.419262928350264e-10,0.0,0.614335795554022,0.9619705677032471,0.614335795554022,0.9619705677032471,0,0,0,"{'mean': {'raw': -0.0013141711048471432, 'lambda': 0.0, 'weighted': 0.0}, 'log_growth': {'raw': 0.0001434630248695612, 'lambda': 1.0, 'weighted': 0.0001434630248695612}, 'cvar': {'raw': 0.0025172920431941748, 'lambda': 0.5, 'weighted': 0.0012586460215970874}, 'turnover': {'raw': 0.011017853704591593, 'lambda': 0.0001, 'weighted': 1.1017853391119086e-06}, 'volatility': {'raw': 0.00040791867650114, 'lambda': 0.0, 'weighted': 0.0}, 'vol_excess': {'raw': 0.0684385101000468, 'lambda': 1.0, 'weighted': 0.0684385101000468}, 'weight_path': {'raw': 9.569895337335765e-05, 'lambda': 0.0, 'weighted': 0.0}, 'diversify': {'raw': 0.0, 'lambda': 0.1, 'weighted': 0.0}}","{'mean': {'raw': -0.002253551036119461, 'lambda': 0.0, 'weighted': 0.0}, 'log_growth': {'raw': 0.0009865120518952608, 'lambda': 1.0, 'weighted': 0.0009865120518952608}, 'cvar': {'raw': 0.0006132327252998948, 'lambda': 0.5, 'weighted': 0.0003066163626499474}, 'turnover': {'raw': 1.963707836694084e-05, 'lambda': 0.0001, 'weighted': 1.9637078629841653e-09}, 'volatility': {'raw': 0.0003027409256901592, 'lambda': 0.0, 'weighted': 0.0}, 'vol_excess': {'raw': 0.026207715272903442, 'lambda': 1.0, 'weighted': 0.026207715272903442}, 'weight_path': {'raw': 3.419262928350264e-10, 'lambda': 0.0, 'weighted': 0.0}, 'diversify': {'raw': 0.0, 'lambda': 0.1, 'weighted': 0.0}}",0.0003
9,0.06346066187446316,0.018918175250291824,0.0012762681969131033,0.0010841449062960844,-0.0001405377018575867,-0.0023786381158667305,0.012975484132766724,0.00038710416993126273,0.06212950746218363,0.0001324483503897985,0.0,0.002185915829613805,0.002043096348643303,-0.000929014349821955,-0.0005198140279389918,2.2616060959990136e-05,0.0002844403206836432,0.017729252576828003,4.553828980569108e-10,0.0,0.6423159260302782,1.0326719284057617,0.6423159260302782,1.0326719284057617,0,0,0,"{'mean': {'raw': -0.0012762681969131033, 'lambda': 0.0, 'weighted': 0.0}, 'log_growth': {'raw': 0.0001405377018575867, 'lambda': 1.0, 'weighted': 0.0001405377018575867}, 'cvar': {'raw': 0.0023786381158667305, 'lambda': 0.5, 'weighted': 0.0011893190579333652}, 'turnover': {'raw': 0.012975484132766724, 'lambda': 0.0001, 'weighted': 1.2975483893266453e-06}, 'volatility': {'raw': 0.00038710416993126273, 'lambda': 0.0, 'weighted': 0.0}, 'vol_excess': {'raw': 0.06212950746218363, 'lambda': 1.0, 'weighted': 0.06212950746218363}, 'weight_path': {'raw': 0.0001324483503897985, 'lambda': 0.0, 'weighted': 0.0}, 'diversify': {'raw': 0.0, 'lambda': 0.1, 'weighted': 0.0}}","{'mean': {'raw': -0.002185915829613805, 'lambda': 0.0, 'weighted': 0.0}, 'log_growth': {'raw': 0.000929014349821955, 'lambda': 1.0, 'weighted': 0.000929014349821955}, 'cvar': {'raw': 0.0005198140279389918, 'lambda': 0.5, 'weighted': 0.0002599070139694959}, 'turnover': {'raw': 2.2616060959990136e-05, 'lambda': 0.0001, 'weighted': 2.2616060135760563e-09}, 'volatility': {'raw': 0.0002844403206836432, 'lambda': 0.0, 'weighted': 0.0}, 'vol_excess': {'raw': 0.017729252576828003, 'lambda': 1.0, 'weighted': 0.017729252576828003}, 'weight_path': {'raw': 4.553828980569108e-10, 'lambda': 0.0, 'weighted': 0.0}, 'diversify': {'raw': 0.0, 'lambda': 0.1, 'weighted': 0.0}}",0.0003
10,0.05681337206624448,0.009757920168340206,0.0012463234015740454,0.001064746465999633,-0.00014436807638655105,-0.0022097001783549786,0.01536129042506218,0.0003656738214582826,0.055562615394592285,0.00018897022043044368,0.0,0.0021130077075213194,0.0019795449916273355,-0.0008675801218487322,-0.00042547090561129153,2.5721275960677303e-05,0.0002655321732163429,0.00867760181427002,5.913560197079448e-10,0.0,0.6593135827376196,1.0384032726287842,0.6593135827376196,1.0384032726287842,0,0,0,"{'mean': {'raw': -0.0012463234015740454, 'lambda': 0.0, 'weighted': 0.0}, 'log_growth': {'raw': 0.00014436807638655105, 'lambda': 1.0, 'weighted': 0.00014436807638655105}, 'cvar': {'raw': 0.0022097001783549786, 'lambda': 0.5, 'weighted': 0.0011048500891774893}, 'turnover': {'raw': 0.01536129042506218, 'lambda': 0.0001, 'weighted': 1.536128972171961e-06}, 'volatility': {'raw': 0.0003656738214582826, 'lambda': 0.0, 'weighted': 0.0}, 'vol_excess': {'raw': 0.055562615394592285, 'lambda': 1.0, 'weighted': 0.055562615394592285}, 'weight_path': {'raw': 0.00018897022043044368, 'lambda': 0.0, 'weighted': 0.0}, 'diversify': {'raw': 0.0, 'lambda': 0.1, 'weighted': 0.0}}","{'mean': {'raw': -0.0021130077075213194, 'lambda': 0.0, 'weighted': 0.0}, 'log_growth': {'raw': 0.0008675801218487322, 'lambda': 1.0, 'weighted': 0.0008675801218487322}, 'cvar': {'raw': 0.00042547090561129153, 'lambda': 0.5, 'weighted': 0.00021273545280564576}, 'turnover': {'raw': 2.5721275960677303e-05, 'lambda': 0.0001, 'weighted': 2.57212762200254e-09}, 'volatility': {'raw': 0.0002655321732163429, 'lambda': 0.0, 'weighted': 0.0}, 'vol_excess': {'raw': 0.00867760181427002, 'lambda': 1.0, 'weighted': 0.00867760181427002}, 'weight_path': {'raw': 5.913560197079448e-10, 'lambda': 0.0, 'weighted': 0.0}, 'diversify': {'raw': 0.0, 'lambda': 0.1, 'weighted': 0.0}}",0.0003
11,0.04818364457848171,0.0009687067940831184,0.0012030129631360371,0.0010335353144910187,-0.00012990944863607487,-0.002049927289287249,0.01720242698987325,0.00034057403293748695,0.04702705144882202,0.00023734907639057687,0.0,0.002035207813605666,0.0019112811423838139,-0.0008026487776078284,-0.0003321102703921497,2.8815413315896876e-05,0.0002462925622239709,0.0,7.448783256869262e-10,0.0,0.6841519198690852,1.0985503196716309,0.6841519198690852,1.0985503196716309,0,0,0,"{'mean': {'raw': -0.0012030129631360371, 'lambda': 0.0, 'weighted': 0.0}, 'log_growth': {'raw': 0.00012990944863607487, 'lambda': 1.0, 'weighted': 0.00012990944863607487}, 'cvar': {'raw': 0.002049927289287249, 'lambda': 0.5, 'weighted': 0.0010249636446436246}, 'turnover': {'raw': 0.01720242698987325, 'lambda': 0.0001, 'weighted': 1.7202426458122015e-06}, 'volatility': {'raw': 0.00034057403293748695, 'lambda': 0.0, 'weighted': 0.0}, 'vol_excess': {'raw': 0.04702705144882202, 'lambda': 1.0, 'weighted': 0.04702705144882202}, 'weight_path': {'raw': 0.00023734907639057687, 'lambda': 0.0, 'weighted': 0.0}, 'diversify': {'raw': 0.0, 'lambda': 0.1, 'weighted': 0.0}}","{'mean': {'raw': -0.002035207813605666, 'lambda': 0.0, 'weighted': 0.0}, 'log_growth': {'raw': 0.0008026487776078284, 'lambda': 1.0, 'weighted': 0.0008026487776078284}, 'cvar': {'raw': 0.0003321102703921497, 'lambda': 0.5, 'weighted': 0.00016605513519607484}, 'turnover': {'raw': 2.8815413315896876e-05, 'lambda': 0.0001, 'weighted': 2.881541227850448e-09}, 'volatility': {'raw': 0.0002462925622239709, 'lambda': 0.0, 'weighted': 0.0}, 'vol_excess': {'raw': 0.0, 'lambda': 1.0, 'weighted': 0.0}, 'weight_path': {'raw': 7.448783256869262e-10, 'lambda': 0.0, 'weighted': 0.0}, 'diversify': {'raw': 0.0, 'lambda': 0.1, 'weighted': 0.0}}",0.0003
12,0.04033030771339933,0.0008557190885767341,0.0011450092618664105,0.000987015994420896,-6.103736814111471e-05,-0.00190218611775587,0.020881857722997665,0.00031714838890669245,0.0393160879611969,0.00033728667767718434,0.0,0.0019530898425728083,0.0018387252930551767,-0.0007348107756115496,-0.00024181039771065116,3.1686889997217804e-05,0.00022703473223373294,0.0,9.0355484205773e-10,0.0,0.7006897474639118,1.1196212768554688,0.7006897474639118,1.1196212768554688,0,0,0,"{'mean': {'raw': -0.0011450092618664105, 'lambda': 0.0, 'weighted': 0.0}, 'log_growth': {'raw': 6.103736814111471e-05, 'lambda': 1.0, 'weighted': 6.103736814111471e-05}, 'cvar': {'raw': 0.00190218611775587, 'lambda': 0.5, 'weighted': 0.000951093058877935}, 'turnover': {'raw': 0.020881857722997665, 'lambda': 0.0001, 'weighted': 2.0881857381027658e-06}, 'volatility': {'raw': 0.00031714838890669245, 'lambda': 0.0, 'weighted': 0.0}, 'vol_excess': {'raw': 0.0393160879611969, 'lambda': 1.0, 'weighted': 0.0393160879611969}, 'weight_path': {'raw': 0.00033728667767718434, 'lambda': 0.0, 'weighted': 0.0}, 'diversify': {'raw': 0.0, 'lambda': 0.1, 'weighted': 0.0}}","{'mean': {'raw': -0.0019530898425728083, 'lambda': 0.0, 'weighted': 0.0}, 'log_growth': {'raw': 0.0007348107756115496, 'lambda': 1.0, 'weighted': 0.0007348107756115496}, 'cvar': {'raw': 0.00024181039771065116, 'lambda': 0.5, 'weighted': 0.00012090519885532558}, 'turnover': {'raw': 3.1686889997217804e-05, 'lambda': 0.0001, 'weighted': 3.168688866850289e-09}, 'volatility': {'raw': 0.00022703473223373294, 'lambda': 0.0, 'weighted': 0.0}, 'vol_excess': {'raw': 0.0, 'lambda': 1.0, 'weighted': 0.0}, 'weight_path': {'raw': 9.0355484205773e-10, 'lambda': 0.0, 'weighted': 0.0}, 'diversify': {'raw': 0.0, 'lambda': 0.1, 'weighted': 0.0}}",0.0003
13,0.03308647506249448,0.0007484484231099486,0.00110330213404571,0.0009569420750873784,-0.00012690298414478698,-0.0017330793586249154,0.021311060215036075,0.00029338744449584436,0.03209090232849121,0.00035829932312481105,0.0,0.0018715483602136374,0.0017661664169281721,-0.0006681538070552051,-0.00016058245091699064,3.399602428544313e-05,0.0002089788467856124,0.0,1.0432309460739475e-09,0.0,0.33167681051418185,0.9840444326400757,0.33167681051418185,0.9840444326400757,0,0,0,"{'mean': {'raw': -0.00110330213404571, 'lambda': 0.0, 'weighted': 0.0}, 'log_growth': {'raw': 0.00012690298414478698, 'lambda': 1.0, 'weighted': 0.00012690298414478698}, 'cvar': {'raw': 0.0017330793586249154, 'lambda': 0.5, 'weighted': 0.0008665396793124577}, 'turnover': {'raw': 0.021311060215036075, 'lambda': 0.0001, 'weighted': 2.1311060057390327e-06}, 'volatility': {'raw': 0.00029338744449584436, 'lambda': 0.0, 'weighted': 0.0}, 'vol_excess': {'raw': 0.03209090232849121, 'lambda': 1.0, 'weighted': 0.03209090232849121}, 'weight_path': {'raw': 0.00035829932312481105, 'lambda': 0.0, 'weighted': 0.0}, 'diversify': {'raw': 0.0, 'lambda': 0.1, 'weighted': 0.0}}","{'mean': {'raw': -0.0018715483602136374, 'lambda': 0.0, 'weighted': 0.0}, 'log_growth': {'raw': 0.0006681538070552051, 'lambda': 1.0, 'weighted': 0.0006681538070552051}, 'cvar': {'raw': 0.00016058245091699064, 'lambda': 0.5, 'weighted': 8.029122545849532e-05}, 'turnover': {'raw': 3.399602428544313e-05, 'lambda': 0.0001, 'weighted': 3.3996023773852357e-09}, 'volatility': {'raw': 0.0002089788467856124, 'lambda': 0.0, 'weighted': 0.0}, 'vol_excess': {'raw': 0.0, 'lambda': 1.0, 'weighted': 0.0}, 'weight_path': {'raw': 1.0432309460739475e-09, 'lambda': 0.0, 'weighted': 0.0}, 'diversify': {'raw': 0.0, 'lambda': 0.1, 'weighted': 0.0}}",0.0003
14,0.029972245742101222,0.000655243347864598,0.0010629680279331903,0.0009266048242958883,-7.825077045708895e-05,-0.0015925213422936697,0.024013700584570568,0.0002730167470872402,0.02909533182779948,0.0004468483190673093,0.0,0.0017974399961531162,0.0016997765051200986,-0.0006081831525079906,-9.41132748266682e-05,3.5422792279860005e-05,0.00019349082140251994,0.0,1.1358081142276433e-09,0.0,0.3257734134482841,0.9674282670021057,0.3257734134482841,0.9674282670021057,0,0,0,"{'mean': {'raw': -0.0010629680279331903, 'lambda': 0.0, 'weighted': 0.0}, 'log_growth': {'raw': 7.825077045708895e-05, 'lambda': 1.0, 'weighted': 7.825077045708895e-05}, 'cvar': {'raw': 0.0015925213422936697, 'lambda': 0.5, 'weighted': 0.0007962606711468349}, 'turnover': {'raw': 0.024013700584570568, 'lambda': 0.0001, 'weighted': 2.401370011284598e-06}, 'volatility': {'raw': 0.0002730167470872402, 'lambda': 0.0, 'weighted': 0.0}, 'vol_excess': {'raw': 0.02909533182779948, 'lambda': 1.0, 'weighted': 0.02909533182779948}, 'weight_path': {'raw': 0.0004468483190673093, 'lambda': 0.0, 'weighted': 0.0}, 'diversify': {'raw': 0.0, 'lambda': 0.1, 'weighted': 0.0}}","{'mean': {'raw': -0.0017974399961531162, 'lambda': 0.0, 'weighted': 0.0}, 'log_growth': {'raw': 0.0006081831525079906, 'lambda': 1.0, 'weighted': 0.0006081831525079906}, 'cvar': {'raw': 9.41132748266682e-05, 'lambda': 0.5, 'weighted': 4.70566374133341e-05}, 'turnover': {'raw': 3.5422792279860005e-05, 'lambda': 0.0001, 'weighted': 3.542279136681259e-09}, 'volatility': {'raw': 0.00019349082140251994, 'lambda': 0.0, 'weighted': 0.0}, 'vol_excess': {'raw': 0.0, 'lambda': 1.0, 'weighted': 0.0}, 'weight_path': {'raw': 1.1358081142276433e-09, 'lambda': 0.0, 'weighted': 0.0}, 'diversify': {'raw': 0.0, 'lambda': 0.1, 'weighted': 0.0}}",0.0003
15,0.02708007274971654,0.0005732058198191226,0.0010088460112456232,0.0008804332076882323,-0.00013928976841270924,-0.0015009740988413494,0.025890562683343887,0.00025686007575131953,0.026187707980473835,0.0005366636226729801,0.0,0.0017293295823037624,0.0016383858164772391,-0.0005535755190066993,-3.925338387489319e-05,3.6169254599371925e-05,0.00018003054719883949,0.0,1.1864536020311789e-09,0.0,0.3195457461600502,0.9476518034934998,0.3195457461600502,0.9476518034934998,0,0,0,"{'mean': {'raw': -0.0010088460112456232, 'lambda': 0.0, 'weighted': 0.0}, 'log_growth': {'raw': 0.00013928976841270924, 'lambda': 1.0, 'weighted': 0.00013928976841270924}, 'cvar': {'raw': 0.0015009740988413494, 'lambda': 0.5, 'weighted': 0.0007504870494206747}, 'turnover': {'raw': 0.025890562683343887, 'lambda': 0.0001, 'weighted': 2.5890561422177902e-06}, 'volatility': {'raw': 0.00025686007575131953, 'lambda': 0.0, 'weighted': 0.0}, 'vol_excess': {'raw': 0.026187707980473835, 'lambda': 1.0, 'weighted': 0.026187707980473835}, 'weight_path': {'raw': 0.0005366636226729801, 'lambda': 0.0, 'weighted': 0.0}, 'diversify': {'raw': 0.0, 'lambda': 0.1, 'weighted': 0.0}}","{'mean': {'raw': -0.0017293295823037624, 'lambda': 0.0, 'weighted': 0.0}, 'log_growth': {'raw': 0.0005535755190066993, 'lambda': 1.0, 'weighted': 0.0005535755190066993}, 'cvar': {'raw': 3.925338387489319e-05, 'lambda': 0.5, 'weighted': 1.9626691937446594e-05}, 'turnover': {'raw': 3.6169254599371925e-05, 'lambda': 0.0001, 'weighted': 3.616925425831141e-09}, 'volatility': {'raw': 0.00018003054719883949, 'lambda': 0.0, 'weighted': 0.0}, 'vol_excess': {'raw': 0.0, 'lambda': 1.0, 'weighted': 0.0}, 'weight_path': {'raw': 1.1864536020311789e-09, 'lambda': 0.0, 'weighted': 0.0}, 'diversify': {'raw': 0.0, 'lambda': 0.1, 'weighted': 0.0}}",0.0003
16,0.023852340954666335,0.0005001805839128792,0.000966464402154088,0.0008468375963275321,-9.163465195645888e-05,-0.001387067124596797,0.02549031190574169,0.00023894691548775882,0.02306462327639262,0.0005304637791899344,0.0,0.0016661012778058648,0.0015810736222192645,-0.0005033196648582816,6.285481504164636e-06,3.639893475337885e-05,0.00016819892334751785,0.0,1.2036966978712371e-09,0.0,0.31038130330853164,0.9211076498031616,0.31038130330853164,0.9211076498031616,0,0,0,"{'mean': {'raw': -0.000966464402154088, 'lambda': 0.0, 'weighted': 0.0}, 'log_growth': {'raw': 9.163465195645888e-05, 'lambda': 1.0, 'weighted': 9.163465195645888e-05}, 'cvar': {'raw': 0.001387067124596797, 'lambda': 0.5, 'weighted': 0.0006935335622983985}, 'turnover': {'raw': 0.02549031190574169, 'lambda': 0.0001, 'weighted': 2.549031099382167e-06}, 'volatility': {'raw': 0.00023894691548775882, 'lambda': 0.0, 'weighted': 0.0}, 'vol_excess': {'raw': 0.02306462327639262, 'lambda': 1.0, 'weighted': 0.02306462327639262}, 'weight_path': {'raw': 0.0005304637791899344, 'lambda': 0.0, 'weighted': 0.0}, 'diversify': {'raw': 0.0, 'lambda': 0.1, 'weighted': 0.0}}","{'mean': {'raw': -0.0016661012778058648, 'lambda': 0.0, 'weighted': 0.0}, 'log_growth': {'raw': 0.0005033196648582816, 'lambda': 1.0, 'weighted': 0.0005033196648582816}, 'cvar': {'raw': -6.285481504164636e-06, 'lambda': 0.5, 'weighted': -3.142740752082318e-06}, 'turnover': {'raw': 3.639893475337885e-05, 'lambda': 0.0001, 'weighted': 3.6398932756753766e-09}, 'volatility': {'raw': 0.00016819892334751785, 'lambda': 0.0, 'weighted': 0.0}, 'vol_excess': {'raw': 0.0, 'lambda': 1.0, 'weighted': 0.0}, 'weight_path': {'raw': 1.2036966978712371e-09, 'lambda': 0.0, 'weighted': 0.0}, 'diversify': {'raw': 0.0, 'lambda': 0.1, 'weighted': 0.0}}",0.0003
17,0.021215660807987053,0.00043458276195451617,0.0009534061052060375,0.0008406891962901378,-4.773001031329235e-05,-0.001264478880329989,0.02685416427751382,0.00022502358964023492,0.020533005396525066,0.0005824588006362319,0.0,0.0016069224802777171,0.0015271506272256374,-0.0004566622956190258,4.4166277803014964e-05,3.62152059096843e-05,0.00015770405298098922,0.0,1.1934615518072178e-09,0.0,0.30342601519078016,0.9012806415557861,0.30342601519078016,0.9012806415557861,0,0,0,"{'mean': {'raw': -0.0009534061052060375, 'lambda': 0.0, 'weighted': 0.0}, 'log_growth': {'raw': 4.773001031329235e-05, 'lambda': 1.0, 'weighted': 4.773001031329235e-05}, 'cvar': {'raw': 0.001264478880329989, 'lambda': 0.5, 'weighted': 0.0006322394401649944}, 'turnover': {'raw': 0.02685416427751382, 'lambda': 0.0001, 'weighted': 2.6854163479583804e-06}, 'volatility': {'raw': 0.00022502358964023492, 'lambda': 0.0, 'weighted': 0.0}, 'vol_excess': {'raw': 0.020533005396525066, 'lambda': 1.0, 'weighted': 0.020533005396525066}, 'weight_path': {'raw': 0.0005824588006362319, 'lambda': 0.0, 'weighted': 0.0}, 'diversify': {'raw': 0.0, 'lambda': 0.1, 'weighted': 0.0}}","{'mean': {'raw': -0.0016069224802777171, 'lambda': 0.0, 'weighted': 0.0}, 'log_growth': {'raw': 0.0004566622956190258, 'lambda': 1.0, 'weighted': 0.0004566622956190258}, 'cvar': {'raw': -4.4166277803014964e-05, 'lambda': 0.5, 'weighted': -2.2083138901507482e-05}, 'turnover': {'raw': 3.62152059096843e-05, 'lambda': 0.0001, 'weighted': 3.6215204168854598e-09}, 'volatility': {'raw': 0.00015770405298098922, 'lambda': 0.0, 'weighted': 0.0}, 'vol_excess': {'raw': 0.0, 'lambda': 1.0, 'weighted': 0.0}, 'weight_path': {'raw': 1.1934615518072178e-09, 'lambda': 0.0, 'weighted': 0.0}, 'diversify': {'raw': 0.0, 'lambda': 0.1, 'weighted': 0.0}}",0.0003
18,0.019663107659046847,0.000375398580217734,0.0009042879440433657,0.0007958815137196021,-9.849089353034894e-05,-0.0012319857438948627,0.02731015905737877,0.00021640333822385097,0.018945892651875813,0.0006178270850796252,0.0,0.001551327295601368,0.0014762443024665117,-0.00041316449642181396,7.553901377832517e-05,3.572284185793251e-05,0.00014835473848506808,0.0,1.1628730200996529e-09,0.0,0.29075817111879587,0.8628989458084106,0.29075817111879587,0.8628989458084106,0,0,0,"{'mean': {'raw': -0.0009042879440433657, 'lambda': 0.0, 'weighted': 0.0}, 'log_growth': {'raw': 9.849089353034894e-05, 'lambda': 1.0, 'weighted': 9.849089353034894e-05}, 'cvar': {'raw': 0.0012319857438948627, 'lambda': 0.5, 'weighted': 0.0006159928719474314}, 'turnover': {'raw': 0.02731015905737877, 'lambda': 0.0001, 'weighted': 2.731015759612395e-06}, 'volatility': {'raw': 0.00021640333822385097, 'lambda': 0.0, 'weighted': 0.0}, 'vol_excess': {'raw': 0.018945892651875813, 'lambda': 1.0, 'weighted': 0.018945892651875813}, 'weight_path': {'raw': 0.0006178270850796252, 'lambda': 0.0, 'weighted': 0.0}, 'diversify': {'raw': 0.0, 'lambda': 0.1, 'weighted': 0.0}}","{'mean': {'raw': -0.001551327295601368, 'lambda': 0.0, 'weighted': 0.0}, 'log_growth': {'raw': 0.00041316449642181396, 'lambda': 1.0, 'weighted': 0.00041316449642181396}, 'cvar': {'raw': -7.553901377832517e-05, 'lambda': 0.5, 'weighted': -3.7769506889162585e-05}, 'turnover': {'raw': 3.572284185793251e-05, 'lambda': 0.0001, 'weighted': 3.5722840241447784e-09}, 'volatility': {'raw': 0.00014835473848506808, 'lambda': 0.0, 'weighted': 0.0}, 'vol_excess': {'raw': 0.0, 'lambda': 1.0, 'weighted': 0.0}, 'weight_path': {'raw': 1.1628730200996529e-09, 'lambda': 0.0, 'weighted': 0.0}, 'diversify': {'raw': 0.0, 'lambda': 0.1, 'weighted': 0.0}}",0.0003
19,0.017571588163264096,0.00032182058203034103,0.0008741300698602572,0.0007705534420286616,-0.0001132013276219368,-0.0011719301449678217,0.028368404135107994,0.00020660500013036653,0.016869584719340008,0.0006340328060711423,0.0,0.0014989508781582117,0.0014280640752986073,-0.0003724807465914637,0.0001013272994896397,3.496218050713651e-05,0.00013999867951497436,0.0,1.1146858991395447e-09,0.0,0.2813451567199081,0.8345516920089722,0.2813451567199081,0.8345516920089722,0,0,0,"{'mean': {'raw': -0.0008741300698602572, 'lambda': 0.0, 'weighted': 0.0}, 'log_growth': {'raw': 0.0001132013276219368, 'lambda': 1.0, 'weighted': 0.0001132013276219368}, 'cvar': {'raw': 0.0011719301449678217, 'lambda': 0.5, 'weighted': 0.0005859650724839108}, 'turnover': {'raw': 0.028368404135107994, 'lambda': 0.0001, 'weighted': 2.8368403188020843e-06}, 'volatility': {'raw': 0.00020660500013036653, 'lambda': 0.0, 'weighted': 0.0}, 'vol_excess': {'raw': 0.016869584719340008, 'lambda': 1.0, 'weighted': 0.016869584719340008}, 'weight_path': {'raw': 0.0006340328060711423, 'lambda': 0.0, 'weighted': 0.0}, 'diversify': {'raw': 0.0, 'lambda': 0.1, 'weighted': 0.0}}","{'mean': {'raw': -0.0014989508781582117, 'lambda': 0.0, 'weighted': 0.0}, 'log_growth': {'raw': 0.0003724807465914637, 'lambda': 1.0, 'weighted': 0.0003724807465914637}, 'cvar': {'raw': -0.0001013272994896397, 'lambda': 0.5, 'weighted': -5.066364974481985e-05}, 'turnover': {'raw': 3.496218050713651e-05, 'lambda': 0.0001, 'weighted': 3.4962179817910055e-09}, 'volatility': {'raw': 0.00013999867951497436, 'lambda': 0.0, 'weighted': 0.0}, 'vol_excess': {'raw': 0.0, 'lambda': 1.0, 'weighted': 0.0}, 'weight_path': {'raw': 1.1146858991395447e-09, 'lambda': 0.0, 'weighted': 0.0}, 'diversify': {'raw': 0.0, 'lambda': 0.1, 'weighted': 0.0}}",0.0003
20,0.015104122071837386,0.00027327935094945133,0.000845680944621563,0.0007474122491354743,-0.00012484068671862283,-0.0010961006725362192,0.030224972094098728,0.00019593485679555064,0.014428208271662394,0.0007312592157783607,0.0,0.0014495905488729477,0.0013824626803398132,-0.00033440315746702254,0.00012225440877955407,3.3995478588622063e-05,0.000132525252411142,0.0,1.0548019124811958e-09,0.0,0.267418460532402,0.7928512692451477,0.267418460532402,0.7928512692451477,0,0,0,"{'mean': {'raw': -0.000845680944621563, 'lambda': 0.0, 'weighted': 0.0}, 'log_growth': {'raw': 0.00012484068671862283, 'lambda': 1.0, 'weighted': 0.00012484068671862283}, 'cvar': {'raw': 0.0010961006725362192, 'lambda': 0.5, 'weighted': 0.0005480503362681096}, 'turnover': {'raw': 0.030224972094098728, 'lambda': 0.0001, 'weighted': 3.0224971396819456e-06}, 'volatility': {'raw': 0.00019593485679555064, 'lambda': 0.0, 'weighted': 0.0}, 'vol_excess': {'raw': 0.014428208271662394, 'lambda': 1.0, 'weighted': 0.014428208271662394}, 'weight_path': {'raw': 0.0007312592157783607, 'lambda': 0.0, 'weighted': 0.0}, 'diversify': {'raw': 0.0, 'lambda': 0.1, 'weighted': 0.0}}","{'mean': {'raw': -0.0014495905488729477, 'lambda': 0.0, 'weighted': 0.0}, 'log_growth': {'raw': 0.00033440315746702254, 'lambda': 1.0, 'weighted': 0.00033440315746702254}, 'cvar': {'raw': -0.00012225440877955407, 'lambda': 0.5, 'weighted': -6.112720438977703e-05}, 'turnover': {'raw': 3.3995478588622063e-05, 'lambda': 0.0001, 'weighted': 3.399547754412424e-09}, 'volatility': {'raw': 0.000132525252411142, 'lambda': 0.0, 'weighted': 0.0}, 'vol_excess': {'raw': 0.0, 'lambda': 1.0, 'weighted': 0.0}, 'weight_path': {'raw': 1.0548019124811958e-09, 'lambda': 0.0, 'weighted': 0.0}, 'diversify': {'raw': 0.0, 'lambda': 0.1, 'weighted': 0.0}}",0.0003
21,0.013001430818500618,0.00022936541063245386,0.0008567363353601346,0.0007637535939769199,-1.2844606923560301e-05,-0.0009905978270883982,0.03103667621811231,0.00018513114870681116,0.012490183115005493,0.0007524546429825326,0.0,0.001403167494572699,0.0013393998378887773,-0.00029882261878810823,0.00013892099377699196,3.287695290055126e-05,0.00012585186050273478,0.0,9.872015427347947e-10,0.0,0.25330063273819786,0.7501770853996277,0.25330063273819786,0.7501770853996277,0,0,0,"{'mean': {'raw': -0.0008567363353601346, 'lambda': 0.0, 'weighted': 0.0}, 'log_growth': {'raw': 1.2844606923560301e-05, 'lambda': 1.0, 'weighted': 1.2844606923560301e-05}, 'cvar': {'raw': 0.0009905978270883982, 'lambda': 0.5, 'weighted': 0.0004952989135441991}, 'turnover': {'raw': 0.03103667621811231, 'lambda': 0.0001, 'weighted': 3.1036674954521004e-06}, 'volatility': {'raw': 0.00018513114870681116, 'lambda': 0.0, 'weighted': 0.0}, 'vol_excess': {'raw': 0.012490183115005493, 'lambda': 1.0, 'weighted': 0.012490183115005493}, 'weight_path': {'raw': 0.0007524546429825326, 'lambda': 0.0, 'weighted': 0.0}, 'diversify': {'raw': 0.0, 'lambda': 0.1, 'weighted': 0.0}}","{'mean': {'raw': -0.001403167494572699, 'lambda': 0.0, 'weighted': 0.0}, 'log_growth': {'raw': 0.00029882261878810823, 'lambda': 1.0, 'weighted': 0.00029882261878810823}, 'cvar': {'raw': -0.00013892099377699196, 'lambda': 0.5, 'weighted': -6.946049688849598e-05}, 'turnover': {'raw': 3.287695290055126e-05, 'lambda': 0.0001, 'weighted': 3.287695227172094e-09}, 'volatility': {'raw': 0.00012585186050273478, 'lambda': 0.0, 'weighted': 0.0}, 'vol_excess': {'raw': 0.0, 'lambda': 1.0, 'weighted': 0.0}, 'weight_path': {'raw': 9.872015427347947e-10, 'lambda': 0.0, 'weighted': 0.0}, 'diversify': {'raw': 0.0, 'lambda': 0.1, 'weighted': 0.0}}",0.0003
22,0.011718306962090233,0.00018971071403939277,0.0007933604550392678,0.0007042283832561225,-8.408391537765662e-05,-0.0009836271055974066,0.03046943744023641,0.00017740444309310988,0.011139363050460815,0.0007557622933139404,0.0,0.001359613612294197,0.0012988448143005371,-0.0002656457363627851,0.00015187636017799377,3.1639065127819777e-05,0.00011990423081442714,0.0,9.151593372003219e-10,0.0,0.24174274209265909,0.7155892848968506,0.24174274209265909,0.7155892848968506,0,0,0,"{'mean': {'raw': -0.0007933604550392678, 'lambda': 0.0, 'weighted': 0.0}, 'log_growth': {'raw': 8.408391537765662e-05, 'lambda': 1.0, 'weighted': 8.408391537765662e-05}, 'cvar': {'raw': 0.0009836271055974066, 'lambda': 0.5, 'weighted': 0.0004918135527987033}, 'turnover': {'raw': 0.03046943744023641, 'lambda': 0.0001, 'weighted': 3.046943750935801e-06}, 'volatility': {'raw': 0.00017740444309310988, 'lambda': 0.0, 'weighted': 0.0}, 'vol_excess': {'raw': 0.011139363050460815, 'lambda': 1.0, 'weighted': 0.011139363050460815}, 'weight_path': {'raw': 0.0007557622933139404, 'lambda': 0.0, 'weighted': 0.0}, 'diversify': {'raw': 0.0, 'lambda': 0.1, 'weighted': 0.0}}","{'mean': {'raw': -0.001359613612294197, 'lambda': 0.0, 'weighted': 0.0}, 'log_growth': {'raw': 0.0002656457363627851, 'lambda': 1.0, 'weighted': 0.0002656457363627851}, 'cvar': {'raw': -0.00015187636017799377, 'lambda': 0.5, 'weighted': -7.593818008899689e-05}, 'turnover': {'raw': 3.1639065127819777e-05, 'lambda': 0.0001, 'weighted': 3.1639064701494135e-09}, 'volatility': {'raw': 0.00011990423081442714, 'lambda': 0.0, 'weighted': 0.0}, 'vol_excess': {'raw': 0.0, 'lambda': 1.0, 'weighted': 0.0}, 'weight_path': {'raw': 9.151593372003219e-10, 'lambda': 0.0, 'weighted': 0.0}, 'diversify': {'raw': 0.0, 'lambda': 0.1, 'weighted': 0.0}}",0.0003
23,0.009955549884277085,0.00015394171350635588,0.0008197040782154849,0.0007324076965839291,-0.00010698304201165836,-0.000913183942126731,0.030120357871055603,0.00017378383199684322,0.009388963381449381,0.0007125772341775397,0.0,0.0013188273878768086,0.001260731602087617,-0.00023475632769986987,0.0001616352965356782,3.0310990041471086e-05,0.0001146094873547554,0.0,8.406774165692354e-10,0.0,0.22825316126303127,0.676027238368988,0.22825316126303127,0.676027238368988,0,0,0,"{'mean': {'raw': -0.0008197040782154849, 'lambda': 0.0, 'weighted': 0.0}, 'log_growth': {'raw': 0.00010698304201165836, 'lambda': 1.0, 'weighted': 0.00010698304201165836}, 'cvar': {'raw': 0.000913183942126731, 'lambda': 0.5, 'weighted': 0.0004565919710633655}, 'turnover': {'raw': 0.030120357871055603, 'lambda': 0.0001, 'weighted': 3.0120357526660277e-06}, 'volatility': {'raw': 0.00017378383199684322, 'lambda': 0.0, 'weighted': 0.0}, 'vol_excess': {'raw': 0.009388963381449381, 'lambda': 1.0, 'weighted': 0.009388963381449381}, 'weight_path': {'raw': 0.0007125772341775397, 'lambda': 0.0, 'weighted': 0.0}, 'diversify': {'raw': 0.0, 'lambda': 0.1, 'weighted': 0.0}}","{'mean': {'raw': -0.0013188273878768086, 'lambda': 0.0, 'weighted': 0.0}, 'log_growth': {'raw': 0.00023475632769986987, 'lambda': 1.0, 'weighted': 0.00023475632769986987}, 'cvar': {'raw': -0.0001616352965356782, 'lambda': 0.5, 'weighted': -8.08176482678391e-05}, 'turnover': {'raw': 3.0310990041471086e-05, 'lambda': 0.0001, 'weighted': 3.031098927408493e-09}, 'volatility': {'raw': 0.0001146094873547554, 'lambda': 0.0, 'weighted': 0.0}, 'vol_excess': {'raw': 0.0, 'lambda': 1.0, 'weighted': 0.0}, 'weight_path': {'raw': 8.406774165692354e-10, 'lambda': 0.0, 'weighted': 0.0}, 'diversify': {'raw': 0.0, 'lambda': 0.1, 'weighted': 0.0}}",0.0003
24,0.00861506323174884,0.00012178788165329024,0.0007520522388707226,0.000668793082392464,-0.00014524860307574272,-0.0009095852825945864,0.03005583460132281,0.00016553736835097274,0.008012016614278158,0.0007053969893604517,0.0,0.0012807955499738455,0.0012250738218426704,-0.0002061098493868485,0.0001686497125774622,2.892159318435006e-05,0.00010991189628839493,0.0,7.660899692396583e-10,0.0,0.21458958888736865,0.6354061365127563,0.21458958888736865,0.6354061365127563,0,0,0,"{'mean': {'raw': -0.0007520522388707226, 'lambda': 0.0, 'weighted': 0.0}, 'log_growth': {'raw': 0.00014524860307574272, 'lambda': 1.0, 'weighted': 0.00014524860307574272}, 'cvar': {'raw': 0.0009095852825945864, 'lambda': 0.5, 'weighted': 0.0004547926412972932}, 'turnover': {'raw': 0.03005583460132281, 'lambda': 0.0001, 'weighted': 3.0055834182955246e-06}, 'volatility': {'raw': 0.00016553736835097274, 'lambda': 0.0, 'weighted': 0.0}, 'vol_excess': {'raw': 0.008012016614278158, 'lambda': 1.0, 'weighted': 0.008012016614278158}, 'weight_path': {'raw': 0.0007053969893604517, 'lambda': 0.0, 'weighted': 0.0}, 'diversify': {'raw': 0.0, 'lambda': 0.1, 'weighted': 0.0}}","{'mean': {'raw': -0.0012807955499738455, 'lambda': 0.0, 'weighted': 0.0}, 'log_growth': {'raw': 0.0002061098493868485, 'lambda': 1.0, 'weighted': 0.0002061098493868485}, 'cvar': {'raw': -0.0001686497125774622, 'lambda': 0.5, 'weighted': -8.43248562887311e-05}, 'turnover': {'raw': 2.892159318435006e-05, 'lambda': 0.0001, 'weighted': 2.8921591788133583e-09}, 'volatility': {'raw': 0.00010991189628839493, 'lambda': 0.0, 'weighted': 0.0}, 'vol_excess': {'raw': 0.0, 'lambda': 1.0, 'weighted': 0.0}, 'weight_path': {'raw': 7.660899692396583e-10, 'lambda': 0.0, 'weighted': 0.0}, 'diversify': {'raw': 0.0, 'lambda': 0.1, 'weighted': 0.0}}",0.0003
25,0.007044493880433341,9.299792145611718e-05,0.0007336566971692567,0.0006530991425582519,-6.985254973794024e-05,-0.0008792702574282885,0.028831476345658302,0.00016013850351252282,0.006532122691472371,0.0006592478021048009,0.0,0.0012455121614038944,0.0011918911477550864,-0.00017966690938919783,0.00017334349104203284,2.7571828468353488e-05,0.00010576052591204643,0.0,6.969313459670445e-10,0.0,0.20092999434564263,0.5943306088447571,0.20092999434564263,0.5943306088447571,0,0,0,"{'mean': {'raw': -0.0007336566971692567, 'lambda': 0.0, 'weighted': 0.0}, 'log_growth': {'raw': 6.985254973794024e-05, 'lambda': 1.0, 'weighted': 6.985254973794024e-05}, 'cvar': {'raw': 0.0008792702574282885, 'lambda': 0.5, 'weighted': 0.00043963512871414423}, 'turnover': {'raw': 0.028831476345658302, 'lambda': 0.0001, 'weighted': 2.8831475447077537e-06}, 'volatility': {'raw': 0.00016013850351252282, 'lambda': 0.0, 'weighted': 0.0}, 'vol_excess': {'raw': 0.006532122691472371, 'lambda': 1.0, 'weighted': 0.006532122691472371}, 'weight_path': {'raw': 0.0006592478021048009, 'lambda': 0.0, 'weighted': 0.0}, 'diversify': {'raw': 0.0, 'lambda': 0.1, 'weighted': 0.0}}","{'mean': {'raw': -0.0012455121614038944, 'lambda': 0.0, 'weighted': 0.0}, 'log_growth': {'raw': 0.00017966690938919783, 'lambda': 1.0, 'weighted': 0.00017966690938919783}, 'cvar': {'raw': -0.00017334349104203284, 'lambda': 0.5, 'weighted': -8.667174552101642e-05}, 'turnover': {'raw': 2.7571828468353488e-05, 'lambda': 0.0001, 'weighted': 2.7571827043715302e-09}, 'volatility': {'raw': 0.00010576052591204643, 'lambda': 0.0, 'weighted': 0.0}, 'vol_excess': {'raw': 0.0, 'lambda': 1.0, 'weighted': 0.0}, 'weight_path': {'raw': 6.969313459670445e-10, 'lambda': 0.0, 'weighted': 0.0}, 'diversify': {'raw': 0.0, 'lambda': 0.1, 'weighted': 0.0}}",0.0003
26,0.006112852366641164,6.72430542181246e-05,0.0007204689366820579,0.0006427389259139696,-4.550979550306996e-05,-0.0008355381820971767,0.02917466250558694,0.00015448839258169755,0.005646655956904094,0.0006646153827508291,0.0,0.0012128455564379692,0.0011610811343416572,-0.00015530076052527875,0.00017612063675187528,2.61051955021685e-05,0.00010209445463260636,0.0,6.253462747629612e-10,0.0,0.1896043714756767,0.5605894327163696,0.1896043714756767,0.5605894327163696,0,0,0,"{'mean': {'raw': -0.0007204689366820579, 'lambda': 0.0, 'weighted': 0.0}, 'log_growth': {'raw': 4.550979550306996e-05, 'lambda': 1.0, 'weighted': 4.550979550306996e-05}, 'cvar': {'raw': 0.0008355381820971767, 'lambda': 0.5, 'weighted': 0.00041776909104858834}, 'turnover': {'raw': 0.02917466250558694, 'lambda': 0.0001, 'weighted': 2.917466190410778e-06}, 'volatility': {'raw': 0.00015448839258169755, 'lambda': 0.0, 'weighted': 0.0}, 'vol_excess': {'raw': 0.005646655956904094, 'lambda': 1.0, 'weighted': 0.005646655956904094}, 'weight_path': {'raw': 0.0006646153827508291, 'lambda': 0.0, 'weighted': 0.0}, 'diversify': {'raw': 0.0, 'lambda': 0.1, 'weighted': 0.0}}","{'mean': {'raw': -0.0012128455564379692, 'lambda': 0.0, 'weighted': 0.0}, 'log_growth': {'raw': 0.00015530076052527875, 'lambda': 1.0, 'weighted': 0.00015530076052527875}, 'cvar': {'raw': -0.00017612063675187528, 'lambda': 0.5, 'weighted': -8.806031837593764e-05}, 'turnover': {'raw': 2.61051955021685e-05, 'lambda': 0.0001, 'weighted': 2.610519578283288e-09}, 'volatility': {'raw': 0.00010209445463260636, 'lambda': 0.0, 'weighted': 0.0}, 'vol_excess': {'raw': 0.0, 'lambda': 1.0, 'weighted': 0.0}, 'weight_path': {'raw': 6.253462747629612e-10, 'lambda': 0.0, 'weighted': 0.0}, 'diversify': {'raw': 0.0, 'lambda': 0.1, 'weighted': 0.0}}",0.0003
27,0.005058841430582106,4.4231648644199595e-05,0.0007187299537084376,0.0006414879462681711,-2.624622235695521e-05,-0.0008225321507779881,0.02784002510209878,0.00015354321900910387,0.004618545373280843,0.0006204361173634728,0.0,0.0011826785048469901,0.001132554025389254,-0.00013289719936437905,0.00017733604181557894,2.4690911232028157e-05,9.886041516438127e-05,0.0,5.599039010206752e-10,0.0,0.17776503833010793,0.5250066518783569,0.17776503833010793,0.5250066518783569,0,0,0,"{'mean': {'raw': -0.0007187299537084376, 'lambda': 0.0, 'weighted': 0.0}, 'log_growth': {'raw': 2.624622235695521e-05, 'lambda': 1.0, 'weighted': 2.624622235695521e-05}, 'cvar': {'raw': 0.0008225321507779881, 'lambda': 0.5, 'weighted': 0.00041126607538899407}, 'turnover': {'raw': 0.02784002510209878, 'lambda': 0.0001, 'weighted': 2.784002466190335e-06}, 'volatility': {'raw': 0.00015354321900910387, 'lambda': 0.0, 'weighted': 0.0}, 'vol_excess': {'raw': 0.004618545373280843, 'lambda': 1.0, 'weighted': 0.004618545373280843}, 'weight_path': {'raw': 0.0006204361173634728, 'lambda': 0.0, 'weighted': 0.0}, 'diversify': {'raw': 0.0, 'lambda': 0.1, 'weighted': 0.0}}","{'mean': {'raw': -0.0011826785048469901, 'lambda': 0.0, 'weighted': 0.0}, 'log_growth': {'raw': 0.00013289719936437905, 'lambda': 1.0, 'weighted': 0.00013289719936437905}, 'cvar': {'raw': -0.00017733604181557894, 'lambda': 0.5, 'weighted': -8.866802090778947e-05}, 'turnover': {'raw': 2.4690911232028157e-05, 'lambda': 0.0001, 'weighted': 2.4690911537561533e-09}, 'volatility': {'raw': 9.886041516438127e-05, 'lambda': 0.0, 'weighted': 0.0}, 'vol_excess': {'raw': 0.0, 'lambda': 1.0, 'weighted': 0.0}, 'weight_path': {'raw': 5.599039010206752e-10, 'lambda': 0.0, 'weighted': 0.0}, 'diversify': {'raw': 0.0, 'lambda': 0.1, 'weighted': 0.0}}",0.0003
28,0.0044820139883086085,2.3761609554640017e-05,0.0006835816748207435,0.0006092575301105777,-9.629089618101716e-05,-0.0008060343534452841,0.029003843665122986,0.00014766011978887642,0.003963083028793335,0.000673602664998422,0.00016722040406117836,0.0011549813207238913,0.0011062989942729473,-0.00011241095489822328,0.00017730335821397603,2.333580414415337e-05,9.601927740732208e-05,0.0,5.006433601018045e-10,0.0,0.171312159858644,0.4907777011394501,0.171312159858644,0.4907777011394501,0,0,0,"{'mean': {'raw': -0.0006835816748207435, 'lambda': 0.0, 'weighted': 0.0}, 'log_growth': {'raw': 9.629089618101716e-05, 'lambda': 1.0, 'weighted': 9.629089618101716e-05}, 'cvar': {'raw': 0.0008060343534452841, 'lambda': 0.5, 'weighted': 0.00040301717672264203}, 'turnover': {'raw': 0.029003843665122986, 'lambda': 0.0001, 'weighted': 2.9003842882957542e-06}, 'volatility': {'raw': 0.00014766011978887642, 'lambda': 0.0, 'weighted': 0.0}, 'vol_excess': {'raw': 0.003963083028793335, 'lambda': 1.0, 'weighted': 0.003963083028793335}, 'weight_path': {'raw': 0.000673602664998422, 'lambda': 0.0, 'weighted': 0.0}, 'diversify': {'raw': 0.00016722040406117836, 'lambda': 0.1, 'weighted': 1.672204014842767e-05}}","{'mean': {'raw': -0.0011549813207238913, 'lambda': 0.0, 'weighted': 0.0}, 'log_growth': {'raw': 0.00011241095489822328, 'lambda': 1.0, 'weighted': 0.00011241095489822328}, 'cvar': {'raw': -0.00017730335821397603, 'lambda': 0.5, 'weighted': -8.865167910698801e-05}, 'turnover': {'raw': 2.333580414415337e-05, 'lambda': 0.0001, 'weighted': 2.3335804399948756e-09}, 'volatility': {'raw': 9.601927740732208e-05, 'lambda': 0.0, 'weighted': 0.0}, 'vol_excess': {'raw': 0.0, 'lambda': 1.0, 'weighted': 0.0}, 'weight_path': {'raw': 5.006433601018045e-10, 'lambda': 0.0, 'weighted': 0.0}, 'diversify': {'raw': 0.0, 'lambda': 0.1, 'weighted': 0.0}}",0.0003
29,0.003233983530662954,5.982163202133961e-06,0.0006962355400901288,0.0006240860869487127,-3.833300434052944e-05,-0.0007499478427538028,0.027001169820626576,0.0001432691618295697,0.0027353763580322266,0.0005939946277067065,0.0008260009732718269,0.001130197662860155,0.0010827539954334497,-9.414772648597136e-05,0.0001763355394359678,2.2064796212362126e-05,9.358095121569932e-05,0.0,4.481117699128845e-10,0.0,0.16655358796318373,0.43649399280548096,0.16655358796318373,0.43649399280548096,0,0,0,"{'mean': {'raw': -0.0006962355400901288, 'lambda': 0.0, 'weighted': 0.0}, 'log_growth': {'raw': 3.833300434052944e-05, 'lambda': 1.0, 'weighted': 3.833300434052944e-05}, 'cvar': {'raw': 0.0007499478427538028, 'lambda': 0.5, 'weighted': 0.0003749739213769014}, 'turnover': {'raw': 0.027001169820626576, 'lambda': 0.0001, 'weighted': 2.700116889779262e-06}, 'volatility': {'raw': 0.0001432691618295697, 'lambda': 0.0, 'weighted': 0.0}, 'vol_excess': {'raw': 0.0027353763580322266, 'lambda': 1.0, 'weighted': 0.0027353763580322266}, 'weight_path': {'raw': 0.0005939946277067065, 'lambda': 0.0, 'weighted': 0.0}, 'diversify': {'raw': 0.0008260009732718269, 'lambda': 0.1, 'weighted': 8.260009902490613e-05}}","{'mean': {'raw': -0.001130197662860155, 'lambda': 0.0, 'weighted': 0.0}, 'log_growth': {'raw': 9.414772648597136e-05, 'lambda': 1.0, 'weighted': 9.414772648597136e-05}, 'cvar': {'raw': -0.0001763355394359678, 'lambda': 0.5, 'weighted': -8.81677697179839e-05}, 'turnover': {'raw': 2.2064796212362126e-05, 'lambda': 0.0001, 'weighted': 2.2064796656451335e-09}, 'volatility': {'raw': 9.358095121569932e-05, 'lambda': 0.0, 'weighted': 0.0}, 'vol_excess': {'raw': 0.0, 'lambda': 1.0, 'weighted': 0.0}, 'weight_path': {'raw': 4.481117699128845e-10, 'lambda': 0.0, 'weighted': 0.0}, 'diversify': {'raw': 0.0, 'lambda': 0.1, 'weighted': 0.0}}",0.0003
30,0.003082624636590481,-8.93643209565198e-06,0.0006673928194989761,0.0005962869618088007,-9.312663072099288e-05,-0.0007579411418798069,0.026742617910106976,0.00014121875574346632,0.0023329357306162515,0.0005705392880675694,0.002749174910907944,0.0011087952880188823,0.0010623817797750235,-7.842668128432706e-05,0.0001747825590427965,2.092470276693348e-05,9.155429870588705e-05,0.0,4.0330264128307647e-10,2.6073132630699547e-07,0.16687173147996268,0.3881230056285858,0.16687173147996268,0.3881230056285858,0,0,0,"{'mean': {'raw': -0.0006673928194989761, 'lambda': 0.0, 'weighted': 0.0}, 'log_growth': {'raw': 9.312663072099288e-05, 'lambda': 1.0, 'weighted': 9.312663072099288e-05}, 'cvar': {'raw': 0.0007579411418798069, 'lambda': 0.5, 'weighted': 0.00037897057093990344}, 'turnover': {'raw': 0.026742617910106976, 'lambda': 0.0001, 'weighted': 2.674261774397261e-06}, 'volatility': {'raw': 0.00014121875574346632, 'lambda': 0.0, 'weighted': 0.0}, 'vol_excess': {'raw': 0.0023329357306162515, 'lambda': 1.0, 'weighted': 0.0023329357306162515}, 'weight_path': {'raw': 0.0005705392880675694, 'lambda': 0.0, 'weighted': 0.0}, 'diversify': {'raw': 0.002749174910907944, 'lambda': 0.1, 'weighted': 0.00027491749400117743}}","{'mean': {'raw': -0.0011087952880188823, 'lambda': 0.0, 'weighted': 0.0}, 'log_growth': {'raw': 7.842668128432706e-05, 'lambda': 1.0, 'weighted': 7.842668128432706e-05}, 'cvar': {'raw': -0.0001747825590427965, 'lambda': 0.5, 'weighted': -8.739127952139825e-05}, 'turnover': {'raw': 2.092470276693348e-05, 'lambda': 0.0001, 'weighted': 2.0924701971125614e-09}, 'volatility': {'raw': 9.155429870588705e-05, 'lambda': 0.0, 'weighted': 0.0}, 'vol_excess': {'raw': 0.0, 'lambda': 1.0, 'weighted': 0.0}, 'weight_path': {'raw': 4.0330264128307647e-10, 'lambda': 0.0, 'weighted': 0.0}, 'diversify': {'raw': 2.6073132630699547e-07, 'lambda': 0.1, 'weighted': 2.6073132985970915e-08}}",0.0003
31,0.002527545807727923,0.00045199471060186625,0.0006648487566659848,0.0005950391253766915,-9.944357831651966e-05,-0.0007350954498785237,0.025440947463115055,0.0001385645882692188,0.0014715393384297688,0.0005111532518640161,0.0058647096157073975,0.001091059297323227,0.0010454722214490175,-6.543456402141601e-05,0.00017298963211942464,1.9928664187318645e-05,8.99302976904437e-05,0.0,3.6635514066851727e-10,0.004730529617518187,0.1626876691977183,0.3302832841873169,0.1626876691977183,0.3302832841873169,0,0,0,"{'mean': {'raw': -0.0006648487566659848, 'lambda': 0.0, 'weighted': 0.0}, 'log_growth': {'raw': 9.944357831651966e-05, 'lambda': 1.0, 'weighted': 9.944357831651966e-05}, 'cvar': {'raw': 0.0007350954498785237, 'lambda': 0.5, 'weighted': 0.00036754772493926186}, 'turnover': {'raw': 0.025440947463115055, 'lambda': 0.0001, 'weighted': 2.544094665305844e-06}, 'volatility': {'raw': 0.0001385645882692188, 'lambda': 0.0, 'weighted': 0.0}, 'vol_excess': {'raw': 0.0014715393384297688, 'lambda': 1.0, 'weighted': 0.0014715393384297688}, 'weight_path': {'raw': 0.0005111532518640161, 'lambda': 0.0, 'weighted': 0.0}, 'diversify': {'raw': 0.0058647096157073975, 'lambda': 0.1, 'weighted': 0.0005864709673915058}}","{'mean': {'raw': -0.001091059297323227, 'lambda': 0.0, 'weighted': 0.0}, 'log_growth': {'raw': 6.543456402141601e-05, 'lambda': 1.0, 'weighted': 6.543456402141601e-05}, 'cvar': {'raw': -0.00017298963211942464, 'lambda': 0.5, 'weighted': -8.649481605971232e-05}, 'turnover': {'raw': 1.9928664187318645e-05, 'lambda': 0.0001, 'weighted': 1.9928663164137106e-09}, 'volatility': {'raw': 8.99302976904437e-05, 'lambda': 0.0, 'weighted': 0.0}, 'vol_excess': {'raw': 0.0, 'lambda': 1.0, 'weighted': 0.0}, 'weight_path': {'raw': 3.6635514066851727e-10, 'lambda': 0.0, 'weighted': 0.0}, 'diversify': {'raw': 0.004730529617518187, 'lambda': 0.1, 'weighted': 0.00047305296175181866}}",0.0003
32,0.00233852102731665,0.0008299569017253816,0.0006421270954888314,0.0005728977266699076,-0.00010401594530170162,-0.000746706190208594,0.024728986745079357,0.00013747669193738452,0.0011082688967386882,0.0005109342649423828,0.0075041007560988264,0.0010766055202111602,0.001031673513352871,-5.487147063831799e-05,0.0001711870718281716,1.9093224182142876e-05,8.864406117936596e-05,0.0,3.3634112162062024e-10,0.00860677007585764,0.16004562626282373,0.30566486716270447,0.16004562626282373,0.30566486716270447,0,0,0,"{'mean': {'raw': -0.0006421270954888314, 'lambda': 0.0, 'weighted': 0.0}, 'log_growth': {'raw': 0.00010401594530170162, 'lambda': 1.0, 'weighted': 0.00010401594530170162}, 'cvar': {'raw': 0.000746706190208594, 'lambda': 0.5, 'weighted': 0.000373353095104297}, 'turnover': {'raw': 0.024728986745079357, 'lambda': 0.0001, 'weighted': 2.4728985863475828e-06}, 'volatility': {'raw': 0.00013747669193738452, 'lambda': 0.0, 'weighted': 0.0}, 'vol_excess': {'raw': 0.0011082688967386882, 'lambda': 1.0, 'weighted': 0.0011082688967386882}, 'weight_path': {'raw': 0.0005109342649423828, 'lambda': 0.0, 'weighted': 0.0}, 'diversify': {'raw': 0.0075041007560988264, 'lambda': 0.1, 'weighted': 0.0007504100988929471}}","{'mean': {'raw': -0.0010766055202111602, 'lambda': 0.0, 'weighted': 0.0}, 'log_growth': {'raw': 5.487147063831799e-05, 'lambda': 1.0, 'weighted': 5.487147063831799e-05}, 'cvar': {'raw': -0.0001711870718281716, 'lambda': 0.5, 'weighted': -8.55935359140858e-05}, 'turnover': {'raw': 1.9093224182142876e-05, 'lambda': 0.0001, 'weighted': 1.9093224778998774e-09}, 'volatility': {'raw': 8.864406117936596e-05, 'lambda': 0.0, 'weighted': 0.0}, 'vol_excess': {'raw': 0.0, 'lambda': 1.0, 'weighted': 0.0}, 'weight_path': {'raw': 3.3634112162062024e-10, 'lambda': 0.0, 'weighted': 0.0}, 'diversify': {'raw': 0.00860677007585764, 'lambda': 0.1, 'weighted': 0.0008606770425103605}}",0.0003
33,0.0023147210401172438,0.0011317485477775335,0.0006305104276786248,0.0005623237229883671,-6.479436221222083e-05,-0.000737716230408599,0.025658657774329185,0.00013536319359748936,0.0008246799310048422,0.0005283427696364621,0.010538226614395777,0.0010650699259713292,0.0010206479346379638,-4.6456127165583894e-05,0.00016952822625171393,1.8413076759316027e-05,8.764142694417387e-05,0.0,3.1303012959504883e-10,0.011700546368956566,0.15807921439409256,0.28155872225761414,0.15807921439409256,0.28155872225761414,0,0,0,"{'mean': {'raw': -0.0006305104276786248, 'lambda': 0.0, 'weighted': 0.0}, 'log_growth': {'raw': 6.479436221222083e-05, 'lambda': 1.0, 'weighted': 6.479436221222083e-05}, 'cvar': {'raw': 0.000737716230408599, 'lambda': 0.5, 'weighted': 0.0003688581152042995}, 'turnover': {'raw': 0.025658657774329185, 'lambda': 0.0001, 'weighted': 2.5658656947295335e-06}, 'volatility': {'raw': 0.00013536319359748936, 'lambda': 0.0, 'weighted': 0.0}, 'vol_excess': {'raw': 0.0008246799310048422, 'lambda': 1.0, 'weighted': 0.0008246799310048422}, 'weight_path': {'raw': 0.0005283427696364621, 'lambda': 0.0, 'weighted': 0.0}, 'diversify': {'raw': 0.010538226614395777, 'lambda': 0.1, 'weighted': 0.0010538226924836636}}","{'mean': {'raw': -0.0010650699259713292, 'lambda': 0.0, 'weighted': 0.0}, 'log_growth': {'raw': 4.6456127165583894e-05, 'lambda': 1.0, 'weighted': 4.6456127165583894e-05}, 'cvar': {'raw': -0.00016952822625171393, 'lambda': 0.5, 'weighted': -8.476411312585697e-05}, 'turnover': {'raw': 1.8413076759316027e-05, 'lambda': 0.0001, 'weighted': 1.8413076618983837e-09}, 'volatility': {'raw': 8.764142694417387e-05, 'lambda': 0.0, 'weighted': 0.0}, 'vol_excess': {'raw': 0.0, 'lambda': 1.0, 'weighted': 0.0}, 'weight_path': {'raw': 3.1303012959504883e-10, 'lambda': 0.0, 'weighted': 0.0}, 'diversify': {'raw': 0.011700546368956566, 'lambda': 0.1, 'weighted': 0.001170054660178721}}",0.0003
34,0.002354747848585248,0.0013735662214457989,0.0006388859474100173,0.000571120239328593,-1.457465502123038e-05,-0.0007212420847887794,0.024766907716790836,0.00013453502469928935,0.000690162181854248,0.0005022354986673842,0.012869130509595076,0.0010558294598013163,0.0010118093341588974,-3.9724989619571716e-05,0.00016805774066597223,1.786040775186848e-05,8.685365173732862e-05,0.0,2.9467150941542286e-10,0.014178683049976826,0.1597577507297198,0.27512162923812866,0.1597577507297198,0.27512162923812866,0,0,0,"{'mean': {'raw': -0.0006388859474100173, 'lambda': 0.0, 'weighted': 0.0}, 'log_growth': {'raw': 1.457465502123038e-05, 'lambda': 1.0, 'weighted': 1.457465502123038e-05}, 'cvar': {'raw': 0.0007212420847887794, 'lambda': 0.5, 'weighted': 0.0003606210423943897}, 'turnover': {'raw': 0.024766907716790836, 'lambda': 0.0001, 'weighted': 2.476690724506625e-06}, 'volatility': {'raw': 0.00013453502469928935, 'lambda': 0.0, 'weighted': 0.0}, 'vol_excess': {'raw': 0.000690162181854248, 'lambda': 1.0, 'weighted': 0.000690162181854248}, 'weight_path': {'raw': 0.0005022354986673842, 'lambda': 0.0, 'weighted': 0.0}, 'diversify': {'raw': 0.012869130509595076, 'lambda': 0.1, 'weighted': 0.0012869130975256364}}","{'mean': {'raw': -0.0010558294598013163, 'lambda': 0.0, 'weighted': 0.0}, 'log_growth': {'raw': 3.9724989619571716e-05, 'lambda': 1.0, 'weighted': 3.9724989619571716e-05}, 'cvar': {'raw': -0.00016805774066597223, 'lambda': 0.5, 'weighted': -8.402887033298612e-05}, 'turnover': {'raw': 1.786040775186848e-05, 'lambda': 0.0001, 'weighted': 1.7860407597325434e-09}, 'volatility': {'raw': 8.685365173732862e-05, 'lambda': 0.0, 'weighted': 0.0}, 'vol_excess': {'raw': 0.0, 'lambda': 1.0, 'weighted': 0.0}, 'weight_path': {'raw': 2.9467150941542286e-10, 'lambda': 0.0, 'weighted': 0.0}, 'diversify': {'raw': 0.014178683049976826, 'lambda': 0.1, 'weighted': 0.0014178683049976826}}",0.0003
35,0.002223740448243916,0.0015646842075511813,0.0006724616202215353,0.0006049212048916767,-3.0134144860009353e-05,-0.0006807943621727949,0.025440106789271038,0.00013405446467610696,0.0003082255522410075,0.0005297740960183243,0.015424394669632116,0.0010485283564776182,0.001004820573143661,-3.4412616514600813e-05,0.00016680662520229816,1.7429754734621383e-05,8.624086331110448e-05,0.0,2.8080340830349826e-10,0.016136731952428818,0.15647119283676147,0.2587737739086151,0.15647119283676147,0.2587737739086151,0,0,0,"{'mean': {'raw': -0.0006724616202215353, 'lambda': 0.0, 'weighted': 0.0}, 'log_growth': {'raw': 3.0134144860009353e-05, 'lambda': 1.0, 'weighted': 3.0134144860009353e-05}, 'cvar': {'raw': 0.0006807943621727949, 'lambda': 0.5, 'weighted': 0.00034039718108639744}, 'turnover': {'raw': 0.025440106789271038, 'lambda': 0.0001, 'weighted': 2.5440106128371553e-06}, 'volatility': {'raw': 0.00013405446467610696, 'lambda': 0.0, 'weighted': 0.0}, 'vol_excess': {'raw': 0.0003082255522410075, 'lambda': 1.0, 'weighted': 0.0003082255522410075}, 'weight_path': {'raw': 0.0005297740960183243, 'lambda': 0.0, 'weighted': 0.0}, 'diversify': {'raw': 0.015424394669632116, 'lambda': 0.1, 'weighted': 0.0015424394902462761}}","{'mean': {'raw': -0.0010485283564776182, 'lambda': 0.0, 'weighted': 0.0}, 'log_growth': {'raw': 3.4412616514600813e-05, 'lambda': 1.0, 'weighted': 3.4412616514600813e-05}, 'cvar': {'raw': -0.00016680662520229816, 'lambda': 0.5, 'weighted': -8.340331260114908e-05}, 'turnover': {'raw': 1.7429754734621383e-05, 'lambda': 0.0001, 'weighted': 1.7429754306519385e-09}, 'volatility': {'raw': 8.624086331110448e-05, 'lambda': 0.0, 'weighted': 0.0}, 'vol_excess': {'raw': 0.0, 'lambda': 1.0, 'weighted': 0.0}, 'weight_path': {'raw': 2.8080340830349826e-10, 'lambda': 0.0, 'weighted': 0.0}, 'diversify': {'raw': 0.016136731952428818, 'lambda': 0.1, 'weighted': 0.0016136731719598174}}",0.0003
36,0.0024446160532534122,0.0017184166936203837,0.0006234137108549476,0.0005564156163018197,-7.847013572851817e-05,-0.0007208003080449998,0.024232930814226467,0.00013300411956151947,0.0003342727820078532,0.0004789858260968079,0.016690495734413464,0.001042656833305955,0.000999197131022811,-3.0145150958560407e-05,0.00016574325854890049,1.706190778349992e-05,8.575423271395266e-05,0.0,2.690499767421528e-10,0.017711414024233818,0.1549887309471766,0.2548898756504059,0.1549887309471766,0.2548898756504059,0,0,0,"{'mean': {'raw': -0.0006234137108549476, 'lambda': 0.0, 'weighted': 0.0}, 'log_growth': {'raw': 7.847013572851817e-05, 'lambda': 1.0, 'weighted': 7.847013572851817e-05}, 'cvar': {'raw': 0.0007208003080449998, 'lambda': 0.5, 'weighted': 0.0003604001540224999}, 'turnover': {'raw': 0.024232930814226467, 'lambda': 0.0001, 'weighted': 2.423293077905934e-06}, 'volatility': {'raw': 0.00013300411956151947, 'lambda': 0.0, 'weighted': 0.0}, 'vol_excess': {'raw': 0.0003342727820078532, 'lambda': 1.0, 'weighted': 0.0003342727820078532}, 'weight_path': {'raw': 0.0004789858260968079, 'lambda': 0.0, 'weighted': 0.0}, 'diversify': {'raw': 0.016690495734413464, 'lambda': 0.1, 'weighted': 0.0016690496122464538}}","{'mean': {'raw': -0.001042656833305955, 'lambda': 0.0, 'weighted': 0.0}, 'log_growth': {'raw': 3.0145150958560407e-05, 'lambda': 1.0, 'weighted': 3.0145150958560407e-05}, 'cvar': {'raw': -0.00016574325854890049, 'lambda': 0.5, 'weighted': -8.287162927445024e-05}, 'turnover': {'raw': 1.706190778349992e-05, 'lambda': 0.0001, 'weighted': 1.7061907442439406e-09}, 'volatility': {'raw': 8.575423271395266e-05, 'lambda': 0.0, 'weighted': 0.0}, 'vol_excess': {'raw': 0.0, 'lambda': 1.0, 'weighted': 0.0}, 'weight_path': {'raw': 2.690499767421528e-10, 'lambda': 0.0, 'weighted': 0.0}, 'diversify': {'raw': 0.017711414024233818, 'lambda': 0.1, 'weighted': 0.0017711414257064462}}",0.0003
37,0.00232510253166159,0.0018418069230392575,0.0006353757732237378,0.0005683534448811164,-9.012228110805154e-05,-0.0007084591440313185,0.024758733808994293,0.00013303190401832884,5.558133125305176e-05,0.0005398491048254073,0.018226933976014454,0.0010379449231550097,0.0009946824284270406,-2.6722162147052586e-05,0.00016485298692714423,1.676376814430114e-05,8.536770474165678e-05,0.0,2.600883397541054e-10,0.018975095823407173,0.1506831298271815,0.24427755177021027,0.1506831298271815,0.24427755177021027,0,0,0,"{'mean': {'raw': -0.0006353757732237378, 'lambda': 0.0, 'weighted': 0.0}, 'log_growth': {'raw': 9.012228110805154e-05, 'lambda': 1.0, 'weighted': 9.012228110805154e-05}, 'cvar': {'raw': 0.0007084591440313185, 'lambda': 0.5, 'weighted': 0.00035422957201565924}, 'turnover': {'raw': 0.024758733808994293, 'lambda': 0.0001, 'weighted': 2.4758733161434066e-06}, 'volatility': {'raw': 0.00013303190401832884, 'lambda': 0.0, 'weighted': 0.0}, 'vol_excess': {'raw': 5.558133125305176e-05, 'lambda': 1.0, 'weighted': 5.558133125305176e-05}, 'weight_path': {'raw': 0.0005398491048254073, 'lambda': 0.0, 'weighted': 0.0}, 'diversify': {'raw': 0.018226933976014454, 'lambda': 0.1, 'weighted': 0.0018226934674506385}}","{'mean': {'raw': -0.0010379449231550097, 'lambda': 0.0, 'weighted': 0.0}, 'log_growth': {'raw': 2.6722162147052586e-05, 'lambda': 1.0, 'weighted': 2.6722162147052586e-05}, 'cvar': {'raw': -0.00016485298692714423, 'lambda': 0.5, 'weighted': -8.242649346357211e-05}, 'turnover': {'raw': 1.676376814430114e-05, 'lambda': 0.0001, 'weighted': 1.6763768151406566e-09}, 'volatility': {'raw': 8.536770474165678e-05, 'lambda': 0.0, 'weighted': 0.0}, 'vol_excess': {'raw': 0.0, 'lambda': 1.0, 'weighted': 0.0}, 'weight_path': {'raw': 2.600883397541054e-10, 'lambda': 0.0, 'weighted': 0.0}, 'diversify': {'raw': 0.018975095823407173, 'lambda': 0.1, 'weighted': 0.001897509559057653}}",0.0003
38,0.0025504756486043334,0.001941048656590283,0.0006289258502268543,0.0005620487111931046,-8.66484479047358e-05,-0.0007128902604260171,0.025188948959112167,0.00013274014296863848,0.00015436609586079916,0.0005369399150367826,0.019504969318707783,0.0010341554880142212,0.0009910501539707184,-2.3971719201654196e-05,0.0001641127746552229,1.651672755542677e-05,8.505943696945906e-05,0.0,2.5244087376030677e-10,0.01999131590127945,0.15309476107358932,0.24490311741828918,0.15309476107358932,0.24490311741828918,0,0,0,"{'mean': {'raw': -0.0006289258502268543, 'lambda': 0.0, 'weighted': 0.0}, 'log_growth': {'raw': 8.66484479047358e-05, 'lambda': 1.0, 'weighted': 8.66484479047358e-05}, 'cvar': {'raw': 0.0007128902604260171, 'lambda': 0.5, 'weighted': 0.00035644513021300855}, 'turnover': {'raw': 0.025188948959112167, 'lambda': 0.0001, 'weighted': 2.5188948408564706e-06}, 'volatility': {'raw': 0.00013274014296863848, 'lambda': 0.0, 'weighted': 0.0}, 'vol_excess': {'raw': 0.00015436609586079916, 'lambda': 1.0, 'weighted': 0.00015436609586079916}, 'weight_path': {'raw': 0.0005369399150367826, 'lambda': 0.0, 'weighted': 0.0}, 'diversify': {'raw': 0.019504969318707783, 'lambda': 0.1, 'weighted': 0.0019504970017199714}}","{'mean': {'raw': -0.0010341554880142212, 'lambda': 0.0, 'weighted': 0.0}, 'log_growth': {'raw': 2.3971719201654196e-05, 'lambda': 1.0, 'weighted': 2.3971719201654196e-05}, 'cvar': {'raw': -0.0001641127746552229, 'lambda': 0.5, 'weighted': -8.205638732761145e-05}, 'turnover': {'raw': 1.651672755542677e-05, 'lambda': 0.0001, 'weighted': 1.65167268750821e-09}, 'volatility': {'raw': 8.505943696945906e-05, 'lambda': 0.0, 'weighted': 0.0}, 'vol_excess': {'raw': 0.0, 'lambda': 1.0, 'weighted': 0.0}, 'weight_path': {'raw': 2.5244087376030677e-10, 'lambda': 0.0, 'weighted': 0.0}, 'diversify': {'raw': 0.01999131590127945, 'lambda': 0.1, 'weighted': 0.0019991316366940737}}",0.0003
39,0.002548983165373405,0.0019490376580506563,0.000604943207387502,0.0005389695288613439,-0.00013691689431046447,-0.0007203993882285431,0.024146441370248795,0.0001309321572383245,0.0,0.0004763462832973649,0.02049452004333337,0.0010338503634557128,0.0009907577186822891,-2.375014628341887e-05,0.00016405244241468608,1.6416437574662268e-05,8.503472054144368e-05,0.0,2.495511852718124e-10,0.020073121413588524,0.10391341646512349,0.10821190476417542,0.10391341646512349,0.10821190476417542,0,0,0,"{'mean': {'raw': -0.000604943207387502, 'lambda': 0.0, 'weighted': 0.0}, 'log_growth': {'raw': 0.00013691689431046447, 'lambda': 1.0, 'weighted': 0.00013691689431046447}, 'cvar': {'raw': 0.0007203993882285431, 'lambda': 0.5, 'weighted': 0.00036019969411427155}, 'turnover': {'raw': 0.024146441370248795, 'lambda': 0.0001, 'weighted': 2.414644086456974e-06}, 'volatility': {'raw': 0.0001309321572383245, 'lambda': 0.0, 'weighted': 0.0}, 'vol_excess': {'raw': 0.0, 'lambda': 1.0, 'weighted': 0.0}, 'weight_path': {'raw': 0.0004763462832973649, 'lambda': 0.0, 'weighted': 0.0}, 'diversify': {'raw': 0.02049452004333337, 'lambda': 0.1, 'weighted': 0.0020494520819435516}}","{'mean': {'raw': -0.0010338503634557128, 'lambda': 0.0, 'weighted': 0.0}, 'log_growth': {'raw': 2.375014628341887e-05, 'lambda': 1.0, 'weighted': 2.375014628341887e-05}, 'cvar': {'raw': -0.00016405244241468608, 'lambda': 0.5, 'weighted': -8.202622120734304e-05}, 'turnover': {'raw': 1.6416437574662268e-05, 'lambda': 0.0001, 'weighted': 1.6416437098598635e-09}, 'volatility': {'raw': 8.503472054144368e-05, 'lambda': 0.0, 'weighted': 0.0}, 'vol_excess': {'raw': 0.0, 'lambda': 1.0, 'weighted': 0.0}, 'weight_path': {'raw': 2.495511852718124e-10, 'lambda': 0.0, 'weighted': 0.0}, 'diversify': {'raw': 0.020073121413588524, 'lambda': 0.1, 'weighted': 0.0020073121413588524}}",0.0003
40,0.002436551459444066,0.0019333031959831715,0.0006164859902734557,0.0005500994933148226,-0.00016042510590826473,-0.000716833349239702,0.02544794666270415,0.00013178866114079332,2.847115198771159e-05,0.0005415460715691248,0.018866938228408497,0.0010344512993469834,0.000991333625279367,-2.418575058982242e-05,0.00016417130245827138,1.6400445019826293e-05,8.508340397384018e-05,0.0,2.4916696483856526e-10,0.01991201378405094,0.15036118775606155,0.24395282566547394,0.15036118775606155,0.24395282566547394,0,0,0,"{'mean': {'raw': -0.0006164859902734557, 'lambda': 0.0, 'weighted': 0.0}, 'log_growth': {'raw': 0.00016042510590826473, 'lambda': 1.0, 'weighted': 0.00016042510590826473}, 'cvar': {'raw': 0.000716833349239702, 'lambda': 0.5, 'weighted': 0.000358416674619851}, 'turnover': {'raw': 0.02544794666270415, 'lambda': 0.0001, 'weighted': 2.5447945972700836e-06}, 'volatility': {'raw': 0.00013178866114079332, 'lambda': 0.0, 'weighted': 0.0}, 'vol_excess': {'raw': 2.847115198771159e-05, 'lambda': 1.0, 'weighted': 2.847115198771159e-05}, 'weight_path': {'raw': 0.0005415460715691248, 'lambda': 0.0, 'weighted': 0.0}, 'diversify': {'raw': 0.018866938228408497, 'lambda': 0.1, 'weighted': 0.0018866938771679997}}","{'mean': {'raw': -0.0010344512993469834, 'lambda': 0.0, 'weighted': 0.0}, 'log_growth': {'raw': 2.418575058982242e-05, 'lambda': 1.0, 'weighted': 2.418575058982242e-05}, 'cvar': {'raw': -0.00016417130245827138, 'lambda': 0.5, 'weighted': -8.208565122913569e-05}, 'turnover': {'raw': 1.6400445019826293e-05, 'lambda': 0.0001, 'weighted': 1.640044433592891e-09}, 'volatility': {'raw': 8.508340397384018e-05, 'lambda': 0.0, 'weighted': 0.0}, 'vol_excess': {'raw': 0.0, 'lambda': 1.0, 'weighted': 0.0}, 'weight_path': {'raw': 2.4916696483856526e-10, 'lambda': 0.0, 'weighted': 0.0}, 'diversify': {'raw': 0.01991201378405094, 'lambda': 0.1, 'weighted': 0.001991201424971223}}",0.0003
41,0.002292780166802307,0.001855287468060851,0.0006136509085384508,0.0005474348436109722,-1.7139265158524115e-05,-0.0007160979730542749,0.023733308538794518,0.0001314292021561414,0.0,0.00045231488184072077,0.019152183706561726,0.0010374299017712474,0.0009941888274624944,-2.6348028768552467e-05,0.00016475359734613448,1.6474794392706826e-05,8.532567881047726e-05,0.0,2.5129237579690766e-10,0.019113145768642426,0.104151651263237,0.10903316736221313,0.104151651263237,0.10903316736221313,0,0,0,"{'mean': {'raw': -0.0006136509085384508, 'lambda': 0.0, 'weighted': 0.0}, 'log_growth': {'raw': 1.7139265158524115e-05, 'lambda': 1.0, 'weighted': 1.7139265158524115e-05}, 'cvar': {'raw': 0.0007160979730542749, 'lambda': 0.5, 'weighted': 0.00035804898652713746}, 'turnover': {'raw': 0.023733308538794518, 'lambda': 0.0001, 'weighted': 2.373330820167515e-06}, 'volatility': {'raw': 0.0001314292021561414, 'lambda': 0.0, 'weighted': 0.0}, 'vol_excess': {'raw': 0.0, 'lambda': 1.0, 'weighted': 0.0}, 'weight_path': {'raw': 0.00045231488184072077, 'lambda': 0.0, 'weighted': 0.0}, 'diversify': {'raw': 0.019152183706561726, 'lambda': 0.1, 'weighted': 0.0019152184249833226}}","{'mean': {'raw': -0.0010374299017712474, 'lambda': 0.0, 'weighted': 0.0}, 'log_growth': {'raw': 2.6348028768552467e-05, 'lambda': 1.0, 'weighted': 2.6348028768552467e-05}, 'cvar': {'raw': -0.00016475359734613448, 'lambda': 0.5, 'weighted': -8.237679867306724e-05}, 'turnover': {'raw': 1.6474794392706826e-05, 'lambda': 0.0001, 'weighted': 1.6474793751442007e-09}, 'volatility': {'raw': 8.532567881047726e-05, 'lambda': 0.0, 'weighted': 0.0}, 'vol_excess': {'raw': 0.0, 'lambda': 1.0, 'weighted': 0.0}, 'weight_path': {'raw': 2.5129237579690766e-10, 'lambda': 0.0, 'weighted': 0.0}, 'diversify': {'raw': 0.019113145768642426, 'lambda': 0.1, 'weighted': 0.0019113145535811782}}",0.0003
42,0.002290160860866308,0.0016970066353678703,0.000615621383379524,0.0005489675289330384,-0.00012124613082657258,-0.0007221157138701528,0.024620707457264263,0.00013225604925537482,0.0,0.0004818000306840986,0.018053946395715077,0.0010434744181111455,0.0009999802568927407,-3.0737504857825115e-05,0.00016589452570769936,1.6677988242008723e-05,8.582165173720568e-05,0.0,2.5758248312079957e-10,0.017492147162556648,0.10233033200105031,0.10781577974557877,0.10233033200105031,0.10781577974557877,0,0,0,"{'mean': {'raw': -0.000615621383379524, 'lambda': 0.0, 'weighted': 0.0}, 'log_growth': {'raw': 0.00012124613082657258, 'lambda': 1.0, 'weighted': 0.00012124613082657258}, 'cvar': {'raw': 0.0007221157138701528, 'lambda': 0.5, 'weighted': 0.0003610578569350764}, 'turnover': {'raw': 0.024620707457264263, 'lambda': 0.0001, 'weighted': 2.4620706729668504e-06}, 'volatility': {'raw': 0.00013225604925537482, 'lambda': 0.0, 'weighted': 0.0}, 'vol_excess': {'raw': 0.0, 'lambda': 1.0, 'weighted': 0.0}, 'weight_path': {'raw': 0.0004818000306840986, 'lambda': 0.0, 'weighted': 0.0}, 'diversify': {'raw': 0.018053946395715077, 'lambda': 0.1, 'weighted': 0.001805394693898658}}","{'mean': {'raw': -0.0010434744181111455, 'lambda': 0.0, 'weighted': 0.0}, 'log_growth': {'raw': 3.0737504857825115e-05, 'lambda': 1.0, 'weighted': 3.0737504857825115e-05}, 'cvar': {'raw': -0.00016589452570769936, 'lambda': 0.5, 'weighted': -8.294726285384968e-05}, 'turnover': {'raw': 1.6677988242008723e-05, 'lambda': 0.0001, 'weighted': 1.6677987879631928e-09}, 'volatility': {'raw': 8.582165173720568e-05, 'lambda': 0.0, 'weighted': 0.0}, 'vol_excess': {'raw': 0.0, 'lambda': 1.0, 'weighted': 0.0}, 'weight_path': {'raw': 2.5758248312079957e-10, 'lambda': 0.0, 'weighted': 0.0}, 'diversify': {'raw': 0.017492147162556648, 'lambda': 0.1, 'weighted': 0.0017492147162556648}}",0.0003
43,0.002424010968146225,0.001557757961563766,0.0006376997431895385,0.0005706556839868426,-4.209292819723487e-05,-0.0007072581405130526,0.024190739418069523,0.00013307596236700192,0.0003535052140553792,0.0004899243164497117,0.016723645230134327,0.001048792852088809,0.0010050737764686346,-3.460354855633341e-05,0.00016685356968082488,1.685742608970031e-05,8.626290218671784e-05,0.0,2.6319468826585535e-10,0.016065794974565506,0.1564370666941007,0.25563934445381165,0.1564370666941007,0.25563934445381165,0,0,0,"{'mean': {'raw': -0.0006376997431895385, 'lambda': 0.0, 'weighted': 0.0}, 'log_growth': {'raw': 4.209292819723487e-05, 'lambda': 1.0, 'weighted': 4.209292819723487e-05}, 'cvar': {'raw': 0.0007072581405130526, 'lambda': 0.5, 'weighted': 0.0003536290702565263}, 'turnover': {'raw': 0.024190739418069523, 'lambda': 0.0001, 'weighted': 2.4190739319844092e-06}, 'volatility': {'raw': 0.00013307596236700192, 'lambda': 0.0, 'weighted': 0.0}, 'vol_excess': {'raw': 0.0003535052140553792, 'lambda': 1.0, 'weighted': 0.0003535052140553792}, 'weight_path': {'raw': 0.0004899243164497117, 'lambda': 0.0, 'weighted': 0.0}, 'diversify': {'raw': 0.016723645230134327, 'lambda': 0.1, 'weighted': 0.001672364577340583}}","{'mean': {'raw': -0.001048792852088809, 'lambda': 0.0, 'weighted': 0.0}, 'log_growth': {'raw': 3.460354855633341e-05, 'lambda': 1.0, 'weighted': 3.460354855633341e-05}, 'cvar': {'raw': -0.00016685356968082488, 'lambda': 0.5, 'weighted': -8.342678484041244e-05}, 'turnover': {'raw': 1.685742608970031e-05, 'lambda': 0.0001, 'weighted': 1.685742545554092e-09}, 'volatility': {'raw': 8.626290218671784e-05, 'lambda': 0.0, 'weighted': 0.0}, 'vol_excess': {'raw': 0.0, 'lambda': 1.0, 'weighted': 0.0}, 'weight_path': {'raw': 2.6319468826585535e-10, 'lambda': 0.0, 'weighted': 0.0}, 'diversify': {'raw': 0.016065794974565506, 'lambda': 0.1, 'weighted': 0.001606579520739615}}",0.0003
44,0.0023941893596202135,0.0014683135086670518,0.0006088100878211359,0.0005413493684803446,-0.00010030615764359634,-0.0007461910960652555,0.02496647648513317,0.00013390469151393822,0.0003554125626881917,0.000517313009671246,0.015628783963620663,0.001052209408953786,0.0010083448141813278,-3.708873555297032e-05,0.00016744737513363361,1.6936028259806335e-05,8.654875273350626e-05,0.0,2.6547919418362653e-10,0.015149467624723911,0.15183368573586145,0.24949447810649872,0.15183368573586145,0.24949447810649872,0,0,0,"{'mean': {'raw': -0.0006088100878211359, 'lambda': 0.0, 'weighted': 0.0}, 'log_growth': {'raw': 0.00010030615764359634, 'lambda': 1.0, 'weighted': 0.00010030615764359634}, 'cvar': {'raw': 0.0007461910960652555, 'lambda': 0.5, 'weighted': 0.00037309554803262773}, 'turnover': {'raw': 0.02496647648513317, 'lambda': 0.0001, 'weighted': 2.496647615165178e-06}, 'volatility': {'raw': 0.00013390469151393822, 'lambda': 0.0, 'weighted': 0.0}, 'vol_excess': {'raw': 0.0003554125626881917, 'lambda': 1.0, 'weighted': 0.0003554125626881917}, 'weight_path': {'raw': 0.000517313009671246, 'lambda': 0.0, 'weighted': 0.0}, 'diversify': {'raw': 0.015628783963620663, 'lambda': 0.1, 'weighted': 0.0015628784118841093}}","{'mean': {'raw': -0.001052209408953786, 'lambda': 0.0, 'weighted': 0.0}, 'log_growth': {'raw': 3.708873555297032e-05, 'lambda': 1.0, 'weighted': 3.708873555297032e-05}, 'cvar': {'raw': -0.00016744737513363361, 'lambda': 0.5, 'weighted': -8.372368756681681e-05}, 'turnover': {'raw': 1.6936028259806335e-05, 'lambda': 0.0001, 'weighted': 1.6936028135461356e-09}, 'volatility': {'raw': 8.654875273350626e-05, 'lambda': 0.0, 'weighted': 0.0}, 'vol_excess': {'raw': 0.0, 'lambda': 1.0, 'weighted': 0.0}, 'weight_path': {'raw': 2.6547919418362653e-10, 'lambda': 0.0, 'weighted': 0.0}, 'diversify': {'raw': 0.015149467624723911, 'lambda': 0.1, 'weighted': 0.0015149468090385199}}",0.0003
45,0.002488933775263528,0.001419486477971077,0.0006270968976120154,0.0005600336007773876,-9.631437327091892e-05,-0.0007184965846439203,0.02411498750249545,0.00013314227787001678,0.00048534075419108075,0.00048339080725175637,0.015456188470125198,0.0010540748480707407,0.0010101301595568657,-3.844574894174002e-05,0.00016776451957412064,1.694051388767548e-05,8.67055932758376e-05,0.0,2.6572355427134653e-10,0.01464921236038208,0.15817968298991522,0.2638879120349884,0.15817968298991522,0.2638879120349884,0,0,0,"{'mean': {'raw': -0.0006270968976120154, 'lambda': 0.0, 'weighted': 0.0}, 'log_growth': {'raw': 9.631437327091892e-05, 'lambda': 1.0, 'weighted': 9.631437327091892e-05}, 'cvar': {'raw': 0.0007184965846439203, 'lambda': 0.5, 'weighted': 0.00035924829232196015}, 'turnover': {'raw': 0.02411498750249545, 'lambda': 0.0001, 'weighted': 2.4114986748221177e-06}, 'volatility': {'raw': 0.00013314227787001678, 'lambda': 0.0, 'weighted': 0.0}, 'vol_excess': {'raw': 0.00048534075419108075, 'lambda': 1.0, 'weighted': 0.00048534075419108075}, 'weight_path': {'raw': 0.00048339080725175637, 'lambda': 0.0, 'weighted': 0.0}, 'diversify': {'raw': 0.015456188470125198, 'lambda': 0.1, 'weighted': 0.0015456188702955842}}","{'mean': {'raw': -0.0010540748480707407, 'lambda': 0.0, 'weighted': 0.0}, 'log_growth': {'raw': 3.844574894174002e-05, 'lambda': 1.0, 'weighted': 3.844574894174002e-05}, 'cvar': {'raw': -0.00016776451957412064, 'lambda': 0.5, 'weighted': -8.388225978706032e-05}, 'turnover': {'raw': 1.694051388767548e-05, 'lambda': 0.0001, 'weighted': 1.6940513436480842e-09}, 'volatility': {'raw': 8.67055932758376e-05, 'lambda': 0.0, 'weighted': 0.0}, 'vol_excess': {'raw': 0.0, 'lambda': 1.0, 'weighted': 0.0}, 'weight_path': {'raw': 2.6572355427134653e-10, 'lambda': 0.0, 'weighted': 0.0}, 'diversify': {'raw': 0.01464921236038208, 'lambda': 0.1, 'weighted': 0.0014649212826043367}}",0.0003
46,0.001964632887393236,0.0013984156539663672,0.0006233329962318143,0.0005564964764441053,-0.00010915509968375166,-0.000718511757440865,0.02396353582541148,0.00013267770555103198,1.0162591934204102e-05,0.00047606499477600056,0.014836628921329975,0.001054879860021174,0.0010109004797413945,-3.903111792169511e-05,0.00016789954679552466,1.692662772256881e-05,8.677344885654747e-05,0.0,2.651776020989871e-10,0.014433326199650764,0.15257110943396887,0.24704472720623016,0.15257110943396887,0.24704472720623016,0,0,0,"{'mean': {'raw': -0.0006233329962318143, 'lambda': 0.0, 'weighted': 0.0}, 'log_growth': {'raw': 0.00010915509968375166, 'lambda': 1.0, 'weighted': 0.00010915509968375166}, 'cvar': {'raw': 0.000718511757440865, 'lambda': 0.5, 'weighted': 0.0003592558787204325}, 'turnover': {'raw': 0.02396353582541148, 'lambda': 0.0001, 'weighted': 2.396353465883294e-06}, 'volatility': {'raw': 0.00013267770555103198, 'lambda': 0.0, 'weighted': 0.0}, 'vol_excess': {'raw': 1.0162591934204102e-05, 'lambda': 1.0, 'weighted': 1.0162591934204102e-05}, 'weight_path': {'raw': 0.00047606499477600056, 'lambda': 0.0, 'weighted': 0.0}, 'diversify': {'raw': 0.014836628921329975, 'lambda': 0.1, 'weighted': 0.0014836629076550405}}","{'mean': {'raw': -0.001054879860021174, 'lambda': 0.0, 'weighted': 0.0}, 'log_growth': {'raw': 3.903111792169511e-05, 'lambda': 1.0, 'weighted': 3.903111792169511e-05}, 'cvar': {'raw': -0.00016789954679552466, 'lambda': 0.5, 'weighted': -8.394977339776233e-05}, 'turnover': {'raw': 1.692662772256881e-05, 'lambda': 0.0001, 'weighted': 1.692662676688883e-09}, 'volatility': {'raw': 8.677344885654747e-05, 'lambda': 0.0, 'weighted': 0.0}, 'vol_excess': {'raw': 0.0, 'lambda': 1.0, 'weighted': 0.0}, 'weight_path': {'raw': 2.651776020989871e-10, 'lambda': 0.0, 'weighted': 0.0}, 'diversify': {'raw': 0.014433326199650764, 'lambda': 0.1, 'weighted': 0.0014433326432481408}}",0.0003
47,0.002530836616642773,0.0014012763276696205,0.0006190664716996253,0.0005514543833366284,-0.00012018960357333223,-0.0007372753558835635,0.025131489460666973,0.00013419136666925624,0.0006462732950846354,0.0005188681728517016,0.013932227777938047,0.0010547706624493003,0.0010107957059517503,-3.8951482565607876e-05,0.00016788137145340443,1.6862535630934872e-05,8.67642302182503e-05,0.0,2.6328403346376206e-10,0.014462638646364212,0.15776517490545908,0.2676643431186676,0.15776517490545908,0.2676643431186676,0,0,0,"{'mean': {'raw': -0.0006190664716996253, 'lambda': 0.0, 'weighted': 0.0}, 'log_growth': {'raw': 0.00012018960357333223, 'lambda': 1.0, 'weighted': 0.00012018960357333223}, 'cvar': {'raw': 0.0007372753558835635, 'lambda': 0.5, 'weighted': 0.00036863767794178176}, 'turnover': {'raw': 0.025131489460666973, 'lambda': 0.0001, 'weighted': 2.5131488807043447e-06}, 'volatility': {'raw': 0.00013419136666925624, 'lambda': 0.0, 'weighted': 0.0}, 'vol_excess': {'raw': 0.0006462732950846354, 'lambda': 1.0, 'weighted': 0.0006462732950846354}, 'weight_path': {'raw': 0.0005188681728517016, 'lambda': 0.0, 'weighted': 0.0}, 'diversify': {'raw': 0.013932227777938047, 'lambda': 0.1, 'weighted': 0.0013932227933158476}}","{'mean': {'raw': -0.0010547706624493003, 'lambda': 0.0, 'weighted': 0.0}, 'log_growth': {'raw': 3.8951482565607876e-05, 'lambda': 1.0, 'weighted': 3.8951482565607876e-05}, 'cvar': {'raw': -0.00016788137145340443, 'lambda': 0.5, 'weighted': -8.394068572670221e-05}, 'turnover': {'raw': 1.6862535630934872e-05, 'lambda': 0.0001, 'weighted': 1.6862534701900245e-09}, 'volatility': {'raw': 8.67642302182503e-05, 'lambda': 0.0, 'weighted': 0.0}, 'vol_excess': {'raw': 0.0, 'lambda': 1.0, 'weighted': 0.0}, 'weight_path': {'raw': 2.6328403346376206e-10, 'lambda': 0.0, 'weighted': 0.0}, 'diversify': {'raw': 0.014462638646364212, 'lambda': 0.1, 'weighted': 0.0014462638646364212}}",0.0003
48,0.002470225755435725,0.0014227258507162333,0.0006491824266655991,0.0005810794148904582,-0.00012666266411542892,-0.0007162167554876456,0.025205014273524284,0.0001351832688669674,0.00047377745310465497,0.0004938946221955121,0.0150915685420235,0.0010539510985836387,0.0010100116487592459,-3.83549377147574e-05,0.00016774365212768316,1.6775431504356675e-05,8.669516682857648e-05,0.0,2.608157578798398e-10,0.014682411216199398,0.15654481947422028,0.260376900434494,0.15654481947422028,0.260376900434494,0,0,0,"{'mean': {'raw': -0.0006491824266655991, 'lambda': 0.0, 'weighted': 0.0}, 'log_growth': {'raw': 0.00012666266411542892, 'lambda': 1.0, 'weighted': 0.00012666266411542892}, 'cvar': {'raw': 0.0007162167554876456, 'lambda': 0.5, 'weighted': 0.0003581083777438228}, 'turnover': {'raw': 0.025205014273524284, 'lambda': 0.0001, 'weighted': 2.5205013116647024e-06}, 'volatility': {'raw': 0.0001351832688669674, 'lambda': 0.0, 'weighted': 0.0}, 'vol_excess': {'raw': 0.00047377745310465497, 'lambda': 1.0, 'weighted': 0.00047377745310465497}, 'weight_path': {'raw': 0.0004938946221955121, 'lambda': 0.0, 'weighted': 0.0}, 'diversify': {'raw': 0.0150915685420235, 'lambda': 0.1, 'weighted': 0.0015091568930074573}}","{'mean': {'raw': -0.0010539510985836387, 'lambda': 0.0, 'weighted': 0.0}, 'log_growth': {'raw': 3.83549377147574e-05, 'lambda': 1.0, 'weighted': 3.83549377147574e-05}, 'cvar': {'raw': -0.00016774365212768316, 'lambda': 0.5, 'weighted': -8.387182606384158e-05}, 'turnover': {'raw': 1.6775431504356675e-05, 'lambda': 0.0001, 'weighted': 1.6775431044280253e-09}, 'volatility': {'raw': 8.669516682857648e-05, 'lambda': 0.0, 'weighted': 0.0}, 'vol_excess': {'raw': 0.0, 'lambda': 1.0, 'weighted': 0.0}, 'weight_path': {'raw': 2.608157578798398e-10, 'lambda': 0.0, 'weighted': 0.0}, 'diversify': {'raw': 0.014682411216199398, 'lambda': 0.1, 'weighted': 0.0014682410983368754}}",0.0003
49,0.0025550275652979812,0.0014563929289579391,0.0006314213290655365,0.0005638196501725664,-6.767981297646959e-05,-0.0007254628920539593,0.024016033858060837,0.00013421738549368456,0.0005904932816823324,0.0004782830753053228,0.015317213721573353,0.001052664709277451,0.001008780556730926,-3.741881300811656e-05,0.00016752516967244446,1.6674906873959117e-05,8.658698061481118e-05,0.0,2.574665480814531e-10,0.01502735074609518,0.15809192756811777,0.26300933957099915,0.15809192756811777,0.26300933957099915,0,0,0,"{'mean': {'raw': -0.0006314213290655365, 'lambda': 0.0, 'weighted': 0.0}, 'log_growth': {'raw': 6.767981297646959e-05, 'lambda': 1.0, 'weighted': 6.767981297646959e-05}, 'cvar': {'raw': 0.0007254628920539593, 'lambda': 0.5, 'weighted': 0.00036273144602697965}, 'turnover': {'raw': 0.024016033858060837, 'lambda': 0.0001, 'weighted': 2.401603296675603e-06}, 'volatility': {'raw': 0.00013421738549368456, 'lambda': 0.0, 'weighted': 0.0}, 'vol_excess': {'raw': 0.0005904932816823324, 'lambda': 1.0, 'weighted': 0.0005904932816823324}, 'weight_path': {'raw': 0.0004782830753053228, 'lambda': 0.0, 'weighted': 0.0}, 'diversify': {'raw': 0.015317213721573353, 'lambda': 0.1, 'weighted': 0.001531721403201421}}","{'mean': {'raw': -0.001052664709277451, 'lambda': 0.0, 'weighted': 0.0}, 'log_growth': {'raw': 3.741881300811656e-05, 'lambda': 1.0, 'weighted': 3.741881300811656e-05}, 'cvar': {'raw': -0.00016752516967244446, 'lambda': 0.5, 'weighted': -8.376258483622223e-05}, 'turnover': {'raw': 1.6674906873959117e-05, 'lambda': 0.0001, 'weighted': 1.6674905900515569e-09}, 'volatility': {'raw': 8.658698061481118e-05, 'lambda': 0.0, 'weighted': 0.0}, 'vol_excess': {'raw': 0.0, 'lambda': 1.0, 'weighted': 0.0}, 'weight_path': {'raw': 2.574665480814531e-10, 'lambda': 0.0, 'weighted': 0.0}, 'diversify': {'raw': 0.01502735074609518, 'lambda': 0.1, 'weighted': 0.001502735074609518}}",0.0003
50,0.0022558721636111536,0.0014950052136555314,0.0006234415244155874,0.0005563057202380151,-8.731981506571174e-05,-0.0007248099912734082,0.023212382569909096,0.00013324823036479452,0.00027872125307718915,0.00041483597791132826,0.015251047598818937,0.0010511897271499038,0.0010073684388771653,-3.634531094576232e-05,0.00016727217007428408,1.6554215108044446e-05,8.646323112770915e-05,0.0,2.5411905912875454e-10,0.01542294304817915,0.15683999409278235,0.25385522842407227,0.15683999409278235,0.25385522842407227,0,0,0,"{'mean': {'raw': -0.0006234415244155874, 'lambda': 0.0, 'weighted': 0.0}, 'log_growth': {'raw': 8.731981506571174e-05, 'lambda': 1.0, 'weighted': 8.731981506571174e-05}, 'cvar': {'raw': 0.0007248099912734082, 'lambda': 0.5, 'weighted': 0.0003624049956367041}, 'turnover': {'raw': 0.023212382569909096, 'lambda': 0.0001, 'weighted': 2.321238146881418e-06}, 'volatility': {'raw': 0.00013324823036479452, 'lambda': 0.0, 'weighted': 0.0}, 'vol_excess': {'raw': 0.00027872125307718915, 'lambda': 1.0, 'weighted': 0.00027872125307718915}, 'weight_path': {'raw': 0.00041483597791132826, 'lambda': 0.0, 'weighted': 0.0}, 'diversify': {'raw': 0.015251047598818937, 'lambda': 0.1, 'weighted': 0.0015251048219700654}}","{'mean': {'raw': -0.0010511897271499038, 'lambda': 0.0, 'weighted': 0.0}, 'log_growth': {'raw': 3.634531094576232e-05, 'lambda': 1.0, 'weighted': 3.634531094576232e-05}, 'cvar': {'raw': -0.00016727217007428408, 'lambda': 0.5, 'weighted': -8.363608503714204e-05}, 'turnover': {'raw': 1.6554215108044446e-05, 'lambda': 0.0001, 'weighted': 1.6554214665731593e-09}, 'volatility': {'raw': 8.646323112770915e-05, 'lambda': 0.0, 'weighted': 0.0}, 'vol_excess': {'raw': 0.0, 'lambda': 1.0, 'weighted': 0.0}, 'weight_path': {'raw': 2.5411905912875454e-10, 'lambda': 0.0, 'weighted': 0.0}, 'diversify': {'raw': 0.01542294304817915, 'lambda': 0.1, 'weighted': 0.0015422942815348506}}",0.0003
