,OGD,EQW,SPY,IPO
2020-10-22,0.02744399908460802,0.03570315466004405,0.0054853060356472305,0.06592100328444087
2020-10-23,-0.012508920058993248,-0.028579588501442328,0.0033952154871443874,-0.060554392490029044
2020-10-26,-0.017819663707311358,-0.017070160861470188,-0.018479800088835097,-0.01566052163410528
2020-10-27,0.006850163755505036,0.01998351746547174,-0.003447241437786519,0.04341427636873
2020-10-28,-0.028599971974641876,-0.020599172435998372,-0.034179200622504236,-0.00701914424949251
2020-10-29,0.011911265789964303,0.014734656487820297,0.01016330946784838,0.019306003507792213
2020-10-30,-0.02013018226508656,-0.03784753520633312,-0.010424515465938256,-0.06527055494672798
2020-11-02,0.014421488867354393,0.017703621859099967,0.011208178838596483,0.02419906487960345
2020-11-03,0.021979910631191823,0.029155017308037587,0.017655965987815714,0.04065406862825946
2020-11-04,0.027624857293993617,0.03753484793639787,0.022349197242496288,0.05272049863029946
2020-11-05,0.03244588132547538,0.04602494475976329,0.01950265734206913,0.07254723217745745
2020-11-06,0.004743009969434532,0.013223983952337622,-0.00022816496870936565,0.02667613287338461
2020-11-09,0.0014245115666995448,-0.020103696492920563,0.012565626463275414,-0.05277301944911654
2020-11-10,-0.008070423266192218,-0.015187951546024238,-0.0014666688643395487,-0.028909234227708927
2020-11-11,0.013445411632099887,0.02401538320125904,0.007428596917335328,0.04060216948518275
2020-11-12,0.005036379824442315,0.019620562407983023,-0.009700771449971946,0.04894189626593799
2020-11-13,0.01699003894975476,0.022029082733517023,0.013844343989654728,0.03021382147737932
2020-11-16,0.015297557818081942,0.020395305352088874,0.01248266729157943,0.028307943412598315
2020-11-17,0.005758345752036019,0.017093859612454,-0.005378477433413353,0.039566196658321354
2020-11-18,-0.007396018827864012,0.0002511604327783308,-0.01203472944619377,0.012537050311750432
2020-11-19,0.010474439198844152,0.022149872880815425,0.004209943336014987,0.04008980242561586
2020-11-20,0.0011100979180615157,0.009423692563387518,-0.006847612383716228,0.025694997510491265
2020-11-23,0.026216815807033614,0.06042870290602977,0.005994407708056482,0.11486299810400306
2020-11-24,0.017943132643739056,0.021442535237348896,0.016113791523040266,0.026771278951657523
2020-11-25,0.013148591882356427,0.02886857900621976,-0.00154170573432999,0.05927886374676951
2020-11-27,0.008590289771897228,0.018661599600915242,0.0027849862597506547,0.03453821294207983
2020-11-30,-0.0072125195434370685,-0.012680760715929723,-0.0044270996493745995,-0.020934421782484846
2020-12-01,-0.004323509536802557,-0.0210440396930092,0.010937327140465802,-0.0530254065264842
2020-12-02,-0.0037872394076480043,-0.014260201886021378,0.0021037186296739563,-0.030624122401716712
2020-12-03,0.014734048106894854,0.02978901119190752,-0.0002727401216293668,0.0598507625054444
2020-12-04,0.016109540901245153,0.02822535627028436,0.008617877006937169,0.04783283553363155
2020-12-07,0.006621033430131176,0.022450800374213296,-0.002054946950340253,0.046956547698766844
2020-12-08,0.007641605201651535,0.012486225305980392,0.002926205641022861,0.022046244970937923
2020-12-09,-0.016436533014933582,-0.028807710805584825,-0.008968972992591029,-0.04864644861857862
2020-12-10,0.003755133055963079,0.011388797727247891,-0.00032710930686385975,0.023104704761359642
2020-12-11,-0.009543182969448618,-0.01834193958843863,-0.001172607292045269,-0.03551127188483199
2020-12-14,-0.011026128372639867,-0.02213410584522096,-0.004477326192031117,-0.039790885498410804
2020-12-15,0.0099370390672872,0.003072640728738467,0.013519578634202167,-0.0073742971767252335
2020-12-16,0.005100412029761551,0.008898485659863793,0.0015694997552653245,0.016227471564462262
2020-12-17,0.0072320083416874984,0.010081872488531072,0.005591871683631622,0.014571873293430522
2020-12-18,0.002542389288358484,0.015380737749364354,-0.003992924556384558,0.034754400055113266
2020-12-21,0.006854576139993471,0.018326458603223256,-0.0035757253420711788,0.04022864254851769
2020-12-22,-0.002414622267168859,-0.003710311298216514,-0.0016851883039293858,-0.005735434292503642
2020-12-23,-0.003456664120818392,-0.007834202310789141,0.0008986759152094237,-0.016567080536787706
2020-12-24,-0.0009986092250939133,-0.008882306646457712,0.0038904989358985453,-0.02165511222881397
2020-12-28,-0.00470893794346859,-0.028846107975564722,0.00859065670951531,-0.06628287266064475
2020-12-29,-0.002214322904751831,-0.0025288157159503687,-0.001907678615051811,-0.0031499528168489263
2020-12-30,0.0023732265233984366,0.003931166525957018,0.0014267387977549006,0.006435594254159136
2020-12-31,-0.0008468786161836784,-0.011838519273420162,0.005080816104988228,-0.028757854651828552
2021-01-04,-0.014371886474788376,-0.01516507382958565,-0.013614019710397551,-0.016716127948773748
2021-01-05,0.011207830620582108,0.018470718287151314,0.006887219258187027,0.030054217316115597
2021-01-06,-0.000750879200319958,-0.013496626306536964,0.005978625140723226,-0.03297187775379715
2021-01-07,0.031464360022189095,0.049193390284915414,0.014857427716151506,0.08352935285367932
2021-01-08,0.006721871721716448,0.0084788780360417,0.005697842560448585,0.011259913511634814
2021-01-11,-0.005689262711141913,-0.003654702718318802,-0.006740673158384003,-0.0005687322782536011
2021-01-12,0.016376184625222424,0.03397108582039779,0.00021099104496680177,0.06773118059582878
2021-01-13,0.0041610577483863695,0.0067282290044202745,0.002692934516636436,0.010763523492204113
2021-01-14,0.0008723095323521189,0.009491871917397966,-0.003502086670016946,0.022485830504812877
2021-01-15,-0.014099168073798136,-0.021632220575852977,-0.0072924288141640314,-0.03597201233754192
2021-01-19,0.010736327619664546,0.015868841505495543,0.007851917469328562,0.023885765541662524
2021-01-20,0.006270628549318037,-0.0013775651390004022,0.01383881686076327,-0.016593947138764074
2021-01-21,0.004918367500460976,0.01138645065968828,0.0009114763413000659,0.021861424978076496
2021-01-22,0.005419914053617686,0.021678825051684853,-0.0035392090539496657,0.04689685915731937
2021-01-25,0.004542158531722405,0.005158314804046382,0.003943613482502828,0.006373016125589937
2021-01-26,-0.00010961042595631319,0.002276750672035074,-0.0015608388658403527,0.006114340209910501
2021-01-27,-0.01938558619263676,-0.010043957990821036,-0.02444037307439506,0.004352457092752992
2021-01-28,-0.0005592454711896037,-0.010146413232369563,0.008600121964508656,-0.02889294842924778
2021-01-29,-0.017058917339369494,-0.012109697335196522,-0.02001981645752904,-0.0041995782128640075
2021-02-01,0.014775057904495067,0.01126084001859292,0.016645588473815254,0.005876091563370587
2021-02-02,0.009284468346897239,0.004122371521473793,0.014140029092349904,-0.005895286049402318
2021-02-03,0.0028210223506807512,0.00627478813396599,0.0007866570084618107,0.01176291925947017
2021-02-04,0.012535804966872007,0.01476886970302333,0.011365668765994652,0.018172070640052006
2021-02-05,-0.0017385034482277442,-0.007860998901070507,0.003935717738978717,-0.01965771554111973
2021-02-08,0.009821571013324305,0.014302959184524053,0.007222076860827986,0.02138384150822012
2021-02-09,0.007132039092416393,0.02224823532764249,-0.0006659701397574436,0.045162440795042426
2021-02-10,0.004600401196834537,0.010113138508824194,-0.00043545188185500905,0.020661728899503396
2021-02-11,-0.00011974182479854568,-0.0031526051758704113,0.0016150083302415297,-0.007920218681982352
2021-02-12,0.0007448221082595728,-0.00750061283891125,0.0049397139024141,-0.0199409395802366
2021-02-16,-0.006341448834635001,-0.012416378071303729,-0.0008659355284355019,-0.023966820614171956
2021-02-17,-0.006584179395789343,-0.018664000205227075,0.00022958846080900486,-0.037557588871263155
2021-02-18,-0.008485356318776525,-0.012764910669388618,-0.004256117919561153,-0.021273703419216083
2021-02-19,0.00425027601085908,0.013920074895903602,-0.0017659014594353373,0.029606051251242542
2021-02-22,-0.01724516372032025,-0.034466053831783486,-0.007691844746878895,-0.061240262916688076
2021-02-23,-0.00631723865502132,-0.014063972084096142,0.0012145086907735525,-0.029342452858965837
2021-02-24,0.01375180499705294,0.018218236722082608,0.011019319306398101,0.025417154137767115
2021-02-25,-0.032059555341242926,-0.04667365336078754,-0.02409575616381865,-0.06925155055775643
2021-02-26,0.0016779753313261743,0.008830289408247555,-0.005152816613992139,0.02281339543048725
2021-03-01,0.02327144451300586,0.021658016786657807,0.024240131168417278,0.019075902404898336
2021-03-02,-0.012009805043537256,-0.0198808703654467,-0.007803110469238983,-0.031958630261654415
2021-03-03,-0.024913696876866603,-0.03735320523710785,-0.013245690124720655,-0.061460720349495034
2021-03-04,-0.01251940669045894,-0.012764881818043278,-0.012374717502877552,-0.013155046133209005
2021-03-05,0.012028383070053428,-0.00011928286436266658,0.018396609502855155,-0.018635175231580488
2021-03-08,-0.009290360710359142,-0.03241465900248405,-0.004978893921139038,-0.05985042408382907
2021-03-09,0.021092330656166988,0.03822199191060665,0.014277444652152527,0.06216653916906077
2021-03-10,0.006209543251974426,0.004903612034524357,0.006224534135214732,0.0035826899338339815
2021-03-11,0.013785650324232127,0.036188270728415864,0.010139361038825845,0.06223718041800588
2021-03-12,0.0006878467204322787,-0.0022791020522368493,0.0013468073885993803,-0.005905011493073079
2021-03-15,0.007843425065343117,0.014393834245428356,0.005963379474027919,0.022824289016828793
2021-03-16,-0.0045603651305365315,-0.013759905953910828,-0.0012611492787730771,-0.02625866262904858
2021-03-17,0.003409865240381782,-0.003805712996125381,0.003409865240381782,-0.011021291232632544
2021-03-18,-0.01670238863777472,-0.031336178328822926,-0.01454986853420781,-0.04812248812343804
2021-03-19,0.0003900995432507251,0.011348468975039952,-0.001850158768758825,0.02454709671883873
2021-03-22,0.007640780854265193,0.006353150929381267,0.007985112394544025,0.00472118946421851
2021-03-23,-0.009913409793124967,-0.015981525989589476,-0.007870892397742857,-0.024092159581436096
2021-03-24,-0.005083531838207422,-0.03334564174973921,-0.005083531838207422,-0.06160775166127099
2021-03-25,0.006375091803550359,0.011492796246657713,0.005625552508870646,0.01736003998444478
2021-03-26,0.0162673588049773,0.017015331878258905,0.016115065467348977,0.01791559828916883
2021-03-29,-0.0015603039403215713,-0.005524341384252511,-0.0005051856621084427,-0.01054349710639658
2021-03-30,-0.0006324573140283072,0.005400007659014095,-0.0026529271900666007,0.013452942508094791
2021-03-31,0.0040533756791019115,0.017608573142663852,0.0040533756791019115,0.031163770606225792
2021-04-01,0.010576291636538572,0.00905159037172805,0.010799075337498909,0.0073041054059571914
2021-04-05,0.012779311092154955,0.005029776843107273,0.014352954688502173,-0.004293401002287628
2021-04-06,0.001024087880538172,0.007106419068978225,-0.0005903527602318936,0.014803190898188344
2021-04-07,-0.0033861497413392246,-0.01698510003624458,0.001157171526808387,-0.03512737159929755
2021-04-08,0.004746837725614794,0.006570143274040405,0.004746837725614794,0.008393448822466015
2021-04-09,0.007207585063743239,0.00677786184068309,0.0072701971212907335,0.006285526560075446
2021-04-12,0.00039708510727415834,0.0005576090376543739,0.00036458824967855463,0.0007506298256301932
2021-04-13,0.006672398858905584,0.020691215086094217,0.0029636143080555843,0.03841881586413285
2021-04-14,-0.006829785548370269,-0.0170877499754993,-0.003415078753836065,-0.03076042119716253
2021-04-15,0.010742301423244172,0.00829622765081102,0.010742301423244172,0.005850153878377867
2021-04-16,0.0029653280461696854,2.833844537254498e-05,0.003342486031381098,-0.003285809140636008
2021-04-19,-0.00628910997354039,-0.014611350723992878,-0.0049130750725399075,-0.02430962637544585
2021-04-20,-0.0073213189376981624,-0.017555317608966087,-0.0073213189376981624,-0.02778931628023401
2021-04-21,0.00961906536458171,0.011521469513963557,0.009461835710446787,0.013581103317480327
2021-04-22,-0.008649184698929191,-0.0019749046561029033,-0.009133026249373954,0.005183216937168148
2021-04-23,0.012113219616261207,0.019699478467164275,0.010842499296547237,0.028556457637781314
2021-04-26,0.0020875657925705227,0.01374209879846755,0.0020875657925705227,0.025396631804364578
2021-04-27,-0.000286998301155143,-0.001152486775006319,-0.0002156720212214136,-0.0020893015287912244
2021-04-28,-0.00028720848338936733,-0.000829883859126995,-0.00028720848338936733,-0.0013725592348646227
2021-04-29,0.006372785673422587,-0.009528446959156809,0.006372785673422587,-0.025429679591736205
2021-04-30,-0.0065706597259796995,-0.01179975135464696,-0.0065706597259796995,-0.01702884298331422
2021-05-03,0.002156838997485755,-0.011749150297181215,0.002156838997485755,-0.025655139591848185
2021-05-04,-0.006169226379401649,-0.012977689478538019,-0.006169226379401649,-0.01978615257767439
2021-05-05,0.0003127477765625386,-0.014946907473966872,0.0003127477765625386,-0.03020656272449628
2021-05-06,0.007985624840696648,-0.018855172917904273,0.007985624840696648,-0.045695970676505195
2021-05-07,0.007278142277141519,0.007264989911899002,0.007278142277141519,0.007251837546656484
2021-05-10,-0.009902530947001331,-0.019492139056139307,-0.009902530947001331,-0.029081747165277286
2021-05-11,-0.008924764951873887,0.019082562049968572,-0.008924764951873887,0.04708988905181103
2021-05-12,-0.021245233418527132,-0.03431001915633355,-0.021245233418527132,-0.04737480489413996
2021-05-13,0.012012433689920776,-0.016406291461191165,0.012012433689920776,-0.044825016612303106
2021-05-14,0.015355485469163543,0.050537388834245064,0.015355485469163543,0.08571929219932659
2021-05-17,-0.0025445575254604558,-0.007579684196836283,-0.0025445575254604558,-0.01261481086821211
2021-05-18,-0.008615690965648404,0.00938481814984199,-0.008615690965648404,0.027385327265332382
2021-05-19,-0.0026217089812062833,-0.0038781465417524856,-0.0026217089812062833,-0.005134584102298688
2021-05-20,0.01075772739756986,0.013040019648778153,0.01075772739756986,0.015322311899986446
2021-05-21,-0.0008188005713321012,0.004889283615930449,-0.0008188005713321012,0.010597367803193
2021-05-24,0.010194430326305959,0.020074048362796464,0.010194430326305959,0.02995366639928697
2021-05-25,-0.002218658341385793,-0.0016928842979166254,-0.002218658341385793,-0.0011671102544474575
2021-05-26,0.0019845595161389618,0.012159033042248414,0.0019845595161389618,0.022333506568357867
2021-05-27,0.0005250159363174856,0.016597986108049773,0.0005250159363174856,0.03267095627978206
2021-05-28,0.0017885628655678332,-0.008051372036425178,0.0017885628655678332,-0.01789130693841819
2021-06-01,-0.0008807378679580591,0.009072015100883919,-0.0008807378679580591,0.019024768069725896
2021-06-02,0.0015724853880063616,0.010885754326577837,0.0015724853880063616,0.020199023265149312
2021-06-03,-0.0037113851861045877,-0.02003826598258469,-0.0037113851861045877,-0.03636514677906479
2021-06-04,0.009145807449223442,0.0089600194757463,0.009145807449223442,0.008774231502269157
2021-06-07,-0.0009700908073159153,-0.0032761855709026056,-0.0009700908073159153,-0.005582280334489296
2021-06-08,0.0002133323783286567,0.0001592074561744825,0.0002133323783286567,0.00010508253402030827
2021-06-09,-0.0014916963189957055,-0.007676740409027883,-0.0014916963189957055,-0.013861784499060061
2021-06-10,0.004647929197346468,0.010762528774485755,0.004647929197346468,0.016877128351625043
2021-06-11,0.0016525532073978777,0.010661951085028328,0.0016525532073978777,0.019671348962658777
2021-06-14,0.002239089029592689,0.004057459764035461,0.002239089029592689,0.005875830498478232
2021-06-15,-0.0018341793658384065,-0.0035443111645309232,-0.0018341793658384065,-0.00525444296322344
2021-06-16,-0.00558335084879491,-0.004985509449797288,-0.00558335084879491,-0.004387668050799666
2021-06-17,-0.0003317159510983769,0.00933912366667819,-0.0003317159510983769,0.019009963284454756
2021-06-18,-0.01349034565429541,-0.0060639732150122305,-0.01349034565429541,0.0013623992242709502
2021-06-21,0.014315926519133715,0.0042299685913634805,0.014315926519133715,-0.005855989336406754
2021-06-22,0.005346299784985797,0.0060635031216630265,0.005346299784985797,0.006780706458340256
2021-06-23,-0.0012054173850771788,0.0026977656444097794,-0.0012054173850771788,0.006600948673896738
2021-06-24,0.005915771804859249,0.003351902083277885,0.005915771804859249,0.0007880323616965209
2021-06-25,0.003552105958516183,-0.0042838553776793145,0.003552105958516183,-0.012119816713874812
2021-06-28,0.00201571659006472,0.016110798896696643,0.00201571659006472,0.030205881203328563
2021-06-29,0.0005381703984399522,0.010022347388559416,0.0005381703984399522,0.01950652437867888
2021-06-30,0.0008417156844802154,-0.0015626199153677004,0.0008417156844802154,-0.003966955515215616
2021-07-01,0.005536356439195478,-0.0040655704170576975,0.005536356439195478,-0.013667497273310873
2021-07-02,0.007643752161873962,0.00040354579832998887,0.007643752161873962,-0.006836660565213985
2021-07-06,-0.001821369224536462,-0.005353666171078062,-0.001821369224536462,-0.008885963117619662
2021-07-07,0.0035340010119009335,0.0013654397443150336,0.0035340010119009335,-0.000803121523270866
2021-07-08,-0.0081479618619974,-0.00900982009387983,-0.0081479618619974,-0.00987167832576226
2021-07-09,0.010674820536796581,0.01860731875355539,0.010674820536796581,0.026539816970314198
2021-07-12,0.0035818183621569855,-0.0022820703667356702,0.0035818183621569855,-0.008145959095628326
2021-07-13,-0.0034089709997815465,-0.008909833834453203,-0.0034089709997815465,-0.014410696669124862
2021-07-14,0.0014921784037522645,-0.017339527527779567,0.0014921784037522645,-0.0361712334593114
2021-07-15,-0.0034153118873209154,-0.0110110673242035,-0.0034153118873209154,-0.018606822761086085
2021-07-16,-0.0078438418561112,-0.012202162912022406,-0.0078438418561112,-0.016560483967933613
2021-07-19,-0.014767764735009736,-0.0047862957750153395,-0.014767764735009736,0.005195173184979057
2021-07-20,0.014330391637605189,0.012474944635648756,0.014330391637605189,0.010619497633692323
2021-07-21,0.008096419225344986,0.014899728491054743,0.008096419225344986,0.0217030377567645
2021-07-22,0.00209391455288932,-0.0003182418066715715,0.00209391455288932,-0.002730398166232463
2021-07-23,0.010288081190626297,0.006749858787552876,0.010288081190626297,0.0032116363844794564
2021-07-26,0.0024548923134894984,0.009861679893327584,0.0024548923134894984,0.01726846747316567
2021-07-27,-0.00455766339734387,-0.014060636121081934,-0.00455766339734387,-0.02356360884482
2021-07-28,-0.000410089458392604,0.009701884576511648,-0.000410089458392604,0.0198138586114159
2021-07-29,0.004147429283651416,-0.007962573266070548,0.004147429283651416,-0.020072575815792512
2021-07-30,-0.004856543674618852,-0.005727833196790622,-0.004856543674618852,-0.006599122718962391
2021-08-02,-0.0020979667905745014,0.006059570224511014,-0.0020979667905745014,0.01421710723959653
2021-08-03,0.008135625727667462,0.0109454156931875,0.008135625727667462,0.01375520565870754
2021-08-04,-0.004919214881083378,0.033383623006901654,-0.004919214881083378,0.07168646089488669
2021-08-05,0.006333034839571372,-0.0004614695086628297,0.006333034839571372,-0.007255973856897031
2021-08-06,0.0016523503165006836,0.0022076492374846764,0.0016523503165006836,0.002762948158468669
2021-08-09,-0.0008133616506403873,0.013402233458356037,-0.0008133616506403873,0.02761782856735246
2021-08-10,0.0012439187886246206,-0.002605224982900315,0.0012439187886246206,-0.006454368754425251
2021-08-11,0.002484673384125946,0.0056890676975560155,0.002484673384125946,0.008893462010986085
2021-08-12,0.002997052788309418,-0.00619546626450527,0.002997052788309418,-0.015387985317319958
2021-08-13,0.001819784093734178,0.003196945863652171,0.001819784093734178,0.004574107633570164
2021-08-16,0.0023548157402206726,-0.015727174322362474,0.0023548157402206726,-0.03380916438494562
2021-08-17,-0.0065553223953943585,-0.007451149212847055,-0.0065553223953943585,-0.008346976030299751
2021-08-18,-0.01078327773416565,0.004548157639925006,-0.01094479509458779,0.0200411103744378
2021-08-19,0.0015480188693826058,-0.013600469032623104,0.0015480188693826058,-0.028748956934628814
2021-08-20,0.007941754891266738,0.007651739378673214,0.007957331501305065,0.007346147256041362
2021-08-23,0.008796457564359317,0.01307656802707838,0.008796457564359317,0.017356678489797443
2021-08-24,0.002644627605483158,0.022303888208494778,0.001587370632633922,0.043020405784355634
2021-08-25,0.0020380948646665288,-0.0007765338471171653,0.002098179943635703,-0.0036512476378700335
2021-08-26,-0.0065354728679040755,-0.01469515232017816,-0.00590303319446861,-0.02348727144588771
2021-08-27,0.008780561988476532,0.0051018991635938035,0.008940972203268727,0.0012628261239188798
2021-08-30,0.0054171758638384545,0.01540724666784609,0.004397434598980787,0.026417058736711393
2021-08-31,-0.001481442857976023,-0.004020480755034469,-0.001481442857976023,-0.006559518652092915
2021-09-01,0.0006484884179763725,0.0028241302487800003,0.0005313975922107694,0.005116862905349231
2021-09-02,0.0031493390396388887,0.006500876974449239,0.003076773990357884,0.009924979958540595
2021-09-03,5.339391584774215e-05,0.0038619566882303457,-0.0002428125896750677,0.007966725966135759
2021-09-07,-0.003575473699905962,0.003034795252467616,-0.003575473699905962,0.009645064204841194
2021-09-08,-0.0021317210776695345,-0.019101868816294037,-0.0012184275220158414,-0.03698531011057223
2021-09-09,-0.004052904618619016,0.006385769625693578,-0.004280215144522259,0.017051754395909415
2021-09-10,-0.006609531141296539,0.009772529408233544,-0.00788453017591384,0.02742958899238093
2021-09-13,0.002559328852101528,-0.009449621794606797,0.002559328852101528,-0.021458572441315122
2021-09-14,-0.005684675164483952,-0.01105616009923281,-0.005396362215631556,-0.016715957982834064
2021-09-15,0.008404891688008521,0.01081579207269411,0.008352494820091705,0.013279089325296516
2021-09-16,-0.0006214888514811372,0.01177830411627921,-0.0015852458715621687,0.02514185410412059
2021-09-17,-0.00974099055339206,0.002048708243758154,-0.00974099055339206,0.013838407040908367
2021-09-20,-0.016799257888464057,-0.019126426365390154,-0.016674286273404948,-0.02157856645737536
2021-09-21,-0.0004981319274528826,0.019862077139170205,-0.0009446266341597287,0.04066878091250014
2021-09-22,0.009621749351141875,0.007913984899745432,0.009754965976145114,0.00607300382334575
2021-09-23,0.012149940559048167,0.012460073396098777,0.012149940559048167,0.012770206233149388
2021-09-24,0.0005643967815089786,-0.00596201911939614,0.0016472021451907626,-0.013571240383983043
2021-09-27,-0.0028609428749343246,-0.0010621769182947657,-0.0028609428749343246,0.0007365890383447932
2021-09-28,-0.02194922114130394,-0.0327952573919921,-0.020151862344515048,-0.04543865243946915
2021-09-29,0.0016831298332224964,0.0018017413799212088,0.0016831298332224964,0.0019203529266199212
2021-09-30,-0.012201858023135712,-0.012077482486285516,-0.012222428480055059,-0.011932536492515971
2021-10-01,0.01105584992672654,0.0064879050247481,0.011884340150430717,0.0010914698990654838
2021-10-04,-0.013271143861600146,-0.015167739508984885,-0.012896147207988262,-0.017439331809981508
2021-10-05,0.010111848030169122,0.008583468602386237,0.010405026208191392,0.00676191099658108
2021-10-06,0.005267925780833657,0.008852955574400521,0.00415621334047378,0.013549697808327262
2021-10-07,0.008668182085088285,0.00897454318651391,0.008645551376766925,0.009303534996260895
2021-10-08,-0.003171741686364195,-0.01112755360386978,-0.0018236696212392545,-0.020431437586500307
2021-10-11,-0.0066817434906564525,-0.003279458487910248,-0.007239684639833932,0.0006807676640134356
2021-10-12,-0.002062893733554916,-0.0006196778959804351,-0.002461785459936694,0.0012224296679758237
2021-10-13,0.0038322688107395525,0.008393051555312019,0.003597672611568292,0.013188430499055746
2021-10-14,0.017631607437118807,0.022907226256192393,0.016820584744366762,0.028993867768018024
2021-10-15,0.007903958402739893,0.009843249561750131,0.007615860533854324,0.012070638589645936
2021-10-18,0.004689714758039292,0.011395542525252737,0.0029606254890446326,0.01983045956146084
2021-10-19,0.008497887582223177,0.01161382154438486,0.007714809565955605,0.015512833522814117
2021-10-20,0.003922575980451842,0.003909331400348679,0.003927628581359421,0.003891034219337936
2021-10-21,0.002740013661478666,0.003813353783591979,0.002608389799305888,0.00501831776787807
2021-10-22,-0.0014214829215222905,-0.003121004155478471,-0.0010361019725337872,-0.005205906338423155
2021-10-25,0.009005499071979766,0.02551768073784974,0.005362651696722676,0.045672709778976806
2021-10-26,-0.00029945959981819074,-0.003786503874722082,0.0009000946787312003,-0.008473102428175365
2021-10-27,-0.004782593302507329,-0.008373907642825619,-0.004430320021284628,-0.01231749526436661
2021-10-28,0.01608165465690046,0.04866109275071559,0.009648874870881397,0.08767331063054978
2021-10-29,0.0030190778221916474,0.008178731495760209,0.002029131905935788,0.01432833108558463
2021-11-01,0.0037426192486671346,0.01028095751983636,0.0017203353536563437,0.018841579686016376
2021-11-02,0.0032962609822580887,0.0008251720607447798,0.004043019887922217,-0.0023926757664326573
2021-11-03,0.0076297238395296695,0.011071192318960133,0.0061052604574918234,0.016037124180428443
2021-11-04,0.005636682205154231,0.007766680402915413,0.004712490891028098,0.010820869914802727
2021-11-05,0.006275710087986826,0.010908878733885748,0.003469789773314691,0.018347967694456804
2021-11-08,0.008585934923950435,0.02160958108653629,0.0008535992028007033,0.04236556297027188
2021-11-09,0.01038098215730264,0.027330185282765738,-0.0033055058762707645,0.05796587644180224
2021-11-10,-0.018193823247074012,-0.03665392927357567,-0.008044810319435158,-0.06526304822771618
2021-11-11,0.018730894927749542,0.04322838341392134,0.00032346361938606627,0.08613330320845661
2021-11-12,0.00858850325212939,0.01000211093026385,0.007546998579719411,0.01245722328080829
2021-11-15,0.012255568081422644,0.024256538740212615,0.00034241585262062557,0.048170661627804603
2021-11-16,0.026068695679171028,0.058375151940539514,0.003957698204386739,0.11279260567669229
2021-11-17,-0.01234064280022224,-0.023065935477866284,-0.002429142814763252,-0.043702728140969316
2021-11-18,-0.012850836869107245,-0.03842828122666728,0.003396425146865889,-0.08025298760020044
2021-11-19,0.012708982597862765,0.02957677828123409,-0.0017882341978200378,0.06094179076028822
2021-11-22,-0.01539341050039102,-0.036777555182381974,-0.002815412316184318,-0.07073969804857963
2021-11-23,0.002314869720793711,0.0035526047411768543,0.0013263392910929372,0.005778870191260771
2021-11-24,0.0011175299788885142,-0.0017381407383808664,0.0026697026608029084,-0.006145984137564641
2021-11-26,-0.021001189241952968,-0.019245418709323305,-0.022303115470537205,-0.016187721948109406
2021-11-29,0.017078553986697928,0.031116458988387507,0.012266532396356888,0.049966385580418125
2021-11-30,-0.020356206710982525,-0.022185425428267243,-0.019457748295102162,-0.024913102561432327
2021-12-01,-0.017331201506125167,-0.03027251394437607,-0.011107061030062537,-0.049437966858689605
2021-12-02,0.008510553567263275,-0.014525530447211499,0.01531618114030131,-0.04436724203472431
2021-12-03,-0.010859872519759776,-0.025103158687231578,-0.00870123348991736,-0.041505083884545796
2021-12-06,0.013154253518878164,0.01820434094683707,0.01184345365839179,0.02456522823528235
2021-12-07,0.020684831271925885,0.019760334099632796,0.020684831271925885,0.018835836927339707
2021-12-08,0.003575092454870422,0.013790752775883437,0.002647895386734156,0.02493361016503272
2021-12-09,-0.01020093457595581,-0.049973957976410875,-0.006751440243123796,-0.09319647570969795
2021-12-10,0.007581028763622934,-0.0024630893819942686,0.00941335132051968,-0.014339530084508218
2021-12-13,-0.008858232448443193,0.0007728259439964249,-0.008858232448443193,0.010403884336436043
2021-12-14,-0.006389162962740252,-0.0009602277018697343,-0.006880102265451438,0.004959646861711969
2021-12-15,0.015073125012784162,0.00867520331392714,0.015625029477067898,0.0017253771507863827
2021-12-16,-0.010878743618349597,-0.02221943908356606,-0.008818488238323652,-0.03562038992880847
2021-12-17,-0.010643060490514,-0.013943681300709793,-0.010643060490514,-0.017244302110905586
2021-12-20,-0.011998176656660644,-0.027139991905549284,-0.010633238476261964,-0.043646745334836604
2021-12-21,0.018612641398940574,0.028559212552539043,0.01775903722103367,0.03935938788404442
2021-12-22,0.009796341378778084,0.008677672215400029,0.009998566845842216,0.007356777584957841
2021-12-23,0.006222137174674236,0.006843846491805394,0.006222137174674236,0.007465555808936552
2021-12-27,0.01521167787052766,0.02699685221773689,0.01415210399361344,0.03984160044186034
2021-12-28,-0.002394145867310335,-0.02081649046636362,-0.0008172054844228782,-0.040815775448304364
2021-12-29,0.00027225969491108284,-0.005315724235545728,0.0012793444127761067,-0.011910792883867562
2021-12-30,-0.0027646774799697793,0.01874225330330051,-0.0027646774799697793,0.0402491840865708
2021-12-31,-0.0028885875413969786,-0.006997282169788254,-0.002520089266204395,-0.011474475073372114
2022-01-03,0.00647784582191232,0.014536132864357518,0.005789846314382396,0.02328241941433264
2022-01-04,-0.002382060477293705,-0.013763612688744244,-0.00033490816938208656,-0.0271923172081064
2022-01-05,-0.01920215969574557,-0.052883950656594514,-0.01920215969574557,-0.08656574161744346
2022-01-06,-0.0008615184152333951,9.361434931607704e-06,-0.0009393262213083231,0.0009580490911715385
2022-01-07,-0.0023799411919326373,0.016160731272582753,-0.003953678020239049,0.036275140565404554
2022-01-10,-0.0029791138583016943,-0.012675281038815003,-0.0012442140585321448,-0.024106348019097862
2022-01-11,0.009108111944253983,0.030548319557942065,0.009108111944253983,0.05198852717163015
2022-01-12,0.002720928023158985,0.0029136965300851684,0.0027037187929161988,0.003123674267254138
2022-01-13,-0.016007616138608113,-0.042238145341714814,-0.013778723825715988,-0.07069756685771364
2022-01-14,0.0004262645437207434,0.0005220355142224072,0.0004091393294782808,0.0006349316989665335
2022-01-18,-0.017709577671669807,-0.04412792520025913,-0.017709577671669807,-0.07054627272884845
2022-01-19,-0.009857460248525334,-0.003936216923435823,-0.010383613677922066,0.0025111798310504196
2022-01-20,-0.011068037518161211,-0.016129555403239865,-0.011068037518161211,-0.02119107328831852
2022-01-21,-0.01963081479551454,-0.023789567261073345,-0.01963081479551454,-0.02794831972663215
2022-01-24,0.004246891310770717,0.0027969304747273984,0.004246891310770717,0.00134696963868408
2022-01-25,-0.012209064747747633,-0.028832259626260123,-0.012209064747747633,-0.04545545450477261
2022-01-26,-0.0025087656427497107,-0.013446330033585885,-0.0025087656427497107,-0.02438389442442206
2022-01-27,-0.004937915194948683,-0.04994417887833136,-0.004937915194948683,-0.09495044256171403
2022-01-28,0.0248352880217102,0.012538520897024756,0.0248352880217102,0.000241753772339312
2022-01-31,0.018011215865293417,0.06100697239310792,0.018011215865293417,0.10400272892092242
2022-02-01,0.0067568711026462225,0.025428223521592734,0.0067568711026462225,0.044099575940539246
2022-02-02,0.009714103413440922,-0.02786706906950577,0.009714103413440922,-0.06544824155245246
2022-02-03,-0.023505059865748912,-0.03615546725709434,-0.023505059865748912,-0.04880587464843978
2022-02-04,0.004702313021057503,0.016037778996667532,0.004702313021057503,0.027373244972277562
2022-02-07,-0.003209193653514464,-0.009199903138486136,-0.003209193653514464,-0.015190612623457809
2022-02-08,0.008227885263613288,0.01622084998767449,0.008227885263613288,0.02421381471173569
2022-02-09,0.0146360305830453,0.03740725687535037,0.0146360305830453,0.060178483167655436
2022-02-10,-0.017965698291035004,-0.010606667495611274,-0.017965698291035004,-0.0032476367001875437
2022-02-11,-0.019718789419628235,-0.04177756395193244,-0.019718789419628235,-0.06383633848423664
2022-02-14,-0.0032692307833167566,0.0173046909521652,-0.0032692307833167566,0.037878612687647154
2022-02-15,0.016126837124610827,0.030472771439557848,0.016126837124610827,0.04481870575450487
2022-02-16,0.0011207567078521663,-0.0032512639565447955,0.0011207567078521663,-0.007623284620941757
2022-02-17,-0.02136134392832878,-0.029166630781598774,-0.02136134392832878,-0.03697191763486877
2022-02-18,-0.006475057100941872,-0.014134911791733713,-0.006475057100941872,-0.021794766482525554
2022-02-22,-0.01073157800261293,-0.030868347988847356,-0.01073157800261293,-0.05100511797508178
2022-02-23,-0.01773861831823942,-0.038546402795470516,-0.01773861831823942,-0.059354187272701614
2022-02-24,0.01504918372720998,0.045023427454037465,0.01504918372720998,0.07499767118086495
2022-02-25,0.022063810586989252,0.02116139546079788,0.022063810586989252,0.020258980334606505
2022-02-28,-0.0025585090823572187,0.029962120355365204,-0.0025585090823572187,0.06248274979308763
2022-03-01,-0.015230238750074454,-0.05290008257562847,-0.015230238750074454,-0.09056992640118249
2022-03-02,0.018396318860423033,-0.015333842194602886,0.018396318860423033,-0.049064003249628806
2022-03-03,-0.004978416008910802,-0.04138805966344995,-0.004978416008910802,-0.0777977033179891
2022-03-04,-0.008124858388089962,-0.01863852011549818,-0.008124858388089962,-0.029152181842906397
2022-03-07,-0.029479171052470443,-0.025078105950932524,-0.029479171052470443,-0.020677040849394607
2022-03-08,-0.007581570825478612,0.006067092879386653,-0.007581570825478612,0.01971575658425192
2022-03-09,0.026810645976190317,0.035277939922814486,0.026810645976190317,0.04374523386943866
2022-03-10,-0.004515339768391358,-0.018927772938845424,-0.004515339768391358,-0.03334020610929949
2022-03-11,-0.012715220017512685,-0.037736522480474016,-0.012715220017512685,-0.06275782494343535
2022-03-14,-0.007308354048195853,-0.03374983978565073,-0.007308354048195853,-0.0601913255231056
2022-03-15,0.02199054194863348,0.02540015663769065,0.02199054194863348,0.028809771326747818
2022-03-16,0.022174011194049603,0.061409269596154434,0.022174011194049603,0.10064452799825926
2022-03-17,0.012511085045013415,0.02581601924276233,0.012511085045013415,0.039120953440511246
2022-03-18,0.010952754064776027,0.034005864631641444,0.010952754064776027,0.05705897519850686
2022-03-21,-0.0002923067962415926,-0.012223891031142865,-0.0002923067962415926,-0.024155475266044137
2022-03-22,0.011701263402367656,0.028285010075617446,0.011701263402367656,0.044868756748867235
2022-03-23,-0.012878278230099793,-0.017445626478817026,-0.012878278230099793,-0.022012974727534256
2022-03-24,0.015074235200247088,0.018161042867093205,0.015074235200247088,0.02124785053393932
2022-03-25,0.004883728982848501,-0.02101497786261654,0.004883728982848501,-0.046913684708081584
2022-03-28,0.007112905609330422,0.007642028614477294,0.007112905609330422,0.008171151619624166
2022-03-29,0.012370941293036841,0.0660742602333656,0.012370941293036841,0.11977757917369435
2022-03-30,-0.0061748654899072,-0.02101373967017015,-0.0061748654899072,-0.0358526138504331
2022-03-31,-0.015391197703713444,-0.02546943188113337,-0.015391197703713444,-0.03554766605855329
2022-04-01,0.0028340447701737936,-0.013402490404711566,0.0028340447701737936,-0.029639025579596925
2022-04-04,0.008566587022789118,0.019396855138262795,0.008566587022789118,0.03022712325373647
2022-04-05,-0.012631427310519805,-0.04119468487637183,-0.012631427310519805,-0.06975794244222386
2022-04-06,-0.009999283346067922,-0.02356871824992126,-0.009999283346067922,-0.0371381531537746
2022-04-07,0.0050389389250955485,-0.007758324609806782,0.0050389389250955485,-0.020555588144709112
2022-04-08,-0.0026738598362515686,-0.013852105796350487,-0.0026738598362515686,-0.025030351756449406
2022-04-11,-0.017092284467122854,-0.0050281064150992085,-0.017092284467122854,0.0070360716369244364
2022-04-12,-0.0037051271769057426,-0.011183712706018038,-0.0037051271769057426,-0.018662298235130333
2022-04-13,0.011453400408031111,0.03292264396706143,0.011453400408031111,0.054391887526091746
2022-04-14,-0.012451868084925488,-0.015254212769150673,-0.012451868084925488,-0.01805655745337586
2022-04-18,0.0004111860229958353,-0.019923892157265102,0.0004111860229958353,-0.04025897033752604
2022-04-19,0.016142827422567896,0.02903232746358969,0.016142827422567896,0.041921827504611486
2022-04-20,-0.0007416205442333235,-0.026916195399407233,-0.0007416205442333235,-0.05309077025458114
2022-04-21,-0.014953493537247398,-0.03226548166728358,-0.014953493537247398,-0.049577469797319765
2022-04-22,-0.027439162053006227,-0.017770115465187586,-0.027439162053006227,-0.008101068877368943
2022-04-25,0.00579737475062303,0.008868815687638915,0.00579737475062303,0.0119402566246548
2022-04-26,-0.028960525419062577,-0.053010706274016946,-0.028960525419062577,-0.07706088712897131
2022-04-27,0.002811680625359303,0.0072902753081851915,0.002811680625359303,0.01176886999101108
2022-04-28,0.025259379763915568,0.03341650511654053,0.025259379763915568,0.0415736304691655
2022-04-29,-0.03695548148730088,-0.039013752915423354,-0.03695548148730088,-0.04107202434354583
2022-05-02,0.006019369273019937,0.026184465947924607,0.006019369273019937,0.04634956262282928
2022-05-03,0.004583890480145625,0.0016915092533015012,0.004583890480145625,-0.0012008719735426224
2022-05-04,0.03045296594102287,0.03197165142368105,0.03045296594102287,0.03349033690633924
2022-05-05,-0.03554276067976925,-0.05969611998507023,-0.03554276067976925,-0.08384947929037122
2022-05-06,-0.005968869729381265,-0.02446313563152091,-0.005968869729381265,-0.04295740153366055
2022-05-09,-0.032017306753734154,-0.08541331854063172,-0.032017306753734154,-0.1388093303275293
2022-05-10,0.0023105056601895324,-0.0004283277787407369,0.0023105056601895324,-0.003167161217671006
2022-05-11,-0.015886026585802182,-0.057830920754679334,-0.015886026585802182,-0.09977581492355649
2022-05-12,-0.001044183514577135,0.057963809335161744,-0.001044183514577135,0.11697180218490062
2022-05-13,0.023908031541711283,0.05027902772820175,0.023908031541711283,0.07665002391469222
2022-05-16,-0.004057532090171012,-0.03269385967696224,-0.004057532090171012,-0.06133018726375347
2022-05-17,0.02057023855373674,0.04413421500070329,0.02057023855373674,0.06769819144766984
2022-05-18,-0.04031150107777859,-0.033218147732921116,-0.04031150107777859,-0.026124794388063644
2022-05-19,-0.00612461763716865,0.05058943740712518,-0.00612461763716865,0.10730349245141901
2022-05-20,0.00043661162293662237,-0.0013358600264882377,0.00043661162293662237,-0.003108331675913098
2022-05-23,0.01871005750406929,-0.0020669473299529117,0.01871005750406929,-0.022843952163975112
2022-05-24,-0.0076339168546359915,-0.03592662615183669,-0.0076339168546359915,-0.06421933544903739
2022-05-25,0.008834971925135715,0.012242790008151393,0.008834971925135715,0.01565060809116707
2022-05-26,0.019981466761213262,0.03788606650933147,0.019981466761213262,0.055790666257449675
2022-05-27,0.024549173732492102,0.0391894267271461,0.024549173732492102,0.0538296797218001
2022-05-31,-0.005611036499697186,0.006507164476531435,-0.005611036499697186,0.018625365452760057
2022-06-01,-0.00808854719105867,-0.01436412279452161,-0.00808854719105867,-0.02063969839798455
2022-06-02,0.019043354849287653,0.03390517744706659,0.019043354849287653,0.048767000044845514
2022-06-03,-0.016411246363339016,-0.029502969746372003,-0.016411246363339016,-0.04259469312940499
2022-06-06,0.0030445170724691106,-0.009491911181343845,0.0030445170724691106,-0.0220283394351568
2022-06-07,0.009592181731046256,0.012944315164865066,0.009592181731046256,0.016296448598683875
2022-06-08,-0.010872130773160182,0.011012755429715911,-0.010872130773160182,0.032897641632592005
2022-06-09,-0.023782773366391008,-0.030224032808736312,-0.023782773366391008,-0.036665292251081616
2022-06-10,-0.028995617164243925,-0.0294106140468457,-0.028995617164243925,-0.029825610929447473
2022-06-13,-0.03796816629278599,-0.051710379102768586,-0.03796816629278599,-0.06545259191275118
2022-06-14,-0.0030134049563413923,0.005336535044898413,-0.0030134049563413923,0.013686475046138218
2022-06-15,0.014256179204611419,0.0342630905671982,0.014256179204611419,0.05427000192978498
2022-06-16,-0.033095923352309375,-0.05774122084367524,-0.033095923352309375,-0.0823865183350411
2022-06-17,0.0021557994962608795,-0.0015305741229419472,0.0021557994962608795,-0.005216947742144774
2022-06-21,0.02517365495259627,0.0699871528818609,0.02517365495259627,0.11480065081112553
2022-06-22,-0.0018129937193266388,-0.014225715964450448,-0.0018129937193266388,-0.026638438209574258
2022-06-23,0.009802507697021401,0.025106265460842013,0.009802507697021401,0.040410023224662625
2022-06-24,0.031793777909693954,0.024046631112143148,0.031793777909693954,0.016299484314592345
2022-06-27,-0.003819691388770252,-0.022517148531331608,-0.003819691388770252,-0.041214605673892964
2022-06-28,-0.02043274024871644,-0.035276109930883134,-0.02043274024871644,-0.05011947961304983
2022-06-29,-0.0008143786286856081,-0.01024575020120922,-0.0008143786286856081,-0.019677121773732834
2022-06-30,-0.00812440645254231,-0.012605512165369863,-0.00812440645254231,-0.017086617878197416
2022-07-01,0.010576567852204732,-0.0010068757529765873,0.010576567852204732,-0.012590319358157907
2022-07-05,0.0018884841777080386,0.03362414325496724,0.0018884841777080386,0.06535980233222644
2022-07-06,0.003377470850826958,0.03234849561521984,0.003377470850826958,0.06131952037961272
2022-07-07,0.014977164920612074,0.03738831837511308,0.014977164920612074,0.0597994718296141
2022-07-08,-0.0008226040258201284,-0.0017259676409188778,-0.0008226040258201284,-0.002629331256017627
2022-07-11,-0.0114236866389823,-0.034041503713171044,-0.0114236866389823,-0.05665932078735979
2022-07-12,-0.008848861987340917,0.003776918893381942,-0.008848861987340917,0.0164026997741048
2022-07-13,-0.0052516052200881624,0.003897854314507793,-0.0052516052200881624,0.013047313849103749
2022-07-14,-0.0024285831788259937,-0.0018259600246201615,-0.0024285831788259937,-0.0012233368704143292
2022-07-15,0.01910505743592683,0.020893454125173724,0.01910505743592683,0.02268185081442062
2022-07-18,-0.008257016293598207,0.007984863192666053,-0.008257016293598207,0.024226742678930314
2022-07-19,0.02701946749866435,0.017346875835202787,0.02701946749866435,0.0076742841717412184
2022-07-20,0.006373142575002433,0.018639573024303357,0.006373142575002433,0.030906003473604282
2022-07-21,0.01018318555542086,0.022448900341032967,0.01018318555542086,0.034714615126645074
2022-07-22,-0.009278144624833007,-0.0297998243364632,-0.009278144624833007,-0.05032150404809339
2022-07-25,0.00121485508062813,-0.0022517882270023572,0.00121485508062813,-0.0057184315346328445
2022-07-26,-0.01183095047692484,-0.006565904863775545,-0.01183095047692484,-0.0013008592506262495
2022-07-27,0.02596631215333489,0.019310145749924918,0.02596631215333489,0.012653979346514944
2022-07-28,0.012542370797067326,0.02966628768649171,0.012542370797067326,0.046790204575916094
2022-07-29,0.014578703389710235,0.011952485795196935,0.014578703389710235,0.009326268200683635
2022-08-01,-0.0029612125923047516,-0.011414087810320082,-0.0029612125923047516,-0.019866963028335412
2022-08-02,-0.0065973831253434145,0.024030052009956504,-0.0065973831253434145,0.05465748714525642
2022-08-03,0.01565952090206779,0.03509116026338105,0.01565952090206779,0.05452279962469431
2022-08-04,-0.0006755619650964384,0.041115154944828404,-0.0006755619650964384,0.08290587185475325
2022-08-05,-0.0016902399468030627,0.02069994564231729,-0.0016902399468030627,0.043090131231437644
2022-08-08,-0.0011609286964859855,-0.003875450540488221,-0.0011609286964859855,-0.006589972384490456
2022-08-09,-0.0039707740853797135,-0.01856623445925316,-0.0039707740853797135,-0.03316169483312661
2022-08-10,0.02100378528079916,0.02845528149305159,0.02100378528079916,0.035906777705304024
2022-08-11,0.0,0.007555567470076394,0.0,0.015111134940152787
2022-08-12,0.016929179007674655,0.019543010518371536,0.016929179007674655,0.022156842029068417
2022-08-15,0.004120617822744199,-0.0038861104902838655,0.004120617822744199,-0.01189283880331193
2022-08-16,0.001958811931876747,-0.011761387132316557,0.001958811931876747,-0.02548158619650986
2022-08-17,-0.00709806504281596,-0.014095960699395158,-0.00709806504281596,-0.021093856355974355
2022-08-18,0.0029063751779752067,-0.0034759481299796117,0.0029063751779752067,-0.00985827143793443
2022-08-19,-0.013437860504006194,-0.018749729972447813,-0.013437860504006194,-0.024061599440889432
2022-08-22,-0.02082263689019659,-0.02259465832698143,-0.02082263689019659,-0.024366679763766275
2022-08-23,-0.002419374394778684,0.01242813073476079,-0.002419374394778684,0.027275635864300263
2022-08-24,0.0032013224977693877,0.0068789548385851385,0.0032013224977693877,0.01055658717940089
2022-08-25,0.014117556529293473,0.011332296518648421,0.014117556529293473,0.00854703650800337
2022-08-26,-0.033849078136540034,-0.04533009906140417,-0.033849078136540034,-0.05681111998626831
2022-08-29,-0.00661214461480697,-0.010793474666777436,-0.00661214461480697,-0.014974804718747903
2022-08-30,-0.010977972789026902,-0.0036309210562223138,-0.010977972789026902,0.0037161306765822744
2022-08-31,-0.007608869342152991,-0.009694822569384975,-0.007608869342152991,-0.01178077579661696
2022-09-01,0.003137660721137747,3.6200936797181615e-05,0.003137660721137747,-0.003065258847543384
2022-09-02,-0.01054431429724556,-0.007663679848871674,-0.01054431429724556,-0.004783045400497787
2022-09-06,-0.0037731834630141403,0.01716595644523078,-0.0037731834630141403,0.0381050963534757
2022-09-07,0.0179649129823376,0.024194097974193807,0.0179649129823376,0.030423282966050014
2022-09-08,0.006536287104895511,0.0010217125910572666,0.006536287104895511,-0.004492861922780977
2022-09-09,0.015535261417731983,0.03597519955862982,0.015535261417731983,0.05641513769952766
2022-09-12,0.010747761818237667,0.005984208122557733,0.010747761818237667,0.0012206544268777986
2022-09-13,-0.04348253986881323,-0.04307625270865523,-0.04348253986881323,-0.042669965548497224
2022-09-14,0.003815926067766373,0.0019079630338831866,0.003815926067766373,0.0
2022-09-15,-0.011353456840600407,-0.00504000932569848,-0.011353456840600407,0.0012734381892034463
2022-09-16,-0.007628912540940225,-0.013830318747022285,-0.007628912540940225,-0.020031724953104346
2022-09-19,0.007755058858193387,0.00939342250687758,0.007755058858193387,0.011031786155561774
2022-09-20,-0.011478390231285829,-0.020662186519824655,-0.011478390231285829,-0.02984598280836348
2022-09-21,-0.017443915591835446,-0.024104042639910006,-0.017443915591835446,-0.030764169687984566
2022-09-22,-0.008399831825893322,-0.013244228248710466,-0.008399831825893322,-0.01808862467152761
2022-09-23,-0.016754988673533533,-0.026625764292518117,-0.016754988673533533,-0.0364965399115027
2022-09-26,-0.009892533438548567,-0.009275207836277,-0.009892533438548567,-0.008657882234005432
2022-09-27,-0.002552864634355001,0.0025445406555243966,-0.002552864634355001,0.007641945945403794
2022-09-28,0.02000528785087734,0.025728405037178215,0.019676412204541638,0.03178039786981479
2022-09-29,-0.020888922936026177,-0.022345006842951765,-0.020888922936026177,-0.02380109074987735
2022-09-30,-0.014487353794557395,-0.008628225294932013,-0.015463559086239864,-0.001792891503624161
2023-06-16,-0.00340632579065947,-0.06600189988022359,-0.00340632579065947,-0.1285974739697877
2023-06-20,-0.0048239796826732165,0.0010756877827690636,-0.005188041684732192,0.007339417250270319
2023-06-21,-0.0049918462394330995,-0.0037328518540996614,-0.00512377938154851,-0.0023419243266508127
2023-06-22,0.0051324634248494025,0.012498629098969039,0.0036096814749142503,0.021387576723023827
2023-06-23,-0.0035611365882951716,0.008860494219714188,-0.007559953397250907,0.025280941836679283
2023-06-26,0.00659360032206742,0.028343088364857716,-0.004085891364385863,0.060772068094101295
2023-06-27,0.01673041893062249,0.04023160249987756,0.010963344143501974,0.06949986085625315
2023-06-28,-0.011778386612667899,-0.03641077895833189,0.0005044620291365653,-0.07332601994580035
2023-06-29,0.0066807991430279726,0.01760682970737959,0.003941455589723031,0.03127220382503615
2023-06-30,-0.00013050407046327067,-0.02373437684557811,0.011800671732868473,-0.05926942542402469
2023-07-03,-0.0026200037942681106,-0.017373460037711064,0.0011505449628081976,-0.035897465038230325
2023-07-05,-0.0074088145040940865,-0.018980658711327036,-0.0014871876504778392,-0.036474129772176234
2023-07-06,-0.0038761366985063063,0.011331753155224389,-0.007830705558474094,0.03049421186892287
2023-07-07,-0.0015628771958919193,0.0040946876882287375,-0.002524863418720935,0.01071423879517841
2023-07-10,0.009200989521440018,0.05654075579395179,0.0025312544905877754,0.11055025709731581
2023-07-11,0.008659511250013721,0.019661562025968804,0.006368561257859229,0.03295456279407838
2023-07-12,0.01089456935712626,0.07619009350131467,0.008045809698441042,0.1443343773041883
2023-07-13,0.0037431906742367333,-0.03765808570453322,0.007937013672554949,-0.08325318508162138
2023-07-14,-0.0006081936817936439,-0.00041636703090852656,-0.000622957716044148,-0.00020977634577290516
2023-07-17,0.0031986731222903844,0.0012117575600885666,0.0034723768567215263,-0.001048861736544393
2023-07-18,0.01063383306037772,0.03941459054451135,0.007430575416178531,0.07139860567284417
2023-07-19,-0.001600278838019665,-0.023388387911803366,0.0022236157398860534,-0.049000391563492784
2023-07-20,-0.005822382912762827,0.007400014505301644,-0.006634449672731857,0.021434478683335145
2023-07-21,-0.0008466102267386476,-0.007869275346857663,0.0,-0.015738550693715325
2023-07-24,0.008285885513665504,0.04835913690639271,0.004467348995011999,0.09225092481777342
2023-07-25,0.0007129718692665443,-0.012054640614836465,0.0027300644523589046,-0.026839345682031834
2023-07-26,7.3331492056409446e-06,-0.0020446150165499,0.00015372874182983942,-0.004242958774929639
2023-07-27,-0.008218177667194657,-0.020262477672975454,-0.006629933773295238,-0.03389502157265567
2023-07-28,0.012242684362019937,0.0352679724446483,0.009790180767135448,0.06074576412216115
2023-07-31,0.0075491895986452,0.04064211928516537,0.0019041445417558034,0.07938009402857493
2023-08-01,-0.0028406510616032577,-0.002481426530649866,-0.0028616635918145006,-0.0021011894694852318
2023-08-02,-0.014721857308271238,-0.02160706675085272,-0.013910712998849495,-0.029303420502855948
2023-08-03,-0.0024657449027426807,0.0018208462389934787,-0.0028659107819104523,0.00650760325989741
2023-08-04,-0.0069326487561689465,-0.022376380615668323,-0.004522846249483181,-0.040229914981853465
2023-08-07,0.008149242316866135,-0.00012670691782362686,0.008728613757377879,-0.008982027593025133
2023-08-08,-0.006760686980225349,-0.02530497178469232,-0.00434859905856555,-0.04626134451081909
2023-08-09,-0.008667180221000572,-0.02759523901942562,-0.006685290360044394,-0.04850518767880685
2023-08-10,0.00037798524024588493,0.0004915407691959972,0.0003588872304502999,0.0006241943079416945
2023-08-11,-0.0003494506449071211,0.0037633685316807997,-0.0005830443550409736,0.008109781418402573
2023-08-14,0.004562118709826958,-0.0037375777973497337,0.005519916065034547,-0.012995071659734014
2023-08-15,-0.012434941109156343,-0.02108039027989045,-0.01164878200115449,-0.030511998558626408
2023-08-16,-0.006080554079176817,0.002151123555987622,-0.007338212526570076,0.01164045963854532
2023-08-17,-0.010451075300857706,-0.0523929466979422,-0.007619872862359989,-0.09716602053352441
2023-08-18,0.0014372034223035755,0.008973256130462404,0.0004812845733705995,0.017465227687554208
2023-08-21,0.004686274735137394,-0.013216347628964786,0.0065063435622556565,-0.03293903882018523
2023-08-22,-0.0007223193094788643,0.0113586052148959,-0.002708584921804147,0.025425795351595948
2023-08-23,0.012494291699521508,0.030013290874610465,0.011137689291024655,0.048888892458196276
2023-08-24,-0.015975659355324426,-0.03134964345060026,-0.013858996552035818,-0.048840290349164706
2023-08-25,0.005480343674321096,-0.008550185971334778,0.0070497466304602074,-0.024150118573129764
2023-08-28,0.006424111643580222,0.006894944980085471,0.006341514629879308,0.0074483753302916345
2023-08-29,0.015916639643559494,0.03906611114429126,0.014454708586877807,0.06367751370170471
2023-08-30,0.004991314471830575,0.012149090587130651,0.004118774074031828,0.020179407100229474
2023-08-31,-0.002458807946486625,-0.012709713642102938,-0.001463379974581902,-0.023956047309623973
2023-09-01,0.0008245063272650212,-0.005710027331693235,0.001865244922631737,-0.013285299586018207
2023-09-05,-0.0054785846792559,-0.021216261908173495,-0.004322113488284818,-0.03811041032806217
2023-09-06,-0.005797443910813139,0.001146548822418214,-0.006722257981773949,0.009015355626610377
2023-09-07,-0.00466128033706204,-0.01940490147063212,-0.003070313136632752,-0.035739489804631486
2023-09-08,-0.0018615456463693867,-0.021558594602785974,0.0015060268699220725,-0.04462321607549402
2023-09-11,0.0052214447638171775,-0.017385460091089322,0.006576678573984696,-0.04134759875616334
2023-09-12,-0.007403825346997838,-0.02364261427107356,-0.005485451188021462,-0.041799777354125656
2023-09-13,0.0006994954807477283,-0.004279553681364345,0.0011658793695661362,-0.009724986732294827
2023-09-14,0.008089613135421402,0.004655153735668989,0.008622414325409,0.0006878931459289779
2023-09-15,-0.01306548380066253,-0.027548384385676288,-0.012048225646321464,-0.04304854312503111
2023-09-18,-0.0019852363400092873,-0.021874054104348988,0.0005863062402344799,-0.044334414448932456
2023-09-19,-0.003945026015014744,-0.02191749491243403,-0.002073836536015672,-0.04176115328885239
2023-09-20,-0.011810860764584454,-0.027558091005018246,-0.009193178380782152,-0.04592300362925434
2023-09-21,-0.016528459448538313,-0.012806293433499965,-0.016528459448538313,-0.009084127418461617
2023-09-22,-0.0025543329220983537,-0.008428105449351513,-0.0022486249608142383,-0.014607585937888785
2023-09-25,0.004205229742936467,0.02891603991888545,0.004205229742936467,0.053626850094834436
2023-09-26,-0.014726842799083793,-0.015407926022022785,-0.01469139313582235,-0.01612445890822322
2023-09-27,0.00039930472612836887,-0.00573778557532925,0.00039930472612836887,-0.011874875876786869
2023-09-28,0.005797409269605369,0.0246744266671534,0.005797409269605369,0.04355144406470143
2023-09-29,-0.002427009998859142,-0.0173490146547255,-0.002427009998859142,-0.032271019310591856
2023-10-02,-0.00039766326192292034,-0.014693150598849068,-0.00039766326192292034,-0.028988637935775215
2023-10-03,-0.013386023490130183,-0.015562790252464665,-0.013386023490130183,-0.017739557014799148
2023-10-04,0.007281997368277615,0.022175072201184146,0.007281997368277615,0.03706814703409068
2023-10-05,-0.0003767914507379899,-0.011124128552839264,-0.0003767914507379899,-0.02187146565494054
2023-10-06,0.011872812763251472,0.018647519416587755,0.011872812763251472,0.025422226069924038
2023-10-09,0.006402126059647184,0.004013935514469907,0.006402126059647184,0.0016257449692926315
2023-10-10,0.005204926739893478,0.018993030729237765,0.005204926739893478,0.03278113471858205
2023-10-11,0.0040962802899118245,-0.008240324345906588,0.0040962802899118245,-0.020576928981725
2023-10-12,-0.006096469686584172,-0.02619672591877816,-0.006096469686584172,-0.046296982150972145
2023-10-13,-0.00498082809814937,-0.009690357890871703,-0.00498082809814937,-0.014399887683594036
2023-10-16,0.010521397532309518,0.016049832544515377,0.010521397532309518,0.02157826755672124
2023-10-17,-4.5869719770608164e-05,0.0037600881120962975,-4.5869719770608164e-05,0.007566045943963203
2023-10-18,-0.013325224750333375,-0.010921826127793507,-0.013325224750333375,-0.00851842750525364
2023-10-19,-0.008786204759354765,-0.02311225861678835,-0.008786204759354765,-0.037438312474221934
2023-10-20,-0.012288110789299367,-0.01807921028550847,-0.012288110789299367,-0.023870309781717572
2023-10-23,-0.001733236749181355,0.016805983857380087,-0.001733236749181355,0.03534520446394153
2023-10-24,0.00753941521290602,0.022697352536393083,0.00753941521290602,0.03785528985988015
2023-10-25,-0.014352220762665402,-0.030577527254275837,-0.014352220762665402,-0.04680283374588627
2023-10-26,-0.011974480910313168,-0.004286126239287723,-0.011974480910313168,0.003402228431737723
2023-10-27,-0.0045329034693554204,-0.00980354571882493,-0.0045329034693554204,-0.015074187968294439
2023-10-30,0.011955825161883427,0.00024593611196950613,0.011955825161883427,-0.011463952937944414
2023-10-31,0.006280136882701459,0.01306105287680801,0.006280136882701459,0.01984196887091456
2023-11-01,0.010664854916453415,0.01457654776630084,0.010664854916453415,0.018488240616148264
2023-11-02,0.01916436384566822,0.03415114701253198,0.01916436384566822,0.04913793017939575
2023-11-03,0.009123406826067049,0.01309310823493381,0.009123406826067049,0.01706280964380057
2023-11-06,0.0023004642678985388,-0.0017371135440032975,0.0023004642678985388,-0.005774691355905134
2023-11-07,0.0028460630973889955,0.019446020779859224,0.0028460630973889955,0.03604597846232945
2023-11-08,0.0007322768521034195,-0.012615759509558384,0.0007322768521034195,-0.025963795871220188
2023-11-09,-0.007798678873552567,-0.03144989602237934,-0.007798678873552567,-0.05510111317120611
2023-11-10,0.015604805353370388,0.01484114145673171,0.015604805353370388,0.014077477560093034
2023-11-13,-0.000953273221844686,-0.004289384327929533,-0.000953273221844686,-0.007625495434014379
2023-11-14,0.01940079002371431,0.024570280792534246,0.01940079002371431,0.029739771561354187
2023-11-15,0.00211709043928221,0.01883070307835671,0.00211709043928221,0.03554431571743121
2023-11-16,0.0012231900864485556,-0.008584818622540262,0.0012231900864485556,-0.01839282733152908
2023-11-17,0.0012436636477388685,0.006059059611433403,0.0012436636477388685,0.010874455575127938
2023-11-20,0.007697682211622148,0.029604771248421355,0.007697682211622148,0.05151186028522056
2023-11-21,-0.002179377490161727,-0.001640215663424433,-0.002179377490161727,-0.0011010538366871391
2023-11-22,0.0038608597009235357,0.020803060489876728,0.0038608597009235357,0.03774526127882992
2023-11-24,0.0006153893289779777,0.015670814972258435,0.0006153893289779777,0.030726240615538893
2023-11-27,-0.0018010342637182486,-0.018480304639621144,-0.0018010342637182486,-0.03515957501552404
2023-11-28,0.0009901591363701279,0.011251813052074532,0.0009901591363701279,0.021513466967778935
2023-11-29,-0.0007035102282297867,0.002730634609466842,-0.0007035102282297867,0.006164779447163471
2023-11-30,0.003937471768640233,-0.004760905512369478,0.003937471768640233,-0.013459282793379188
2023-12-01,0.005915893741904821,0.02460780269588485,0.005915893741904821,0.04329971164986488
2023-12-04,-0.005249295903725915,-0.01584426960831227,-0.005249295903725915,-0.026439243312898625
2023-12-05,-0.00019711475426964498,0.00906656966435793,-0.00019711475426964498,0.018330254082985505
2023-12-06,-0.004029786906304289,-0.018679151711616084,-0.004029786906304289,-0.03332851651692788
2023-12-07,0.007630274164991624,0.009708776972421548,0.007630274164991624,0.011787279779851473
2023-12-08,0.004299202041733841,0.03288794653273384,0.004299202041733841,0.061476691023733834
2023-12-11,0.0038895753063821203,-0.010653934307250958,0.0038895753063821203,-0.025197443920884036
2023-12-12,0.0045672645774959,0.005610589496972184,0.0045672645774959,0.006653914416448468
2023-12-13,0.013790099089211694,0.015232708436868254,0.013790099089211694,0.016675317784524815
2023-12-14,0.0032093506882475697,0.033774016756085816,0.0032093506882475697,0.06433868282392406
2023-12-15,-0.0016464727459567507,-0.0036703157424416884,-0.0016464727459567507,-0.005694158738926626
2023-12-18,0.005625070004372956,-0.007301693500658143,0.005625070004372956,-0.020228457005689243
2023-12-19,0.006080870307542563,0.004884471755954996,0.006080870307542563,0.003688073204367429
2023-12-20,-0.013857179182527157,-0.01462996414783501,-0.013857179182527157,-0.015402749113142865
2023-12-21,0.009481909607709449,0.020838266973426854,0.009481909607709449,0.03219462433914426
2023-12-22,0.0020096247908722997,0.00678989883522479,0.0020096247908722997,0.011570172879577281
2023-12-26,0.004222463633294149,0.011784693013859357,0.004222463633294149,0.019346922394424565
2023-12-27,0.0018081420699209705,0.006140952429201213,0.0018081420699209705,0.010473762788481455
2023-12-28,0.00037768439759822137,0.016389258427949208,0.00037768439759822137,0.032400832458300194
2023-12-29,-0.0028949026608005024,-0.015260005284560568,-0.0028949026608005024,-0.027625107908320633
2024-01-02,-0.005596340916772191,-0.03635770025711813,-0.005596340916772191,-0.06711905959746407
2024-01-03,-0.008166780323904277,-0.012362327531567364,-0.008166780323904277,-0.01655787473923045
2024-01-04,-0.0032209920762327204,0.0008156220592351695,-0.0032209920762327204,0.0048522361947030595
2024-01-05,0.001369589085797207,-0.00779859328568756,0.001369589085797207,-0.016966775657172327
2024-01-08,0.014276039883436953,0.044617924959557624,0.014276039883436953,0.0749598100356783
2024-01-09,-0.0015170809317607281,-0.006877563930280254,-0.0015170809317607281,-0.012238046928799779
2024-01-10,0.0056552648927739035,-0.0022767994742164998,0.0056552648927739035,-0.010208863841206903
2024-01-11,-0.0004405746842006675,-0.005936027170694593,-0.0004405746842006675,-0.011431479657188518
2024-01-12,0.0006927305894453006,0.0018933100692767372,0.0006927305894453006,0.0030938895491081737
2024-01-16,-0.0036711873135417683,-0.007128272036236736,-0.0036711873135417683,-0.010585356758931703
2024-01-17,-0.005558611884521447,0.00786008480823491,-0.005558611884521447,0.021278781500991266
2024-01-18,0.008892680130355934,0.02537696357299284,0.008892680130355934,0.041861247015629745
2024-01-19,0.012466143976723965,0.030508983283997367,0.012466143976723965,0.04855182259127077
2024-01-22,0.002114424192295239,-0.0026550126012505593,0.002114424192295239,-0.0074244493947963576
2024-01-23,0.002916521179126219,-0.006705947043215494,0.002916521179126219,-0.016328415265557207
2024-01-24,0.0010930948114631356,-0.003607811439101441,0.0010930948114631356,-0.008308717689666017
2024-01-25,0.0054389542281536585,-0.004750265339620498,0.0054389542281536585,-0.014939484907394654
2024-01-26,-0.0012705393339510485,-0.01512992287220981,-0.0012705393339510485,-0.02898930641046857
2024-01-29,0.007919534678977325,0.017609615268899828,0.007919534678977325,0.027299695858822328
2024-01-30,-0.0007734771742435864,-0.006664985951759348,-0.0007734771742435864,-0.01255649472927511
2024-01-31,-0.016317387556572194,-0.017890075083045402,-0.016317387556572194,-0.01946276260951861
2024-02-01,0.013088223351345185,0.009037084881667334,0.013088223351345185,0.004985946411989484
2024-02-02,0.010527389052944702,0.008339288852135075,0.010527389052944702,0.006151188651325446
2024-02-05,-0.0036412416975153405,0.007790323193801473,-0.0036412416975153405,0.019221888085118287
2024-02-06,0.0029033349273559494,0.0021706616516384124,0.0029033349273559494,0.0014379883759208759
2024-02-07,0.008340467416385389,0.025819357444427357,0.008340467416385389,0.043298247472469326
2024-02-08,0.0004416126710315993,0.20138910903216933,0.0004416126710315993,0.40233660539330707
2024-02-09,0.005779346733129076,0.009133036570944402,0.005779346733129076,0.012486726408759728
2024-02-12,-0.0004388812882269999,0.12744373127184713,-0.0004388812882269999,0.25532634383192127
2024-02-13,-0.01377309063207488,-0.08916930790306137,-0.01377309063207488,-0.16456552517404785
2024-02-14,0.00908766789289217,0.0282269164591195,0.00908766789289217,0.04736616502534683
2024-02-15,0.006899762297126744,0.026671786879627755,0.006899762297126744,0.04644381146212877
2024-02-16,-0.004979998774062189,-0.0190004396271227,-0.004979998774062189,-0.03302088048018321
2024-02-20,-0.005505327966968454,-0.023737760960746014,-0.005505327966968454,-0.041970193954523574
2024-02-21,0.0009058783573447915,0.006500769929906743,0.0009058783573447915,0.012095661502468694
2024-02-22,0.020695398132963172,0.029043587245711763,0.020695398132963172,0.03739177635846035
2024-02-23,0.0006896478630404879,0.017167924094292644,0.0006896478630404879,0.0336462003255448
2024-02-26,-0.0036625532242956504,0.0390868152918549,-0.0036625532242956504,0.08183618380800545
2024-02-27,0.001857754668721734,-0.019852172234451845,0.001857754668721734,-0.04156209913762542
2024-02-28,-0.0013216252536034645,-0.01382046410602188,-0.0013216252536034645,-0.026319302958440295
2024-02-29,0.003594989659594372,0.024782412546089955,0.003594989659594372,0.04596983543258554
2024-03-01,0.009388187530355419,0.006315390514869191,0.009388187530355419,0.003242593499382964
2024-03-04,-0.0010724009353858532,-0.009951213152094957,-0.0010724009353858532,-0.01883002536880406
2024-03-05,-0.009994101475497952,-0.01987924038274156,-0.009994101475497952,-0.029764379289985172
2024-03-06,0.005067288333287401,0.012610132093463566,0.005067288333287401,0.020152975853639732
2024-03-07,0.009926430576885803,0.018571308548614197,0.009926430576885803,0.027216186520342595
2024-03-08,-0.006002188754834714,-0.03303575273388821,-0.006002188754834714,-0.0600693167129417
2024-03-11,-0.0008599006643925655,-0.015844642035255707,-0.0008599006643925655,-0.030829383406118845
2024-03-12,0.010757244572247693,0.015488110588031857,0.010757244572247693,0.02021897660381602
2024-03-13,-0.0015673522125619899,0.0047335035239816576,-0.0015673522125619899,0.011034359260525305
2024-03-14,-0.001976796640318468,-0.0022697405711736797,-0.001976796640318468,-0.0025626845020288915
2024-03-15,-0.006866662962244363,-0.016214241663624125,-0.006866662962244363,-0.025561820365003887
2024-03-18,0.00594304676491908,0.013867503942713936,0.00594304676491908,0.021791961120508792
2024-03-19,0.005557377810510911,-0.014375362422295656,0.005557377810510911,-0.03430810265510222
2024-03-20,0.009249231124868196,0.029087038110112415,0.009249231124868196,0.048924845095356634
2024-03-21,0.0033048719188430997,0.00929325702680307,0.0033048719188430997,0.015281642134763039
2024-03-22,-0.0018959999350468548,-0.0014502685601663972,-0.0018959999350468548,-0.0010045371852859396
2024-03-25,-0.002762763215401809,0.018157801952989668,-0.002762763215401809,0.039078367121381144
2024-03-26,-0.00184710475805816,-0.029798474214804138,-0.00184710475805816,-0.057749843671550116
2024-03-27,0.008403847111814855,-0.004922496108174905,0.008403847111814855,-0.018248839328164665
2024-03-28,-0.00019116131571905726,-0.005267506524795956,-0.00019116131571905726,-0.010343851733872854
2024-04-01,-0.0017397932941282113,0.003418703256451253,-0.0017397932941282113,0.008577199807030717
2024-04-02,-0.006357960501966686,-0.010321757877351661,-0.006357960501966686,-0.014285555252736636
2024-04-03,0.0010983763017982096,0.0014977481230861712,0.0010983763017982096,0.0018971199443741328
2024-04-04,-0.012206089564221423,-0.017785266662910207,-0.012206089564221423,-0.023364443761598987
2024-04-05,0.010446988156640913,0.01768934637201377,0.010446988156640913,0.02493170458738662
2024-04-08,0.0005592439262651627,0.0141467286528088,0.0005592439262651627,0.02773421337935244
2024-04-09,0.0011567474883398265,-0.0071686732813974405,0.0011567474883398265,-0.015494094051134708
2024-04-10,-0.010013001449981629,-0.012825557696156106,-0.010013001449981629,-0.015638113942330584
2024-04-11,0.007546807585846249,0.025239356131180096,0.007546807585846249,0.04293190467651394
2024-04-12,-0.01380306612964366,-0.024313697310344082,-0.01380306612964366,-0.034824328491044505
2024-04-15,-0.012611831595440211,-0.021642431130055678,-0.012528154355805676,-0.03075670790430568
2024-04-16,-0.0018238494644389203,-0.000691067587073022,-0.0018238494644389203,0.0004417142902928763
2024-04-17,-0.007865183048789425,-0.05347272730675544,-0.005918157701306992,-0.10102729691220388
2024-04-18,-0.002152245338220385,-0.009980389643946683,-0.0020577277364434154,-0.01790305155144995
2024-04-19,-0.008728316588987761,-0.07165265141280332,-0.008728316588987761,-0.13457698623661887
2024-04-22,0.009209120574001473,0.03401210077977637,0.009209120574001473,0.05881508098555128
2024-04-23,0.011866667556695853,0.01726172450577814,0.011866667556695853,0.022656781454860424
2024-04-24,-0.00047460941365395914,0.01670676442771523,-0.00047460941365395914,0.03388813826908442
2024-04-25,-0.003798986612040367,-0.009858839915853708,-0.003798986612040367,-0.01591869321966705
2024-04-26,0.00947396486246821,0.02366593838138599,0.00947396486246821,0.03785791190030377
2024-04-29,0.003541475525250082,0.006111712045759017,0.003541475525250082,0.008681948566267953
2024-04-30,-0.015841221550222273,-0.017123758231286743,-0.015841221550222273,-0.018406294912351216
2024-05-01,-0.0032472500815430294,-0.022599820640162933,-0.0032472500815430294,-0.041952391198782836
2024-05-02,0.009353540218490775,0.017129140238186603,0.009353540218490775,0.024904740257882432
2024-05-03,0.012395240770761706,0.021933643326719467,0.012395240770761706,0.03147204588267723
2024-05-06,0.010326716773067401,0.02713395125930396,0.010326716773067401,0.04394118574554052
2024-05-07,0.001103384262938878,0.00509922973543944,0.001103384262938878,0.009095075207940001
2024-05-08,9.687601672347945e-05,-0.006124564722540164,9.687601672347945e-05,-0.012346005461803807
2024-05-09,0.0057618467228697234,-0.006015563782096382,0.0057618467228697234,-0.017792974287062488
2024-05-10,0.0012880715892593653,0.021111569086976076,0.0012880715892593653,0.040935066584692786
2024-05-13,0.0001341361952247322,0.034775699384200484,0.0001341361952247322,0.06941726257317624
2024-05-14,0.004588446527562295,0.0021636684737036667,0.004588446527562295,-0.0002611095801549621
2024-05-15,0.012382840029763198,-0.00662388025356858,0.012382840029763198,-0.025630600536900357
2024-05-16,-0.002057354781481502,-0.0006936283985441863,-0.002057354781481502,0.0006700979843931292
2024-05-17,0.0014376098550927807,-0.0077250291191401955,0.0014376098550927807,-0.016887668093373172
2024-05-20,0.001152087571373972,-0.00042093347291327935,0.001152087571373972,-0.0019939545172005307
2024-05-21,0.0024524412371011994,0.015443159251688142,0.0024524412371011994,0.028433877266275085
2024-05-22,-0.0028793122506064472,-0.011200361806532501,-0.0028793122506064472,-0.019521411362458555
2024-05-23,-0.007304266739596721,-0.0051980879204074695,-0.007304266739596721,-0.003091909101218218
2024-05-24,0.006616389864486871,0.012075483615482772,0.006616389864486871,0.017534577366478673
2024-05-28,0.0006989441056695078,0.039464071732910354,0.0006989441056695078,0.0782291993601512
2024-05-29,-0.0070025649278625535,-0.01862739159329946,-0.0070025649278625535,-0.03025221825873637
2024-05-30,-0.006633650998623786,-0.00034041165276840887,-0.006633650998623786,0.005952827693086968
2024-05-31,0.009107965990993394,0.0036238687492277984,0.009107965990993394,-0.0018602284925377975
2024-06-03,0.0008153054203150489,0.011341265923207808,0.0008153054203150489,0.021867226426100568
2024-06-04,0.0011180053197394901,-0.009121621321326248,0.0011180053197394901,-0.019361247962391987
2024-06-05,0.011885128868351469,0.02807166970778944,0.011885128868351469,0.04425821054722741
2024-06-06,-1.8774938745358405e-05,0.008486939594487824,-1.8774938745358405e-05,0.016992654127721007
2024-06-07,-0.00121572926263247,-0.016607112531157528,-0.00121572926263247,-0.031998495799682586
2024-06-10,0.0030900180100237318,0.0052984199691137315,0.0030900180100237318,0.007506821928203731
2024-06-11,0.00240806225949064,0.010027102058229454,0.00240806225949064,0.017646141856968268
2024-06-12,0.008213122695901465,0.018746901774373805,0.008213122695901465,0.02928068085284614
2024-06-13,0.002013577104811759,-0.00014897906598050886,0.002013577104811759,-0.0023115352367727767
2024-06-14,0.00060838793748208,-0.011254109550297056,0.00060838793748208,-0.023116607038076192
2024-06-17,0.007958798594057459,0.003956687909276491,0.007958798594057459,-4.542277550447643e-05
2024-06-18,0.002540737385946512,0.0008205457131822329,0.002540737385946512,-0.0008996459595820463
2024-06-20,-0.0027164077576312673,-0.00590056185829807,-0.0027164077576312673,-0.009084715958964873
2024-06-21,-0.0013405880030311623,0.0004887643414005424,-0.0013405880030311623,0.002318116685832247
2024-06-24,-0.0032509041227540836,-0.01263967733299396,-0.0032509041227540836,-0.022028450543233838
2024-06-25,0.0038508959296206235,0.010041711683947178,0.0038508959296206235,0.016232527438273733
2024-06-26,0.0012480604927769257,-0.0037524827576892825,0.0012480604927769257,-0.00875302600815549
2024-06-27,0.0015765591022249836,-0.000833676786547643,0.0015765591022249836,-0.0032439126753202696
2024-06-28,-0.003935079939771491,-0.0002876393034479366,-0.003935079939771491,0.0033598013328756176
2024-07-01,0.0020579935995610477,0.02215904042190997,0.0020579935995610477,0.04226008724425889
2024-07-02,0.0067296453585163896,0.055324622791172784,0.0067296453585163896,0.10391960022382918
2024-07-03,0.004462817102495853,0.002979610205137928,0.004462817102495853,0.0014964033077800032
2024-07-05,0.005766429946937324,-0.001531356485570623,0.005766429946937324,-0.00882914291807857
2024-07-08,0.0011537107836661065,-0.0005195106451184595,0.0011537107836661065,-0.0021927320739030254
2024-07-09,0.0009726294898351195,-0.014758852781125709,0.0009726294898351195,-0.030490335052086537
2024-07-10,0.009895191146199522,-0.0034813240596171524,0.009895191146199522,-0.016857839265433827
2024-07-11,-0.008622491731371862,0.002100853342385134,-0.008622491731371862,0.01282419841614213
2024-07-12,0.0063074529264053325,0.02847736789316979,0.0063074529264053325,0.05064728285993425
2024-07-15,0.0027501773520342,-0.004515196599292448,0.0027501773520342,-0.011780570550619096
2024-07-16,0.005930200280948483,-0.014436933284384668,0.005930200280948483,-0.03480406684971782
2024-07-17,-0.014021275678073652,-0.04413445367992952,-0.014021275678073652,-0.07424763168178539
2024-07-18,-0.007684751228427489,0.0016015677567479125,-0.007684751228427489,0.010887886741923314
2024-07-19,-0.006640735874323123,-0.012574018229872475,-0.006640735874323123,-0.018507300585421826
2024-07-22,0.010310034623385755,0.03166197609810262,0.010310034623385755,0.05301391757281948
2024-07-23,-0.0015686194535257103,-0.002912600694166323,-0.0015686194535257103,-0.004256581934806936
2024-07-24,-0.022662483843334247,-0.047371895215599924,-0.022662483843334247,-0.0720813065878656
2024-07-25,-0.005210210694705841,-0.00967420287604115,-0.005210210694705841,-0.014138195057376457
2024-07-26,0.011199449989288013,0.008016734585540197,0.011199449989288013,0.004834019181792382
2024-07-29,0.0005877769338020755,-0.01878886526001411,0.0005877769338020755,-0.038165507453830294
2024-07-30,-0.005066355590668814,-0.01537079806276137,-0.005066355590668814,-0.025675240534853927
2024-07-31,0.01625457652318274,0.028746726181210547,0.01625457652318274,0.041238875839238354
2024-08-01,-0.01416082217664505,-0.01915927257449851,-0.01416082217664505,-0.02415772297235197
2024-08-02,-0.018618494265672747,-0.02446585882602037,-0.018618494265672747,-0.030313223386367993
2024-08-05,-0.029123685760725992,-0.021248196069643233,-0.029123685760725992,-0.013372706378560473
2024-08-06,0.009219460937309965,-0.01695338081205794,0.009219460937309965,-0.04312622256142584
2024-08-07,-0.006683884274158003,-0.037098398561250856,-0.006683884274158003,-0.06751291284834371
2024-08-08,0.023117440937722833,0.0534802051319192,0.023117440937722833,0.08384296932611557
2024-08-09,0.004409571287776304,-0.016269903380858153,0.004409571287776304,-0.03694937804949261
2024-08-12,0.0005254262091594075,-0.0035173051058954297,0.0005254262091594075,-0.007560036420950267
2024-08-13,0.016445501789485117,0.027361983426447023,0.016445501789485117,0.03827846506340893
2024-08-14,0.0031547289402866774,0.005520874205702686,0.0031547289402866774,0.007887019471118695
2024-08-15,0.017140311879359382,0.014029650623852308,0.017140311879359382,0.010918989368345233
2024-08-16,0.0022420534476683684,-0.004549550024751325,0.0022420534476683684,-0.01134115349717102
2024-08-19,0.009561453343599036,-0.00031757610737281894,0.009561453343599036,-0.010196605558344674
2024-08-20,-0.0016262383783595125,0.005257519515765641,-0.0016262383783595125,0.012141277409890794
2024-08-21,0.0034366485968408966,0.018712134879358855,0.0034366485968408966,0.03398762116187681
2024-08-22,-0.007848485876450262,-0.007967124722438657,-0.007848485876450262,-0.008085763568427051
2024-08-23,0.010625309159478347,0.029944931420626375,0.010625309159478347,0.0492645536817744
2024-08-26,-0.0023838106519552538,-0.009214205424176614,-0.0023838106519552538,-0.016044600196397973
2024-08-27,0.0013730160726774798,0.007037363681603015,0.0013730160726774798,0.01270171129052855
2024-08-28,-0.005805154948376412,-0.027139870782252273,-0.005805154948376412,-0.048474586616128135
2024-08-29,8.938970873972885e-05,0.023290158327182175,8.938970873972885e-05,0.04649092694562462
2024-08-30,0.009546145677731488,0.015666679471179612,0.009546145677731488,0.021787213264627736
2024-09-03,-0.020578956177391472,-0.03111240038452462,-0.020578956177391472,-0.041645844591657766
2024-09-04,-0.0020469304654917586,-0.005629747090408643,-0.0020469304654917586,-0.009212563715325528
2024-09-05,-0.002432296274036183,0.013783843832040343,-0.002432296274036183,0.02999998393811687
2024-09-06,-0.0168301197560371,-0.02425563762760574,-0.0168301197560371,-0.031681155499174385
2024-09-09,0.011196301836637002,0.010963152032867685,0.011196301836637002,0.010730002229098368
2024-09-10,0.004355751434514721,-0.002956131957547181,0.004355751434514721,-0.010268015349609083
2024-09-11,0.010259091638515905,0.031505491452677115,0.010259091638515905,0.052751891266838324
2024-09-12,0.0084230982563267,0.0022072241903712264,0.0084230982563267,-0.004008649875584247
2024-09-13,0.005222853921053261,-0.0019165028219204627,0.005222853921053261,-0.009055859564894186
2024-09-16,0.001476749761579077,0.0012460866182754105,0.001476749761579077,0.001015423474971744
2024-09-17,0.0004086709349830908,0.023365770742947545,0.0004086709349830908,0.046322870550912
2024-09-18,-0.002965820655378981,0.012816657253658048,-0.002965820655378981,0.028599135162695077
2024-09-19,0.017064176896822048,0.01560087350448125,0.017064176896822048,0.014137570112140452
2024-09-20,-0.0017284997166697735,0.011604776405880424,-0.0017284997166697735,0.02493805252843062
2024-09-23,0.0024988883773886528,-0.007591406660039823,0.0024988883773886528,-0.0176817016974683
2024-09-24,0.002861370368871796,0.016507601218840984,0.002861370368871796,0.03015383206881017
2024-09-25,-0.0022056278051612033,0.005766945517403088,-0.0022056278051612033,0.01373951883996738
2024-09-26,0.003964710640578684,-0.008035327836607653,0.003964710640578684,-0.02003536631379399
2024-09-27,-0.0014503104645270382,0.0034841443486817725,-0.0014503104645270382,0.008418599161890583
2024-09-30,0.0040072655540939195,-0.0066427866508394495,0.0040072655540939195,-0.01729283885577282
2024-10-01,-0.008958331061065916,-0.004099894799747594,-0.008958331061065916,0.0007585414615707275
2024-10-02,0.0004219128364255642,0.013929294489318678,0.0004219128364255642,0.02743667614221179
2024-10-03,-0.0018280988066492476,-0.0032008417032415304,-0.0018280988066492476,-0.004573584599833813
2024-10-04,0.009087398447394923,0.040930211331898,0.009087398447394923,0.07277302421640108
2024-10-07,-0.009040705504844038,-0.01792180954731093,-0.009040705504844038,-0.02680291358977782
2024-10-08,0.009457645961693295,0.007071200821723744,0.009457645961693295,0.0046847556817541935
2024-10-09,0.006926622939449567,0.005088317601162351,0.006926622939449567,0.003250012262875135
2024-10-10,-0.0017501256071009719,-0.008621530931163801,-0.0017501256071009719,-0.01549293625522663
2024-10-11,0.005988197182801747,0.02695689115930111,0.005988197182801747,0.047925585135800475
2024-10-14,0.00817819790789942,0.015147138179765651,0.00817819790789942,0.022116078451631882
2024-10-15,-0.007769674992330833,-0.0018813954542391542,-0.007769674992330833,0.004006884083852524
2024-10-16,0.004346629168934912,0.016075163847439677,0.004346629168934912,0.027803698525944442
2024-10-17,8.56561672069045e-05,-0.006234684172950367,8.56561672069045e-05,-0.012555024513107638
2024-10-18,0.003846643268044403,0.032136983680350006,0.003846643268044403,0.06042732409265561
2024-10-21,-0.0016421837079351187,-0.015345185981267162,-0.0016421837079351187,-0.029048188254599205
2024-10-22,-0.0005312381628587159,-0.008286001559328404,-0.0005312381628587159,-0.016040764955798092
2024-10-23,-0.009137394444739488,-0.002045735745925481,-0.009137394444739488,0.005045922952888526
2024-10-24,0.0021628398893882572,0.0070031383106247125,0.0021628398893882572,0.011843436731861168
2024-10-25,-0.0003452904226192155,0.017384620627182656,-0.0003452904226192155,0.03511453167698453
2024-10-28,0.003091245512242047,-0.008778862817703015,0.003091245512242047,-0.020648971147648076
2024-10-29,0.0016184652678015166,0.013735924091631158,0.0016184652678015166,0.0258533829154608
2024-10-30,-0.0030254055467365815,0.20836010175722658,-0.0030254055467365815,0.41974560906118974
2024-10-31,-0.019602977349403528,0.004201096049705866,-0.019602977349403528,0.02800516944881526
2024-11-01,0.004220396830403761,-0.024377645395172176,0.004220396830403761,-0.05297568762074811
2024-11-04,-0.002153899837961104,-0.01855793974139014,-0.002153899837961104,-0.034961979644819174
2024-11-05,0.0120919419493708,0.06813897779446709,0.0120919419493708,0.12418601363956339
2024-11-06,0.02486554619862491,0.006354622379399988,0.02486554619862491,-0.012156301439824935
2024-11-07,0.007732177612600255,0.046647722658631374,0.007732177612600255,0.0855632677046625
2024-11-08,0.0043315951055544755,0.014947296898265239,0.0043315951055544755,0.025562998690976002
2024-11-11,0.0009529240006855844,-0.020183802087633873,0.0009529240006855844,-0.04132052817595333
2024-11-12,-0.0031064722137856826,-0.00727944432661376,-0.0031064722137856826,-0.011452416439441837
2024-11-13,0.00048579591900277386,0.017111772944212733,0.00048579591900277386,0.03373774996942269
2024-11-14,-0.006430142903016134,-0.003896552138729026,-0.006430142903016134,-0.0013629613744419178
2024-11-15,-0.012808494734805276,-0.03332268018754331,-0.012808494734805276,-0.05383686564028134
2024-11-18,0.0040973288821755105,0.020641385370086085,0.0040973288821755105,0.03718544185799666
2024-11-19,0.0036555348431992485,0.031730431626015076,0.0036555348431992485,0.059805328408830905
2024-11-20,0.0003388209806600706,-0.003074973316486318,0.0003388209806600706,-0.006488767613632707
2024-11-21,0.005368304715560823,0.0824889491511841,0.005368304715560823,0.15960959358680737
2024-11-22,0.0030993957655054416,-0.03436349600612271,0.0030993957655054416,-0.07182638777775086
2024-11-25,0.003391965367223193,-0.01456502615258709,0.003391965367223193,-0.032522017672397374
2024-11-26,0.005221569865871967,-0.019552687782649014,0.005221569865871967,-0.044326945431169995
2024-11-27,-0.003030059523226214,0.014818546876698258,-0.003030059523226214,0.03266715327662273
2024-11-29,0.006212011081421442,0.0054268038356140025,0.006212011081421442,0.0046415965898065625
2024-12-02,0.001792313166776749,0.004272362894273352,0.001792313166776749,0.006752412621769954
2024-12-03,0.00046405912858493714,0.029143362791835603,0.00046405912858493714,0.05782266645508627
2024-12-04,0.006209311063081646,0.01778794273274409,0.006209311063081646,0.02936657440240653
2024-12-05,-0.001645503085190847,-0.004518528697586566,-0.001645503085190847,-0.0073915543099822845
